state_0,state_1,state_2,state_3,state_4,state_5,state_6,state_7,state_8,state_9,state_10,state_11,state_12,state_13,state_14,state_15,state_16,state_17,state_18,state_19,state_20,state_21,state_22,state_23,state_24,state_25,state_26,state_27,state_28,state_29,state_30,action_0,action_1,action_2,action_3,action_4,action_5,action_6,action_7,action_8,action_9
-0.72000,0.00000,-1.00000,0.50000,0.00000,0.00000,1.00000,0.34350,1.00000,0.75000,0.00000,0.00000,1.00000,0.14667,-0.05719,-0.33333,-0.73601,-0.81333,-0.73601,-0.33333,-0.05719,1.00000,1.00000,1.00000,-0.40000,-1.00000,-1.00000,-1.00000,-1.00000,1.00000,1.00000,2,1,1,1,0,0,0,1,0,0
-0.70800,0.00000,-1.00000,0.50000,0.00000,0.00000,1.00000,0.34350,1.00000,0.75000,0.00000,0.00000,1.00000,0.13867,-0.05719,-0.33333,-0.72470,-0.80533,-0.72470,-0.33333,-0.05719,1.00000,1.00000,1.00000,-0.40000,-1.00000,-1.00000,-1.00000,-1.00000,1.00000,1.00000,2,1,1,1,0,0,0,1,0,0
-0.69600,0.00000,-1.00000,0.50000,0.00000,0.00000,1.00000,-0.22218,1.00000,0.75000,0.00000,0.00000,1.00000,0.13067,-0.05719,-0.33333,-0.71339,-0.79733,-0.71339,-0.33333,-0.05719,1.00000,1.00000,1.00000,-0.40000,-1.00000,-1.00000,-1.00000,-1.00000,1.00000,1.00000,2,1,1,1,0,0,0,1,0,0
-0.68400,0.00000,-1.00000,0.50000,0.00000,0.00000,1.00000,-0.22218,1.00000,0.75000,0.00000,0.00000,1.00000,0.12267,-0.05719,-0.33333,-0.70207,-0.78933,-0.70207,-0.33333,-0.05719,1.00000,1.00000,1.00000,-0.40000,-1.00000,-1.00000,-1.00000,-1.00000,1.00000,1.00000,2,1,1,1,0,0,0,1,0,0
-0.67200,0.00000,-1.00000,0.50000,0.00000,0.00000,1.00000,-0.22218,1.00000,0.75000,0.00000,0.00000,1.00000,0.11467,-0.05719,-0.33333,-0.69076,-0.78133,-0.69076,-0.33333,-0.05719,1.00000,1.00000,1.00000,-0.40000,-1.00000,-1.00000,-1.00000,-1.00000,1.00000,1.00000,2,1,1,1,0,0,0,1,0,0
-0.66000,0.00000,-1.00000,0.50000,0.00000,0.00000,1.00000,-0.22218,1.00000,0.75000,0.00000,0.00000,1.00000,0.10667,-0.05719,-0.33333,-0.67944,-0.77333,-0.67944,-0.33333,-0.05719,1.00000,1.00000,1.00000,-0.40000,-1.00000,-1.00000,-1.00000,-1.00000,1.00000,1.00000,2,1,1,1,0,0,0,1,0,0
-0.64800,0.00000,-1.00000,0.50000,0.00000,0.00000,1.00000,-0.22218,1.00000,0.75000,0.00000,0.00000,1.00000,0.09867,-0.05719,-0.33333,-0.66813,-0.76533,-0.66813,-0.33333,-0.05719,1.00000,1.00000,1.00000,-0.40000,-1.00000,-1.00000,-1.00000,-1.00000,1.00000,1.00000,2,1,1,1,0,0,0,1,0,0
-0.63600,0.00000,-1.00000,0.50000,0.00000,0.00000,1.00000,-0.22218,1.00000,0.75000,0.00000,0.00000,1.00000,0.09067,-0.05719,-0.33333,-0.65682,-0.75733,-0.65682,-0.33333,-0.05719,1.00000,1.00000,1.00000,-0.40000,-1.00000,-1.00000,-1.00000,-1.00000,1.00000,1.00000,2,1,1,1,0,0,0,1,0,0
-0.62400,0.00000,-1.00000,0.50000,0.00000,0.00000,1.00000,-0.22218,1.00000,0.75000,0.00000,0.00000,1.00000,0.08267,-0.05719,-0.33333,-0.64550,-0.74933,-0.64550,-0.33333,-0.05719,1.00000,1.00000,1.00000,-0.40000,-1.00000,-1.00000,-1.00000,-1.00000,1.00000,1.00000,2,1,1,1,0,0,0,1,0,0
-0.61200,0.00000,-1.00000,0.50000,0.00000,0.00000,1.00000,-0.22218,1.00000,0.75000,0.00000,0.00000,1.00000,0.07467,-0.05719,-0.33333,-0.63419,-0.74133,-0.63419,-0.33333,-0.05719,1.00000,1.00000,1.00000,-0.40000,-1.00000,-1.00000,-1.00000,-1.00000,1.00000,1.00000,2,1,1,1,0,0,0,1,0,0
-0.60000,0.00000,-1.00000,0.50000,0.00000,0.00000,1.00000,-0.22218,1.00000,0.75000,0.00000,0.00000,1.00000,0.06667,-0.05719,-0.33333,-0.62288,-0.73333,-0.62288,-0.33333,-0.05719,1.00000,1.00000,1.00000,-0.40000,-1.00000,-1.00000,-1.00000,-1.00000,1.00000,1.00000,2,1,1,1,0,0,0,1,0,0
-0.58800,0.00000,-1.00000,0.50000,0.00000,0.00000,1.00000,-0.22218,1.00000,0.75000,0.00000,0.00000,1.00000,0.05867,-0.05719,-0.33333,-0.61156,-0.72533,-0.61156,-0.33333,-0.05719,1.00000,1.00000,1.00000,-0.40000,-1.00000,-1.00000,-1.00000,-1.00000,1.00000,1.00000,2,1,1,1,0,0,0,1,0,0
-0.57600,0.00000,-1.00000,0.50000,0.00000,0.00000,1.00000,-0.22218,1.00000,0.75000,0.00000,0.00000,1.00000,0.05067,-0.05719,-0.33333,-0.60025,-0.71733,-0.60025,-0.33333,-0.05719,1.00000,1.00000,1.00000,-0.40000,-1.00000,-1.00000,-1.00000,-1.00000,1.00000,1.00000,2,1,1,1,0,0,0,1,0,0
-0.56400,0.00000,-1.00000,0.50000,0.00000,0.00000,1.00000,-0.22218,1.00000,0.75000,0.00000,0.00000,1.00000,0.04267,-0.05719,-0.33333,-0.58894,-0.70933,-0.58894,-0.33333,-0.05719,1.00000,1.00000,1.00000,-0.40000,-1.00000,-1.00000,-1.00000,-1.00000,1.00000,1.00000,2,1,1,1,0,0,0,1,0,0
-0.55200,0.00000,-1.00000,0.50000,0.00000,0.00000,1.00000,-0.22218,1.00000,0.75000,0.00000,0.00000,1.00000,0.03467,-0.05719,-0.33333,-0.57762,-0.70133,-0.57762,-0.33333,-0.05719,1.00000,1.00000,1.00000,-0.40000,-1.00000,-1.00000,-1.00000,-1.00000,1.00000,1.00000,2,1,1,1,0,0,0,1,0,0
-0.54000,0.00000,-1.00000,0.50000,0.00000,0.00000,1.00000,-0.22218,1.00000,0.75000,0.00000,0.00000,1.00000,0.02667,-0.05719,-0.33333,-0.56631,-0.69333,-0.56631,-0.33333,-0.05719,1.00000,1.00000,1.00000,-0.40000,-1.00000,-1.00000,-1.00000,-1.00000,1.00000,1.00000,2,1,1,1,0,0,0,1,0,0
-0.52800,0.00000,-1.00000,0.50000,0.00000,0.00000,1.00000,-0.22218,1.00000,0.75000,0.00000,0.00000,1.00000,0.01867,-0.05719,-0.33333,-0.55499,-0.68533,-0.55499,-0.33333,-0.05719,1.00000,1.00000,1.00000,-0.40000,-1.00000,-1.00000,-1.00000,-1.00000,1.00000,1.00000,2,1,1,1,0,0,0,1,0,0
-0.51600,0.00000,-1.00000,0.50000,0.00000,0.00000,1.00000,-0.22218,1.00000,0.75000,0.00000,0.00000,1.00000,0.01067,-0.05719,-0.33333,-0.54368,-0.67733,-0.54368,-0.33333,-0.05719,1.00000,1.00000,1.00000,-0.40000,-1.00000,-1.00000,-1.00000,-1.00000,1.00000,1.00000,2,1,1,1,0,0,0,1,0,0
-0.50400,0.00000,-1.00000,0.50000,0.00000,0.00000,1.00000,-0.22218,1.00000,0.75000,0.00000,0.00000,1.00000,0.00267,-0.05719,-0.33333,-0.53237,-0.66933,-0.53237,-0.33333,-0.05719,1.00000,1.00000,1.00000,-0.40000,-1.00000,-1.00000,-1.00000,-1.00000,1.00000,1.00000,2,1,1,1,0,0,0,1,0,0
-0.49200,0.00000,-1.00000,0.50000,0.00000,0.00000,1.00000,-0.22218,1.00000,0.75000,0.00000,0.00000,1.00000,-0.00533,-0.05719,-0.33333,-0.52105,-0.66133,-0.52105,-0.33333,-0.05719,1.00000,1.00000,1.00000,-0.40000,-1.00000,-1.00000,-1.00000,-1.00000,1.00000,1.00000,2,1,1,1,0,0,0,1,0,0
-0.48000,0.00000,-1.00000,0.50000,0.00000,0.00000,1.00000,-0.22218,1.00000,0.75000,0.00000,0.00000,1.00000,-0.01333,-0.05719,-0.33333,-0.50974,-0.65333,-0.50974,-0.33333,-0.05719,1.00000,1.00000,1.00000,-0.40000,-1.00000,-1.00000,-1.00000,-1.00000,1.00000,1.00000,2,1,1,1,0,0,0,1,0,0
-0.46800,0.00000,-1.00000,0.50000,0.00000,0.00000,1.00000,-0.22218,1.00000,0.75000,0.00000,0.00000,1.00000,-0.02133,-0.05719,-0.33333,-0.49843,-0.64533,-0.49843,-0.33333,-0.05719,1.00000,1.00000,1.00000,-0.40000,-1.00000,-1.00000,-1.00000,-1.00000,1.00000,1.00000,2,1,1,1,0,0,0,1,0,0
-0.45600,0.00000,-1.00000,0.50000,0.00000,0.00000,1.00000,-0.22218,1.00000,0.75000,0.00000,0.00000,1.00000,-0.02933,-0.05719,-0.33333,-0.48711,-0.63733,-0.48711,-0.33333,-0.05719,1.00000,1.00000,1.00000,-0.40000,-1.00000,-1.00000,-1.00000,-1.00000,1.00000,1.00000,2,1,1,1,0,0,0,1,0,0
-0.44400,0.00000,-1.00000,0.50000,0.00000,0.00000,1.00000,-0.22218,1.00000,0.75000,0.00000,0.00000,1.00000,-0.03733,-0.05719,-0.33333,-0.47580,-0.62933,-0.47580,-0.33333,-0.05719,1.00000,1.00000,1.00000,-0.40000,-1.00000,-1.00000,-1.00000,-1.00000,1.00000,1.00000,2,1,1,1,0,0,0,1,0,0
-0.43200,0.00000,-1.00000,0.50000,0.00000,0.00000,1.00000,-0.22218,1.00000,0.75000,0.00000,0.00000,1.00000,-0.04533,-0.05719,-0.33333,-0.46448,-0.62133,-0.46448,-0.33333,-0.05719,1.00000,1.00000,1.00000,-0.40000,-1.00000,-1.00000,-1.00000,-1.00000,1.00000,1.00000,2,1,1,1,0,0,0,1,0,0
-0.42000,0.00000,-1.00000,0.50000,0.00000,0.00000,1.00000,-0.22218,1.00000,0.75000,0.00000,0.00000,1.00000,-0.05333,-0.05719,-0.33333,-0.45317,-0.61333,-0.45317,-0.33333,-0.05719,1.00000,1.00000,1.00000,-0.40000,-1.00000,-1.00000,-1.00000,-1.00000,1.00000,1.00000,2,1,1,1,0,0,0,1,0,0
-0.40800,0.00000,-1.00000,0.50000,0.00000,0.00000,1.00000,-0.22218,1.00000,0.75000,0.00000,0.00000,1.00000,-0.06133,-0.05719,-0.33333,-0.44186,-0.60533,-0.44186,-0.33333,-0.05719,1.00000,1.00000,1.00000,-0.40000,-1.00000,-1.00000,-1.00000,-1.00000,1.00000,1.00000,2,1,1,1,0,0,0,1,0,0
-0.39600,0.00000,-1.00000,0.50000,0.00000,0.00000,1.00000,-0.57574,1.00000,0.75000,0.00000,0.00000,1.00000,-0.06933,-0.05719,-0.33333,-0.43054,-0.59733,-0.43054,-0.33333,-0.05719,1.00000,1.00000,1.00000,-0.40000,-1.00000,-1.00000,-1.00000,-1.00000,1.00000,1.00000,2,1,1,1,0,0,0,1,0,0
-0.38400,0.00000,-1.00000,0.50000,0.00000,0.00000,1.00000,-0.57574,1.00000,0.75000,0.00000,0.00000,1.00000,-0.07733,-0.05719,-0.33333,-0.41923,-0.58933,-0.41923,-0.33333,-0.05719,1.00000,1.00000,1.00000,-0.40000,-1.00000,-1.00000,-1.00000,-1.00000,1.00000,1.00000,2,1,1,1,0,0,0,1,0,0
-0.37200,0.00000,-1.00000,0.50000,0.00000,0.00000,1.00000,-0.57574,1.00000,0.75000,0.00000,0.00000,1.00000,-0.08533,-0.05719,-0.33333,-0.40792,-0.58133,-0.40792,-0.33333,-0.05719,1.00000,1.00000,1.00000,-0.40000,-1.00000,-1.00000,-1.00000,-1.00000,1.00000,1.00000,2,1,1,1,0,0,0,1,0,0
-0.36000,0.00000,-1.00000,0.50000,0.00000,0.00000,1.00000,-0.57574,1.00000,0.75000,0.00000,0.00000,1.00000,-0.09333,-0.05719,-0.33333,-0.39660,-0.57333,-0.39660,-0.33333,-0.05719,1.00000,1.00000,1.00000,-0.40000,-1.00000,-1.00000,-1.00000,-1.00000,1.00000,1.00000,2,1,1,1,0,0,0,1,0,0
-0.34800,0.00000,-1.00000,0.50000,0.00000,0.00000,1.00000,-0.57574,1.00000,0.75000,0.00000,0.00000,1.00000,-0.10133,-0.05719,-0.33333,-0.38529,-0.56533,-0.38529,-0.33333,-0.05719,1.00000,1.00000,1.00000,-0.40000,-1.00000,-1.00000,-1.00000,-1.00000,1.00000,1.00000,2,1,1,1,0,0,0,1,0,0
-0.33600,0.00000,-1.00000,0.50000,0.00000,0.00000,1.00000,-0.57574,1.00000,0.75000,0.00000,0.00000,1.00000,-0.10933,-0.05719,-0.33333,-0.37397,-0.55733,-0.37397,-0.33333,-0.05719,1.00000,1.00000,1.00000,-0.40000,-1.00000,-1.00000,-1.00000,-1.00000,1.00000,1.00000,2,1,1,1,0,0,0,1,0,0
-0.32400,0.00000,-1.00000,0.50000,0.00000,0.00000,1.00000,-0.57574,1.00000,0.75000,0.00000,0.00000,1.00000,-0.11733,-0.05719,-0.33333,-0.36266,-0.54933,-0.36266,-0.33333,-0.05719,1.00000,1.00000,1.00000,-0.40000,-1.00000,-1.00000,-1.00000,-1.00000,1.00000,1.00000,2,1,1,1,0,0,0,1,0,0
-0.31200,0.00000,-1.00000,0.50000,0.00000,0.00000,1.00000,-0.57574,1.00000,0.75000,0.00000,0.00000,1.00000,-0.12533,-0.05719,-0.33333,-0.35135,-0.54133,-0.35135,-0.33333,-0.05719,1.00000,1.00000,1.00000,-0.40000,-1.00000,-1.00000,-1.00000,-1.00000,1.00000,1.00000,2,1,1,1,0,0,0,1,0,0
-0.30000,0.00000,-1.00000,0.50000,0.00000,0.00000,1.00000,-0.57574,1.00000,0.75000,0.00000,0.00000,1.00000,-0.13333,-0.05719,-0.33333,-0.34003,-0.53333,-0.34003,-0.33333,-0.05719,1.00000,1.00000,1.00000,-0.40000,-1.00000,-1.00000,-1.00000,-1.00000,1.00000,1.00000,2,1,1,1,0,0,0,1,0,0
-0.28800,0.00000,-1.00000,0.50000,0.00000,0.00000,1.00000,-0.57574,1.00000,0.75000,0.00000,0.00000,1.00000,-0.14133,-0.05719,-0.33333,-0.32872,-0.52533,-0.32872,-0.33333,-0.05719,1.00000,1.00000,1.00000,-0.40000,-1.00000,-1.00000,-1.00000,-1.00000,1.00000,1.00000,2,1,1,1,0,0,0,1,0,0
-0.27600,0.00000,-1.00000,0.50000,0.00000,0.00000,1.00000,-0.57574,1.00000,0.75000,0.00000,0.00000,1.00000,-0.14933,-0.05719,-0.33333,-0.31741,-0.51733,-0.31741,-0.33333,-0.05719,1.00000,1.00000,1.00000,-0.40000,-1.00000,-1.00000,-1.00000,-1.00000,1.00000,1.00000,2,1,1,1,0,0,0,1,0,0
-0.26400,0.00000,-1.00000,0.50000,0.00000,0.00000,1.00000,-0.57574,1.00000,0.75000,0.00000,0.00000,1.00000,-0.15733,-0.05719,-0.33333,-0.30609,-0.50933,-0.30609,-0.33333,-0.05719,1.00000,1.00000,1.00000,-0.40000,-1.00000,-1.00000,-1.00000,-1.00000,1.00000,1.00000,2,1,1,1,0,0,0,1,0,0
-0.25200,0.00000,-1.00000,0.50000,0.00000,0.00000,1.00000,-0.57574,1.00000,0.75000,0.00000,0.00000,1.00000,-0.16533,-0.05719,-0.33333,-0.29478,-0.50133,-0.29478,-0.33333,-0.05719,1.00000,1.00000,1.00000,-0.40000,-1.00000,-1.00000,-1.00000,-1.00000,1.00000,1.00000,2,1,1,1,0,0,0,1,0,0
-0.24000,0.00000,-1.00000,0.50000,0.00000,0.00000,1.00000,-0.57574,1.00000,0.75000,0.00000,0.00000,1.00000,-0.17333,-0.05719,-0.33333,-0.28347,-0.49333,-0.28347,-0.33333,-0.05719,1.00000,1.00000,1.00000,-0.40000,-1.00000,-1.00000,-1.00000,-1.00000,1.00000,1.00000,2,1,1,1,0,0,0,1,0,0
-0.22800,0.00000,-1.00000,0.50000,0.00000,0.00000,1.00000,-0.57574,1.00000,0.75000,0.00000,0.00000,1.00000,-0.18133,-0.05719,-0.33333,-0.27215,-0.48533,-0.27215,-0.33333,-0.05719,1.00000,1.00000,1.00000,-0.40000,-1.00000,-1.00000,-1.00000,-1.00000,1.00000,1.00000,2,1,1,0,0,0,0,1,0,0
-0.21600,0.00000,-1.00000,0.50000,-0.08488,0.00000,1.00000,-0.57574,1.00000,0.75000,0.00000,0.00000,1.00000,-0.18933,-0.05719,-0.33333,-0.26084,-0.47733,-0.26084,-0.33333,-0.05719,1.00000,1.00000,1.00000,-0.40000,-1.00000,-1.00000,-1.00000,-1.00000,1.00000,1.00000,2,1,1,2,0,0,0,1,0,0
-0.20400,0.00000,-1.00000,0.50000,-0.00000,0.00000,1.00000,-0.57574,1.00000,0.75000,0.00000,0.00000,1.00000,-0.19733,-0.05719,-0.33333,-0.24952,-0.46933,-0.24952,-0.33333,-0.05719,1.00000,1.00000,1.00000,-0.40000,-1.00000,-1.00000,-1.00000,-1.00000,1.00000,1.00000,2,1,1,0,0,0,0,1,0,0
-0.19200,0.00000,-1.00000,0.50000,-0.08488,0.00000,1.00000,-0.78787,1.00000,0.75000,0.00000,0.00000,1.00000,-0.20533,-0.05719,-0.33333,-0.23821,-0.46133,-0.23821,-0.33333,-0.05719,1.00000,1.00000,1.00000,-0.40000,-1.00000,-1.00000,-1.00000,-1.00000,1.00000,1.00000,2,1,1,2,0,0,0,1,0,0
-0.18000,0.00000,-1.00000,0.50000,-0.00000,0.00000,1.00000,-0.78787,1.00000,0.75000,0.00000,0.00000,1.00000,-0.21333,-0.05719,-0.33333,-0.22690,-0.45333,-0.22690,-0.33333,-0.05719,1.00000,1.00000,1.00000,-0.40000,-1.00000,-1.00000,-1.00000,-1.00000,1.00000,1.00000,2,1,1,0,0,0,0,1,0,0
-0.16800,0.00000,-1.00000,0.50000,-0.08488,0.00000,1.00000,-0.78787,1.00000,0.75000,0.00000,0.00000,1.00000,-0.22133,-0.05719,-0.33333,-0.21558,-0.44533,-0.21558,-0.33333,-0.05719,1.00000,1.00000,1.00000,-0.40000,-1.00000,-1.00000,-1.00000,-1.00000,1.00000,1.00000,2,1,1,2,0,0,0,1,0,0
-0.15600,0.00000,-1.00000,0.50000,-0.00000,0.00000,1.00000,-0.78787,1.00000,0.75000,0.00000,-0.00952,0.99995,-0.22933,-0.05719,-0.33333,-0.20427,-0.43733,-0.20427,-0.33333,-0.05719,1.00000,1.00000,1.00000,-0.40000,-1.00000,-1.00000,-1.00000,-1.00000,1.00000,1.00000,1,0,1,0,0,0,0,1,0,0
-0.15600,0.01200,-1.00000,0.50000,-0.08488,0.00000,1.00000,-0.78787,1.00000,0.75000,0.00000,-0.00952,0.99995,-0.22933,-0.04588,-0.32533,-0.20427,-0.43733,-0.20427,-0.34133,-0.06850,1.00000,1.00000,1.00000,-0.40000,-1.00000,-1.00000,-1.00000,-1.00000,1.00000,1.00000,1,0,1,2,0,0,0,1,0,0
-0.15600,0.02400,-1.00000,0.50000,-0.00000,0.00000,1.00000,-0.78787,1.00000,0.75000,0.00000,-0.00952,0.99995,-0.22933,-0.03456,-0.31733,-0.20427,-0.43733,-0.20427,-0.34933,-0.07982,1.00000,1.00000,1.00000,-0.40000,-1.00000,-1.00000,-1.00000,-1.00000,1.00000,1.00000,1,0,1,0,0,0,0,1,0,0
-0.15600,0.03600,-1.00000,0.50000,-0.08488,0.00000,1.00000,-0.78787,1.00000,0.75000,0.00000,-0.00952,0.99995,-0.22933,-0.02325,-0.30933,-0.20427,-0.43733,-0.20427,-0.35733,-0.09113,1.00000,1.00000,1.00000,-0.40000,-1.00000,-1.00000,-1.00000,-1.00000,1.00000,1.00000,1,0,1,2,0,0,0,1,0,0
-0.15600,0.04800,-1.00000,0.50000,-0.00000,0.00000,1.00000,-0.78787,1.00000,0.75000,0.00000,-0.00952,0.99995,-0.22933,-0.01194,-0.30133,-0.20427,-0.43733,-0.20427,-0.36533,-0.10245,1.00000,1.00000,1.00000,-0.40000,-1.00000,-1.00000,-1.00000,-1.00000,1.00000,1.00000,1,0,1,0,0,0,0,1,0,0
-0.15600,0.06000,-1.00000,0.50000,-0.08488,0.00000,1.00000,-0.78787,1.00000,0.75000,0.00000,-0.00952,0.99995,-0.22933,-0.00062,-0.29333,-0.20427,-0.43733,-0.20427,-0.37333,-0.11376,1.00000,1.00000,1.00000,-0.40000,-1.00000,-1.00000,-1.00000,-1.00000,1.00000,1.00000,1,0,1,2,0,0,0,1,0,0
-0.15600,0.07200,-1.00000,0.50000,-0.00000,0.00000,1.00000,-0.78787,1.00000,0.75000,0.00000,-0.00952,0.99995,-0.22933,0.01069,-0.28533,-0.20427,-0.43733,-0.20427,-0.38133,-0.12507,1.00000,1.00000,1.00000,-0.40000,-1.00000,-1.00000,-1.00000,-1.00000,1.00000,1.00000,1,0,1,0,0,0,0,1,0,0
-0.15600,0.08400,-1.00000,0.50000,-0.08488,0.00000,1.00000,-0.78787,1.00000,0.75000,0.00000,-0.00952,0.99995,-0.22933,0.02201,-0.27733,-0.20427,-0.43733,-0.20427,-0.38933,-0.13639,1.00000,1.00000,1.00000,-0.40000,-1.00000,-1.00000,-1.00000,-1.00000,1.00000,1.00000,1,0,1,2,0,0,0,1,0,0
-0.15600,0.09600,-1.00000,0.50000,-0.00000,0.00000,1.00000,-0.78787,1.00000,0.75000,0.00000,-0.00952,0.99995,-0.22933,0.03332,-0.26933,-0.20427,-0.43733,-0.20427,-0.39733,-0.14770,1.00000,1.00000,1.00000,-0.40000,-1.00000,-1.00000,-1.00000,-1.00000,1.00000,1.00000,1,0,1,0,0,0,0,1,0,0
-0.15600,0.10800,-1.00000,0.50000,-0.08488,0.00000,1.00000,-0.78787,1.00000,0.75000,0.00000,-0.00952,0.99995,-0.22933,0.04463,-0.26133,-0.20427,-0.43733,-0.20427,-0.40533,-0.15901,1.00000,1.00000,1.00000,-0.40000,-1.00000,-1.00000,-1.00000,-1.00000,1.00000,1.00000,1,0,1,2,0,0,0,1,0,0
-0.15600,0.12000,-1.00000,0.50000,-0.00000,0.00000,1.00000,-0.78787,1.00000,0.75000,0.00000,0.04758,0.99887,-0.22933,0.05595,-0.25333,-0.20427,-0.43733,-0.20427,-0.41333,-0.17033,1.00000,1.00000,1.00000,-0.40000,-1.00000,-1.00000,-1.00000,-1.00000,1.00000,1.00000,1,2,2,0,0,0,0,1,0,0
-0.15735,0.10809,-1.00000,0.55730,-0.08488,0.00000,1.00000,-0.78787,1.00000,0.75000,0.00000,-0.13189,0.99126,-0.21577,-0.10161,-0.24914,-0.31681,-0.42901,-0.27688,-0.39563,-0.06167,1.00000,1.00000,1.00000,-0.40000,-1.00000,-1.00000,-1.00000,-1.00000,1.00000,1.00000,1,2,0,2,0,0,0,1,0,0
-0.15815,0.09613,-1.00000,0.50000,-0.00000,0.00000,1.00000,-0.78787,1.00000,0.75000,0.00000,0.04776,0.99886,-0.22790,0.03344,-0.26924,-0.20630,-0.43877,-0.20630,-0.39742,-0.14783,1.00000,1.00000,1.00000,-0.40000,-1.00000,-1.00000,-1.00000,-1.00000,1.00000,1.00000,1,2,2,0,0,0,0,1,0,0
-0.15950,0.08422,-1.00000,0.55730,-0.08488,0.00000,1.00000,-0.78787,1.00000,0.75000,0.00000,-0.13171,0.99129,-0.21431,-0.12096,-0.26531,-0.31856,-0.43046,-0.25753,-0.37946,-0.05993,1.00000,1.00000,1.00000,-0.40000,-1.00000,-1.00000,-1.00000,-1.00000,1.00000,1.00000,1,2,0,2,0,0,0,1,0,0
-0.16031,0.07227,-1.00000,0.50000,-0.00000,0.00000,1.00000,-0.78787,1.00000,0.75000,0.00000,0.04794,0.99885,-0.22646,0.01094,-0.28516,-0.20833,-0.44021,-0.20833,-0.38151,-0.12532,1.00000,1.00000,1.00000,-0.40000,-1.00000,-1.00000,-1.00000,-1.00000,1.00000,1.00000,1,2,2,0,0,0,0,1,0,0
-0.16165,0.06036,-1.00000,0.55730,-0.08488,0.00000,1.00000,-0.78787,1.00000,0.75000,0.00000,-0.13153,0.99131,-0.21285,-0.14031,-0.28149,-0.32030,-0.43192,-0.23818,-0.36328,-0.05818,1.00000,1.00000,1.00000,-0.40000,-1.00000,-1.00000,-1.00000,-1.00000,1.00000,1.00000,1,2,0,2,0,0,0,1,0,0
-0.16246,0.04840,-1.00000,0.50000,-0.00000,0.00000,1.00000,-0.78787,1.00000,0.75000,0.00000,0.04812,0.99884,-0.22503,-0.01156,-0.30107,-0.21036,-0.44164,-0.21036,-0.36560,-0.10282,1.00000,1.00000,1.00000,-0.40000,-1.00000,-1.00000,-1.00000,-1.00000,1.00000,1.00000,1,2,2,0,0,0,0,1,0,0
-0.16381,0.03649,-1.00000,0.55730,-0.08488,0.00000,1.00000,-0.78787,1.00000,0.75000,0.00000,-0.13135,0.99134,-0.21139,-0.15966,-0.29766,-0.32205,-0.43338,-0.21883,-0.34711,-0.05643,1.00000,1.00000,1.00000,-0.40000,-1.00000,-1.00000,-1.00000,-1.00000,1.00000,1.00000,1,2,0,2,0,0,0,1,0,0
-0.16462,0.02453,-1.00000,0.50000,-0.00000,0.00000,1.00000,-0.78787,1.00000,0.75000,0.00000,0.04830,0.99883,-0.22359,-0.03406,-0.31698,-0.21239,-0.44308,-0.21239,-0.34969,-0.08032,1.00000,1.00000,1.00000,-0.40000,-1.00000,-1.00000,-1.00000,-1.00000,1.00000,1.00000,1,2,2,0,0,0,0,1,0,0
-0.16596,0.01262,-1.00000,0.55730,-0.08488,0.00000,1.00000,-0.78787,1.00000,0.75000,0.00000,-0.13118,0.99136,-0.20993,-0.17901,-0.31383,-0.32380,-0.43484,-0.19948,-0.33094,-0.05469,1.00000,1.00000,1.00000,-0.40000,-1.00000,-1.00000,-1.00000,-1.00000,1.00000,1.00000,2,1,0,2,0,0,0,1,0,0
-0.15400,0.01182,-1.00000,0.50000,-0.00000,0.00000,1.00000,-0.78787,1.00000,0.75000,0.00000,0.04777,0.99886,-0.23066,-0.04605,-0.32546,-0.20239,-0.43600,-0.20239,-0.34121,-0.06833,1.00000,1.00000,1.00000,-0.40000,-1.00000,-1.00000,-1.00000,-1.00000,1.00000,1.00000,1,2,2,0,0,0,0,1,0,0
-0.15535,-0.00009,-1.00000,0.55730,-0.08488,0.00000,1.00000,-0.78787,1.00000,0.75000,0.00000,-0.18975,0.98183,-0.21712,-0.18932,-0.32245,-0.31519,-0.42765,-0.18917,-0.32232,-0.06329,1.00000,1.00000,1.00000,-0.40000,-1.00000,-1.00000,-1.00000,-1.00000,1.00000,1.00000,1,0,0,2,0,0,0,1,0,0
-0.15454,0.01186,-1.00000,0.50000,-0.00000,0.00000,1.00000,-0.78787,1.00000,0.75000,0.00000,-0.01108,0.99994,-0.23031,-0.04600,-0.32542,-0.20289,-0.43636,-0.20289,-0.34124,-0.06838,1.00000,1.00000,1.00000,-0.40000,-1.00000,-1.00000,-1.00000,-1.00000,1.00000,1.00000,1,0,1,0,0,0,0,1,0,0
-0.15454,0.02386,-1.00000,0.50000,-0.08488,0.00000,1.00000,-0.78787,1.00000,0.75000,0.00000,-0.01108,0.99994,-0.23031,-0.03469,-0.31742,-0.20289,-0.43636,-0.20289,-0.34924,-0.07969,1.00000,1.00000,1.00000,-0.40000,-1.00000,-1.00000,-1.00000,-1.00000,1.00000,1.00000,1,0,1,2,0,0,0,1,0,0
-0.15454,0.03586,-1.00000,0.50000,-0.00000,0.00000,1.00000,-0.78787,1.00000,0.75000,0.00000,-0.01108,0.99994,-0.23031,-0.02338,-0.30942,-0.20289,-0.43636,-0.20289,-0.35724,-0.09100,1.00000,1.00000,1.00000,-0.40000,-1.00000,-1.00000,-1.00000,-1.00000,1.00000,1.00000,1,0,1,0,0,0,0,1,0,0
-0.15454,0.04786,-1.00000,0.50000,-0.08488,0.00000,1.00000,-0.78787,1.00000,0.75000,0.00000,-0.01108,0.99994,-0.23031,-0.01206,-0.30142,-0.20289,-0.43636,-0.20289,-0.36524,-0.10232,1.00000,1.00000,1.00000,-0.40000,-1.00000,-1.00000,-1.00000,-1.00000,1.00000,1.00000,1,0,1,2,0,0,0,1,0,0
-0.15454,0.05986,-1.00000,0.50000,-0.00000,0.00000,1.00000,-0.78787,1.00000,0.75000,0.00000,-0.01108,0.99994,-0.23031,-0.00075,-0.29342,-0.20289,-0.43636,-0.20289,-0.37324,-0.11363,1.00000,1.00000,1.00000,-0.40000,-1.00000,-1.00000,-1.00000,-1.00000,1.00000,1.00000,1,0,1,0,0,0,0,1,0,0
-0.15454,0.07186,-1.00000,0.50000,-0.08488,0.00000,1.00000,-0.78787,1.00000,0.75000,0.00000,-0.01108,0.99994,-0.23031,0.01056,-0.28542,-0.20289,-0.43636,-0.20289,-0.38124,-0.12495,1.00000,1.00000,1.00000,-0.40000,-1.00000,-1.00000,-1.00000,-1.00000,1.00000,1.00000,1,0,1,2,0,0,0,1,0,0
-0.15454,0.08386,-1.00000,0.50000,-0.00000,0.00000,1.00000,-0.78787,1.00000,0.75000,0.00000,-0.01108,0.99994,-0.23031,0.02188,-0.27742,-0.20289,-0.43636,-0.20289,-0.38924,-0.13626,1.00000,1.00000,1.00000,-0.40000,-1.00000,-1.00000,-1.00000,-1.00000,1.00000,1.00000,1,0,1,0,0,0,0,1,0,0
-0.15454,0.09586,-1.00000,0.50000,-0.08488,0.00000,1.00000,-0.78787,1.00000,0.75000,0.00000,-0.01108,0.99994,-0.23031,0.03319,-0.26942,-0.20289,-0.43636,-0.20289,-0.39724,-0.14757,1.00000,1.00000,1.00000,-0.40000,-1.00000,-1.00000,-1.00000,-1.00000,1.00000,1.00000,1,0,1,2,0,0,0,1,0,0
-0.15454,0.10786,-1.00000,0.50000,-0.00000,0.00000,1.00000,-0.78787,1.00000,0.75000,0.00000,-0.01108,0.99994,-0.23031,0.04450,-0.26142,-0.20289,-0.43636,-0.20289,-0.40524,-0.15889,1.00000,1.00000,1.00000,-0.40000,-1.00000,-1.00000,-1.00000,-1.00000,1.00000,1.00000,1,0,1,0,0,0,0,1,0,0
-0.15454,0.11986,-1.00000,0.50000,-0.08488,0.00000,1.00000,-0.78787,1.00000,0.75000,0.00000,-0.01108,0.99994,-0.23031,0.05582,-0.25342,-0.20289,-0.43636,-0.20289,-0.41324,-0.17020,1.00000,1.00000,1.00000,-0.40000,-1.00000,-1.00000,-1.00000,-1.00000,1.00000,1.00000,1,0,1,2,0,0,0,1,0,0
-0.15454,0.13186,-1.00000,0.50000,-0.00000,0.00000,1.00000,-0.78787,1.00000,0.75000,0.00000,0.00859,0.99996,-0.23031,0.06713,-0.24542,-0.20289,-0.43636,-0.20289,-0.42124,-0.18151,1.00000,1.00000,1.00000,-0.40000,-1.00000,-1.00000,-1.00000,-1.00000,1.00000,1.00000,1,2,1,0,0,0,0,1,0,0
-0.15454,0.11986,-1.00000,0.50000,-0.08488,0.00000,1.00000,-0.78787,1.00000,0.75000,0.00000,0.00859,0.99996,-0.23031,0.05582,-0.25342,-0.20289,-0.43636,-0.20289,-0.41324,-0.17020,1.00000,1.00000,1.00000,-0.40000,-1.00000,-1.00000,-1.00000,-1.00000,1.00000,1.00000,1,2,1,2,0,0,0,1,0,0
-0.15454,0.10786,-1.00000,0.50000,-0.00000,0.00000,1.00000,-0.78787,1.00000,0.75000,0.00000,0.00859,0.99996,-0.23031,0.04450,-0.26142,-0.20289,-0.43636,-0.20289,-0.40524,-0.15889,1.00000,1.00000,1.00000,-0.40000,-1.00000,-1.00000,-1.00000,-1.00000,1.00000,1.00000,1,2,1,0,0,0,0,1,0,0
-0.15454,0.09586,-1.00000,0.50000,-0.08488,0.00000,1.00000,-0.78787,1.00000,0.75000,0.00000,0.00859,0.99996,-0.23031,0.03319,-0.26942,-0.20289,-0.43636,-0.20289,-0.39724,-0.14757,1.00000,1.00000,1.00000,-0.40000,-1.00000,-1.00000,-1.00000,-1.00000,1.00000,1.00000,1,2,1,2,0,0,0,1,0,0
-0.15454,0.08386,-1.00000,0.50000,-0.00000,0.00000,1.00000,-0.78787,1.00000,0.75000,0.00000,0.00859,0.99996,-0.23031,0.02188,-0.27742,-0.20289,-0.43636,-0.20289,-0.38924,-0.13626,1.00000,1.00000,1.00000,-0.40000,-1.00000,-1.00000,-1.00000,-1.00000,1.00000,1.00000,1,2,1,0,0,0,0,1,0,0
-0.15454,0.07186,-1.00000,0.50000,-0.08488,0.00000,1.00000,-0.78787,1.00000,0.75000,0.00000,0.00859,0.99996,-0.23031,0.01056,-0.28542,-0.20289,-0.43636,-0.20289,-0.38124,-0.12495,1.00000,1.00000,1.00000,-0.40000,-1.00000,-1.00000,-1.00000,-1.00000,1.00000,1.00000,1,2,1,2,0,0,0,1,0,0
-0.15454,0.05986,-1.00000,0.50000,-0.00000,0.00000,1.00000,-0.78787,1.00000,0.75000,0.00000,0.00859,0.99996,-0.23031,-0.00075,-0.29342,-0.20289,-0.43636,-0.20289,-0.37324,-0.11363,1.00000,1.00000,1.00000,-0.40000,-1.00000,-1.00000,-1.00000,-1.00000,1.00000,1.00000,1,2,1,0,0,0,0,1,0,0
-0.15454,0.04786,-1.00000,0.50000,-0.08488,0.00000,1.00000,-0.78787,1.00000,0.75000,0.00000,0.00859,0.99996,-0.23031,-0.01206,-0.30142,-0.20289,-0.43636,-0.20289,-0.36524,-0.10232,1.00000,1.00000,1.00000,-0.40000,-1.00000,-1.00000,-1.00000,-1.00000,1.00000,1.00000,1,2,1,2,0,0,0,1,0,0
-0.15454,0.03586,-1.00000,0.50000,-0.00000,0.00000,1.00000,-0.78787,1.00000,0.75000,0.00000,0.00859,0.99996,-0.23031,-0.02338,-0.30942,-0.20289,-0.43636,-0.20289,-0.35724,-0.09100,1.00000,1.00000,1.00000,-0.40000,-1.00000,-1.00000,-1.00000,-1.00000,1.00000,1.00000,1,2,1,0,0,0,0,1,0,0
-0.15454,0.02386,-1.00000,0.50000,-0.08488,0.00000,1.00000,-0.78787,1.00000,0.75000,0.00000,0.00859,0.99996,-0.23031,-0.03469,-0.31742,-0.20289,-0.43636,-0.20289,-0.34924,-0.07969,1.00000,1.00000,1.00000,-0.40000,-1.00000,-1.00000,-1.00000,-1.00000,1.00000,1.00000,1,2,1,2,0,0,0,1,0,0
-0.15454,0.01186,-1.00000,0.50000,-0.00000,0.00000,1.00000,-0.78787,1.00000,0.75000,0.00000,0.00859,0.99996,-0.23031,-0.04600,-0.32542,-0.20289,-0.43636,-0.20289,-0.34124,-0.06838,1.00000,1.00000,1.00000,-0.40000,-1.00000,-1.00000,-1.00000,-1.00000,1.00000,1.00000,1,2,1,0,0,0,0,1,0,0
-0.15454,-0.00014,-1.00000,0.50000,-0.08488,0.00000,1.00000,-0.78787,1.00000,0.75000,0.00000,0.00859,0.99996,-0.23031,-0.05732,-0.33342,-0.20289,-0.43636,-0.20289,-0.33324,-0.05706,1.00000,1.00000,1.00000,-0.40000,-1.00000,-1.00000,-1.00000,-1.00000,1.00000,1.00000,1,0,1,2,0,0,0,1,0,0
-0.15454,0.01186,-1.00000,0.50000,-0.00000,0.00000,1.00000,-0.78787,1.00000,0.75000,0.00000,0.00859,0.99996,-0.23031,-0.04600,-0.32542,-0.20289,-0.43636,-0.20289,-0.34124,-0.06838,1.00000,1.00000,1.00000,-0.40000,-1.00000,-1.00000,-1.00000,-1.00000,1.00000,1.00000,1,0,1,0,0,0,0,1,0,0
-0.15454,0.02386,-1.00000,0.50000,-0.08488,0.00000,1.00000,-0.78787,1.00000,0.75000,0.00000,0.00859,0.99996,-0.23031,-0.03469,-0.31742,-0.20289,-0.43636,-0.20289,-0.34924,-0.07969,1.00000,1.00000,1.00000,-0.40000,-1.00000,-1.00000,-1.00000,-1.00000,1.00000,1.00000,1,0,1,2,0,0,0,1,0,0
-0.15454,0.03586,-1.00000,0.50000,-0.00000,0.00000,1.00000,-0.78787,1.00000,0.75000,0.00000,0.00859,0.99996,-0.23031,-0.02338,-0.30942,-0.20289,-0.43636,-0.20289,-0.35724,-0.09100,1.00000,1.00000,1.00000,-0.40000,-1.00000,-1.00000,-1.00000,-1.00000,1.00000,1.00000,1,0,1,0,0,0,0,1,0,0
-0.15454,0.04786,-1.00000,0.50000,-0.08488,0.00000,1.00000,-0.78787,1.00000,0.75000,0.00000,0.00859,0.99996,-0.23031,-0.01206,-0.30142,-0.20289,-0.43636,-0.20289,-0.36524,-0.10232,1.00000,1.00000,1.00000,-0.40000,-1.00000,-1.00000,-1.00000,-1.00000,1.00000,1.00000,1,0,1,2,0,0,0,1,0,0
-0.15454,0.05986,-1.00000,0.50000,-0.00000,0.00000,1.00000,-0.78787,1.00000,0.75000,0.00000,0.00859,0.99996,-0.23031,-0.00075,-0.29342,-0.20289,-0.43636,-0.20289,-0.37324,-0.11363,1.00000,1.00000,1.00000,-0.40000,-1.00000,-1.00000,-1.00000,-1.00000,1.00000,1.00000,1,0,1,0,0,0,0,1,0,0
-0.15454,0.07186,-1.00000,0.50000,-0.08488,0.00000,1.00000,-0.78787,1.00000,0.75000,0.00000,0.00859,0.99996,-0.23031,0.01056,-0.28542,-0.20289,-0.43636,-0.20289,-0.38124,-0.12495,1.00000,1.00000,1.00000,-0.40000,-1.00000,-1.00000,-1.00000,-1.00000,1.00000,1.00000,1,0,1,2,0,0,0,1,0,0
-0.15454,0.08386,-1.00000,0.50000,-0.00000,0.00000,1.00000,-0.78787,1.00000,0.75000,0.00000,0.00859,0.99996,-0.23031,0.02188,-0.27742,-0.20289,-0.43636,-0.20289,-0.38924,-0.13626,1.00000,1.00000,1.00000,-0.40000,-1.00000,-1.00000,-1.00000,-1.00000,1.00000,1.00000,1,0,1,0,0,0,0,1,0,0
-0.15454,0.09586,-1.00000,0.50000,-0.08488,0.00000,1.00000,-0.78787,1.00000,0.75000,0.00000,0.00859,0.99996,-0.23031,0.03319,-0.26942,-0.20289,-0.43636,-0.20289,-0.39724,-0.14757,1.00000,1.00000,1.00000,-0.40000,-1.00000,-1.00000,-1.00000,-1.00000,1.00000,1.00000,1,0,1,2,0,0,0,1,0,0
-0.15454,0.10786,-1.00000,0.50000,-0.00000,0.00000,1.00000,-0.78787,1.00000,0.75000,0.00000,0.00859,0.99996,-0.23031,0.04450,-0.26142,-0.20289,-0.43636,-0.20289,-0.40524,-0.15889,1.00000,1.00000,1.00000,-0.40000,-1.00000,-1.00000,-1.00000,-1.00000,1.00000,1.00000,1,0,1,0,0,0,0,1,0,0
-0.15454,0.11986,-1.00000,0.50000,-0.08488,0.00000,1.00000,-0.78787,1.00000,0.75000,0.00000,0.00859,0.99996,-0.23031,0.05582,-0.25342,-0.20289,-0.43636,-0.20289,-0.41324,-0.17020,1.00000,1.00000,1.00000,-0.40000,-1.00000,-1.00000,-1.00000,-1.00000,1.00000,1.00000,1,0,1,2,0,0,0,1,0,0
-0.15454,0.13186,-1.00000,0.50000,-0.00000,0.00000,1.00000,-0.78787,1.00000,0.75000,0.00000,0.00859,0.99996,-0.23031,0.06713,-0.24542,-0.20289,-0.43636,-0.20289,-0.42124,-0.18151,1.00000,1.00000,1.00000,-0.40000,-1.00000,-1.00000,-1.00000,-1.00000,1.00000,1.00000,1,0,1,0,0,0,0,1,0,0
-0.15454,0.14386,-1.00000,0.50000,-0.08488,0.00000,1.00000,-0.78787,1.00000,0.75000,0.00000,0.06749,0.99772,-0.23031,0.07845,-0.23742,-0.20289,-0.43636,-0.20289,-0.42924,-0.19283,1.00000,1.00000,1.00000,-0.40000,-1.00000,-1.00000,-1.00000,-1.00000,1.00000,1.00000,1,2,2,2,0,0,0,1,0,0
-0.15589,0.13196,-1.00000,0.55730,-0.00000,0.00000,1.00000,-0.78787,1.00000,0.75000,0.00000,-0.11214,0.99369,-0.21676,-0.08226,-0.23297,-0.31563,-0.42802,-0.29623,-0.41180,-0.06286,1.00000,1.00000,1.00000,-0.40000,-1.00000,-1.00000,-1.00000,-1.00000,1.00000,1.00000,1,2,0,0,0,0,0,1,0,0
-0.15669,0.12000,-1.00000,0.50000,-0.08488,0.00000,1.00000,-0.78787,1.00000,0.75000,0.00000,0.06761,0.99771,-0.22887,0.05594,-0.25333,-0.20492,-0.43780,-0.20492,-0.41333,-0.17033,1.00000,1.00000,1.00000,-0.40000,-1.00000,-1.00000,-1.00000,-1.00000,1.00000,1.00000,1,2,2,2,0,0,0,1,0,0
-0.15804,0.10809,-1.00000,0.55730,-0.00000,0.00000,1.00000,-0.78787,1.00000,0.75000,0.00000,-0.11202,0.99371,-0.21530,-0.10161,-0.24914,-0.31737,-0.42948,-0.27688,-0.39563,-0.06111,1.00000,1.00000,1.00000,-0.40000,-1.00000,-1.00000,-1.00000,-1.00000,1.00000,1.00000,1,2,0,0,0,0,0,1,0,0
-0.15885,0.09613,-1.00000,0.50000,-0.08488,0.00000,1.00000,-0.78787,1.00000,0.75000,0.00000,0.06773,0.99770,-0.22743,0.03344,-0.26925,-0.20695,-0.43923,-0.20695,-0.39742,-0.14782,1.00000,1.00000,1.00000,-0.40000,-1.00000,-1.00000,-1.00000,-1.00000,1.00000,1.00000,1,2,2,2,0,0,0,1,0,0
-0.16019,0.08422,-1.00000,0.55730,-0.00000,0.00000,1.00000,-0.78787,1.00000,0.75000,0.00000,-0.11191,0.99372,-0.21384,-0.12096,-0.26532,-0.31912,-0.43093,-0.25753,-0.37946,-0.05936,1.00000,1.00000,1.00000,-0.40000,-1.00000,-1.00000,-1.00000,-1.00000,1.00000,1.00000,1,2,0,0,0,0,0,1,0,0
-0.16100,0.07226,-1.00000,0.50000,-0.08488,0.00000,1.00000,-0.78787,1.00000,0.75000,0.00000,0.06785,0.99770,-0.22600,0.01094,-0.28516,-0.20898,-0.44067,-0.20898,-0.38151,-0.12532,1.00000,1.00000,1.00000,-0.40000,-1.00000,-1.00000,-1.00000,-1.00000,1.00000,1.00000,1,2,2,2,0,0,0,1,0,0
-0.16235,0.06036,-1.00000,0.55730,-0.00000,0.00000,1.00000,-0.78787,1.00000,0.75000,0.00000,-0.11179,0.99373,-0.21238,-0.14031,-0.28149,-0.32087,-0.43239,-0.23818,-0.36328,-0.05762,1.00000,1.00000,1.00000,-0.40000,-1.00000,-1.00000,-1.00000,-1.00000,1.00000,1.00000,1,2,0,0,0,0,0,1,0,0
-0.16316,0.04840,-1.00000,0.50000,-0.08488,0.00000,1.00000,-0.78787,1.00000,0.75000,0.00000,0.06796,0.99769,-0.22456,-0.01156,-0.30107,-0.21102,-0.44210,-0.21102,-0.36560,-0.10282,1.00000,1.00000,1.00000,-0.40000,-1.00000,-1.00000,-1.00000,-1.00000,1.00000,1.00000,1,2,2,2,0,0,0,1,0,0
-0.16450,0.03649,-1.00000,0.55730,-0.00000,0.00000,1.00000,-0.78787,1.00000,0.75000,0.00000,-0.11167,0.99375,-0.21092,-0.15966,-0.29766,-0.32261,-0.43385,-0.21883,-0.34711,-0.05587,1.00000,1.00000,1.00000,-0.40000,-1.00000,-1.00000,-1.00000,-1.00000,1.00000,1.00000,1,2,0,0,0,0,0,1,0,0
-0.16531,0.02453,-1.00000,0.50000,-0.08488,0.00000,1.00000,-0.78787,1.00000,0.75000,0.00000,0.06808,0.99768,-0.22313,-0.03406,-0.31698,-0.21305,-0.44354,-0.21305,-0.34969,-0.08032,1.00000,1.00000,1.00000,-0.40000,-1.00000,-1.00000,-1.00000,-1.00000,1.00000,1.00000,1,2,2,2,0,0,0,1,0,0
-0.16665,0.01262,-1.00000,0.55730,-0.00000,0.00000,1.00000,-0.78787,1.00000,0.75000,0.00000,-0.15967,0.98717,-0.20946,-0.17901,-0.31383,-0.32436,-0.43531,-0.19948,-0.33094,-0.05413,1.00000,1.00000,1.00000,-0.40000,-1.00000,-1.00000,-1.00000,-1.00000,1.00000,1.00000,1,0,0,0,0,0,0,1,0,0
-0.16585,0.02458,-1.00000,0.50000,-0.08488,0.00000,1.00000,-0.78787,1.00000,0.75000,0.00000,0.01955,0.99981,-0.22277,-0.03402,-0.31695,-0.21355,-0.44390,-0.21355,-0.34972,-0.08037,1.00000,1.00000,1.00000,-0.40000,-1.00000,-1.00000,-1.00000,-1.00000,1.00000,1.00000,1,0,1,2,0,0,0,1,0,0
-0.16585,0.03658,-1.00000,0.50000,-0.00000,0.00000,1.00000,-0.78787,1.00000,0.75000,0.00000,0.01955,0.99981,-0.22277,-0.02270,-0.30895,-0.21355,-0.44390,-0.21355,-0.35772,-0.09168,1.00000,1.00000,1.00000,-0.40000,-1.00000,-1.00000,-1.00000,-1.00000,1.00000,1.00000,1,0,1,0,0,0,0,1,0,0
-0.16585,0.04858,-1.00000,0.50000,-0.08488,0.00000,1.00000,-0.78787,1.00000,0.75000,0.00000,0.01955,0.99981,-0.22277,-0.01139,-0.30095,-0.21355,-0.44390,-0.21355,-0.36572,-0.10299,1.00000,1.00000,1.00000,-0.40000,-1.00000,-1.00000,-1.00000,-1.00000,1.00000,1.00000,1,0,1,2,0,0,0,1,0,0
-0.16585,0.06058,-1.00000,0.50000,-0.00000,0.00000,1.00000,-0.78787,1.00000,0.75000,0.00000,0.01955,0.99981,-0.22277,-0.00008,-0.29295,-0.21355,-0.44390,-0.21355,-0.37372,-0.11431,1.00000,1.00000,1.00000,-0.40000,-1.00000,-1.00000,-1.00000,-1.00000,1.00000,1.00000,1,0,1,0,0,0,0,1,0,0
-0.16585,0.07258,-1.00000,0.50000,-0.08488,0.00000,1.00000,-0.78787,1.00000,0.75000,0.00000,0.01955,0.99981,-0.22277,0.01124,-0.28495,-0.21355,-0.44390,-0.21355,-0.38172,-0.12562,1.00000,1.00000,1.00000,-0.40000,-1.00000,-1.00000,-1.00000,-1.00000,1.00000,1.00000,1,0,1,2,0,0,0,1,0,0
-0.16585,0.08458,-1.00000,0.50000,-0.00000,0.00000,1.00000,-0.78787,1.00000,0.75000,0.00000,0.01955,0.99981,-0.22277,0.02255,-0.27695,-0.21355,-0.44390,-0.21355,-0.38972,-0.13693,1.00000,1.00000,1.00000,-0.40000,-1.00000,-1.00000,-1.00000,-1.00000,1.00000,1.00000,1,0,1,0,0,0,0,1,0,0
-0.16585,0.09658,-1.00000,0.50000,-0.08488,0.00000,1.00000,-0.78787,1.00000,0.75000,0.00000,0.01955,0.99981,-0.22277,0.03387,-0.26895,-0.21355,-0.44390,-0.21355,-0.39772,-0.14825,1.00000,1.00000,1.00000,-0.40000,-1.00000,-1.00000,-1.00000,-1.00000,1.00000,1.00000,1,0,1,2,0,0,0,1,0,0
-0.16585,0.10858,-1.00000,0.50000,-0.00000,0.00000,1.00000,-0.78787,1.00000,0.75000,0.00000,0.01955,0.99981,-0.22277,0.04518,-0.26095,-0.21355,-0.44390,-0.21355,-0.40572,-0.15956,1.00000,1.00000,1.00000,-0.40000,-1.00000,-1.00000,-1.00000,-1.00000,1.00000,1.00000,1,0,1,0,0,0,0,1,0,0
-0.16585,0.12058,-1.00000,0.50000,-0.08488,0.00000,1.00000,-0.78787,1.00000,0.75000,0.00000,0.01955,0.99981,-0.22277,0.05649,-0.25295,-0.21355,-0.44390,-0.21355,-0.41372,-0.17088,1.00000,1.00000,1.00000,-0.40000,-1.00000,-1.00000,-1.00000,-1.00000,1.00000,1.00000,1,0,1,2,0,0,0,1,0,0
-0.16585,0.13258,-1.00000,0.50000,-0.00000,0.00000,1.00000,-0.78787,1.00000,0.75000,0.00000,0.01955,0.99981,-0.22277,0.06781,-0.24495,-0.21355,-0.44390,-0.21355,-0.42172,-0.18219,1.00000,1.00000,1.00000,-0.40000,-1.00000,-1.00000,-1.00000,-1.00000,1.00000,1.00000,1,0,1,0,0,0,0,1,0,0
-0.16585,0.14458,-1.00000,0.50000,-0.08488,0.00000,1.00000,-0.78787,1.00000,0.75000,0.00000,0.03902,0.99924,-0.22277,0.07912,-0.23695,-0.21355,-0.44390,-0.21355,-0.42972,-0.19350,1.00000,1.00000,1.00000,-0.40000,-1.00000,-1.00000,-1.00000,-1.00000,1.00000,1.00000,1,2,2,2,0,0,0,1,0,0
-0.16719,0.13267,-1.00000,0.55730,-0.00000,0.00000,1.00000,-0.78787,1.00000,0.75000,0.00000,-0.14035,0.99010,-0.20909,-0.08168,-0.23249,-0.32479,-0.43568,-0.29681,-0.41229,-0.05369,1.00000,1.00000,1.00000,-0.40000,-1.00000,-1.00000,-1.00000,-1.00000,1.00000,1.00000,1,2,0,0,0,0,0,1,0,0
-0.16800,0.12071,-1.00000,0.50000,-0.08488,0.00000,1.00000,-0.78787,1.00000,0.75000,0.00000,0.03924,0.99923,-0.22133,0.05662,-0.25286,-0.21558,-0.44533,-0.21558,-0.41381,-0.17100,1.00000,1.00000,1.00000,-0.40000,-1.00000,-1.00000,-1.00000,-1.00000,1.00000,1.00000,1,2,2,2,0,0,0,1,0,0
-0.16935,0.10880,-1.00000,0.55730,-0.00000,0.00000,1.00000,-0.78787,1.00000,0.75000,0.00000,-0.14014,0.99013,-0.20763,-0.10103,-0.24866,-0.32654,-0.43714,-0.27746,-0.39611,-0.05194,1.00000,1.00000,1.00000,-0.40000,-1.00000,-1.00000,-1.00000,-1.00000,1.00000,1.00000,1,2,0,0,0,0,0,1,0,0
-0.17015,0.09685,-1.00000,0.50000,-0.08488,0.00000,1.00000,-0.78787,1.00000,0.75000,0.00000,0.03945,0.99922,-0.21990,0.03412,-0.26877,-0.21761,-0.44677,-0.21761,-0.39790,-0.14850,1.00000,1.00000,1.00000,-0.40000,-1.00000,-1.00000,-1.00000,-1.00000,1.00000,1.00000,1,2,2,2,0,0,0,1,0,0
-0.17150,0.08494,-1.00000,0.55730,-0.00000,0.00000,1.00000,-0.78787,1.00000,0.75000,0.00000,-0.13993,0.99016,-0.20618,-0.12038,-0.26483,-0.32829,-0.43860,-0.25811,-0.37994,-0.05020,1.00000,1.00000,1.00000,-0.40000,-1.00000,-1.00000,-1.00000,-1.00000,1.00000,1.00000,1,2,0,0,0,0,0,1,0,0
-0.17231,0.07298,-1.00000,0.50000,-0.08488,0.00000,1.00000,-0.78787,1.00000,0.75000,0.00000,0.03967,0.99921,-0.21846,0.01162,-0.28468,-0.21964,-0.44821,-0.21964,-0.38199,-0.12600,1.00000,1.00000,1.00000,-0.40000,-1.00000,-1.00000,-1.00000,-1.00000,1.00000,1.00000,1,2,2,2,0,0,0,1,0,0
-0.17365,0.06107,-1.00000,0.55730,-0.00000,0.00000,1.00000,-0.78787,1.00000,0.75000,0.00000,-0.13971,0.99019,-0.20472,-0.13973,-0.28100,-0.33003,-0.44006,-0.23876,-0.36377,-0.04845,1.00000,1.00000,1.00000,-0.40000,-1.00000,-1.00000,-1.00000,-1.00000,1.00000,1.00000,1,2,0,0,0,0,0,1,0,0
-0.17446,0.04911,-1.00000,0.50000,-0.08488,0.00000,1.00000,-0.78787,1.00000,0.75000,0.00000,0.03988,0.99920,-0.21703,-0.01089,-0.30059,-0.22167,-0.44964,-0.22167,-0.36608,-0.10350,1.00000,1.00000,1.00000,-0.40000,-1.00000,-1.00000,-1.00000,-1.00000,1.00000,1.00000,1,2,2,2,0,0,0,1,0,0
-0.17581,0.03720,-1.00000,0.55730,-0.00000,0.00000,1.00000,-0.78787,1.00000,0.75000,0.00000,-0.13951,0.99022,-0.20326,-0.15908,-0.29718,-0.33178,-0.44151,-0.21941,-0.34760,-0.04670,1.00000,1.00000,1.00000,-0.40000,-1.00000,-1.00000,-1.00000,-1.00000,1.00000,1.00000,1,2,0,0,0,0,0,1,0,0
-0.17662,0.02525,-1.00000,0.50000,-0.08488,0.00000,1.00000,-0.78787,1.00000,0.75000,0.00000,0.04009,0.99920,-0.21559,-0.03339,-0.31650,-0.22371,-0.45108,-0.22371,-0.35016,-0.08099,1.00000,1.00000,1.00000,-0.40000,-1.00000,-1.00000,-1.00000,-1.00000,1.00000,1.00000,1,2,2,2,0,0,0,1,0,0
-0.17796,0.01334,-1.00000,0.55730,-0.00000,0.00000,1.00000,-0.78787,1.00000,0.75000,0.00000,-0.13930,0.99025,-0.20180,-0.17843,-0.31335,-0.33353,-0.44297,-0.20006,-0.33142,-0.04496,1.00000,1.00000,1.00000,-0.40000,-1.00000,-1.00000,-1.00000,-1.00000,1.00000,1.00000,1,0,0,0,0,0,0,1,0,0
-0.17715,0.02530,-1.00000,0.50000,-0.08488,0.00000,1.00000,-0.78787,1.00000,0.75000,0.00000,0.04018,0.99919,-0.21523,-0.03334,-0.31647,-0.22421,-0.45144,-0.22421,-0.35020,-0.08104,1.00000,1.00000,1.00000,-0.40000,-1.00000,-1.00000,-1.00000,-1.00000,1.00000,1.00000,1,0,2,2,0,0,0,1,0,0
-0.17581,0.03720,-1.00000,0.55730,-0.00000,0.00000,1.00000,-0.78787,1.00000,0.75000,0.00000,-0.13951,0.99022,-0.20326,-0.15908,-0.29718,-0.33178,-0.44151,-0.21941,-0.34760,-0.04670,1.00000,1.00000,1.00000,-0.40000,-1.00000,-1.00000,-1.00000,-1.00000,1.00000,1.00000,1,0,0,0,0,0,0,1,0,0
-0.17500,0.04916,-1.00000,0.50000,-0.08488,0.00000,1.00000,-0.78787,1.00000,0.75000,0.00000,0.03997,0.99920,-0.21667,-0.01084,-0.30056,-0.22218,-0.45000,-0.22218,-0.36611,-0.10354,1.00000,1.00000,1.00000,-0.40000,-1.00000,-1.00000,-1.00000,-1.00000,1.00000,1.00000,1,0,2,2,0,0,0,1,0,0
-0.17365,0.06107,-1.00000,0.55730,-0.00000,0.00000,1.00000,-0.78787,1.00000,0.75000,0.00000,-0.13971,0.99019,-0.20472,-0.13973,-0.28100,-0.33003,-0.44006,-0.23876,-0.36377,-0.04845,1.00000,1.00000,1.00000,-0.40000,-1.00000,-1.00000,-1.00000,-1.00000,1.00000,1.00000,1,0,0,0,0,0,0,1,0,0
-0.17284,0.07303,-1.00000,0.50000,-0.08488,0.00000,1.00000,-0.78787,1.00000,0.75000,0.00000,0.03975,0.99921,-0.21810,0.01166,-0.28465,-0.22015,-0.44856,-0.22015,-0.38202,-0.12604,1.00000,1.00000,1.00000,-0.40000,-1.00000,-1.00000,-1.00000,-1.00000,1.00000,1.00000,1,0,2,2,0,0,0,1,0,0
-0.17150,0.08494,-1.00000,0.55730,-0.00000,0.00000,1.00000,-0.78787,1.00000,0.75000,0.00000,-0.13993,0.99016,-0.20618,-0.12038,-0.26483,-0.32829,-0.43860,-0.25811,-0.37994,-0.05020,1.00000,1.00000,1.00000,-0.40000,-1.00000,-1.00000,-1.00000,-1.00000,1.00000,1.00000,1,0,0,0,0,0,0,1,0,0
-0.17069,0.09690,-1.00000,0.50000,-0.08488,0.00000,1.00000,-0.78787,1.00000,0.75000,0.00000,0.03954,0.99922,-0.21954,0.03416,-0.26874,-0.21812,-0.44713,-0.21812,-0.39793,-0.14854,1.00000,1.00000,1.00000,-0.40000,-1.00000,-1.00000,-1.00000,-1.00000,1.00000,1.00000,1,0,2,2,0,0,0,1,0,0
-0.16935,0.10880,-1.00000,0.55730,-0.00000,0.00000,1.00000,-0.78787,1.00000,0.75000,0.00000,-0.14014,0.99013,-0.20763,-0.10103,-0.24866,-0.32654,-0.43714,-0.27746,-0.39611,-0.05194,1.00000,1.00000,1.00000,-0.40000,-1.00000,-1.00000,-1.00000,-1.00000,1.00000,1.00000,1,0,0,0,0,0,0,1,0,0
-0.16854,0.12076,-1.00000,0.50000,-0.08488,0.00000,1.00000,-0.78787,1.00000,0.75000,0.00000,0.03933,0.99923,-0.22098,0.05666,-0.25283,-0.21609,-0.44569,-0.21609,-0.41384,-0.17105,1.00000,1.00000,1.00000,-0.40000,-1.00000,-1.00000,-1.00000,-1.00000,1.00000,1.00000,1,0,2,2,0,0,0,1,0,0
-0.16719,0.13267,-1.00000,0.55730,-0.00000,0.00000,1.00000,-0.78787,1.00000,0.75000,0.00000,-0.14035,0.99010,-0.20909,-0.08168,-0.23249,-0.32479,-0.43568,-0.29681,-0.41229,-0.05369,1.00000,1.00000,1.00000,-0.40000,-1.00000,-1.00000,-1.00000,-1.00000,1.00000,1.00000,1,0,0,0,0,0,0,1,0,0
-0.16638,0.14463,-1.00000,0.50000,-0.08488,0.00000,1.00000,-0.78787,1.00000,0.75000,0.00000,0.03911,0.99923,-0.22241,0.07917,-0.23691,-0.21406,-0.44426,-0.21406,-0.42975,-0.19355,1.00000,1.00000,1.00000,-0.40000,-1.00000,-1.00000,-1.00000,-1.00000,1.00000,1.00000,1,0,2,2,0,0,0,1,0,0
-0.16504,0.15654,-1.00000,0.55730,-0.00000,0.00000,1.00000,-0.78787,1.00000,0.75000,0.00000,-0.08249,0.99659,-0.21055,-0.06233,-0.21631,-0.32305,-0.43422,-0.31616,-0.42846,-0.05544,1.00000,1.00000,1.00000,-0.40000,-1.00000,-1.00000,-1.00000,-1.00000,1.00000,1.00000,1,2,0,0,0,0,0,1,0,0
-0.16585,0.14458,-1.00000,0.50000,-0.08488,0.00000,1.00000,-0.78787,1.00000,0.75000,0.00000,0.09733,0.99525,-0.22277,0.07912,-0.23695,-0.21355,-0.44390,-0.21355,-0.42972,-0.19350,1.00000,1.00000,1.00000,-0.40000,-1.00000,-1.00000,-1.00000,-1.00000,1.00000,1.00000,1,2,2,2,0,0,0,1,0,0
-0.16719,0.13267,-1.00000,0.55730,-0.00000,0.00000,1.00000,-0.78787,1.00000,0.75000,0.00000,-0.08237,0.99660,-0.20909,-0.08168,-0.23249,-0.32479,-0.43568,-0.29681,-0.41229,-0.05369,1.00000,1.00000,1.00000,-0.40000,-1.00000,-1.00000,-1.00000,-1.00000,1.00000,1.00000,1,2,0,0,0,0,0,1,0,0
-0.16800,0.12071,-1.00000,0.50000,-0.08488,0.00000,1.00000,-0.78787,1.00000,0.75000,0.00000,0.09744,0.99524,-0.22133,0.05662,-0.25286,-0.21558,-0.44533,-0.21558,-0.41381,-0.17100,1.00000,1.00000,1.00000,-0.40000,-1.00000,-1.00000,-1.00000,-1.00000,1.00000,1.00000,1,2,2,2,0,0,0,1,0,0
-0.16935,0.10880,-1.00000,0.55730,-0.00000,0.00000,1.00000,-0.78787,1.00000,0.75000,0.00000,-0.08226,0.99661,-0.20763,-0.10103,-0.24866,-0.32654,-0.43714,-0.27746,-0.39611,-0.05194,1.00000,1.00000,1.00000,-0.40000,-1.00000,-1.00000,-1.00000,-1.00000,1.00000,1.00000,1,2,0,0,0,0,0,1,0,0
-0.17015,0.09685,-1.00000,0.50000,-0.08488,0.00000,1.00000,-0.78787,1.00000,0.75000,0.00000,0.09756,0.99523,-0.21990,0.03412,-0.26877,-0.21761,-0.44677,-0.21761,-0.39790,-0.14850,1.00000,1.00000,1.00000,-0.40000,-1.00000,-1.00000,-1.00000,-1.00000,1.00000,1.00000,1,2,2,2,0,0,0,1,0,0
-0.17150,0.08494,-1.00000,0.55730,-0.00000,0.00000,1.00000,-0.78787,1.00000,0.75000,0.00000,-0.08214,0.99662,-0.20618,-0.12038,-0.26483,-0.32829,-0.43860,-0.25811,-0.37994,-0.05020,1.00000,1.00000,1.00000,-0.40000,-1.00000,-1.00000,-1.00000,-1.00000,1.00000,1.00000,1,2,0,0,0,0,0,1,0,0
-0.17231,0.07298,-1.00000,0.50000,-0.08488,0.00000,1.00000,-0.78787,1.00000,0.75000,0.00000,0.09768,0.99522,-0.21846,0.01162,-0.28468,-0.21964,-0.44821,-0.21964,-0.38199,-0.12600,1.00000,1.00000,1.00000,-0.40000,-1.00000,-1.00000,-1.00000,-1.00000,1.00000,1.00000,1,2,2,2,0,0,0,1,0,0
-0.17365,0.06107,-1.00000,0.55730,-0.00000,0.00000,1.00000,-0.78787,1.00000,0.75000,0.00000,-0.08202,0.99663,-0.20472,-0.13973,-0.28100,-0.33003,-0.44006,-0.23876,-0.36377,-0.04845,1.00000,1.00000,1.00000,-0.40000,-1.00000,-1.00000,-1.00000,-1.00000,1.00000,1.00000,1,2,0,0,0,0,0,1,0,0
-0.17446,0.04911,-1.00000,0.50000,-0.08488,0.00000,1.00000,-0.78787,1.00000,0.75000,0.00000,0.09780,0.99521,-0.21703,-0.01089,-0.30059,-0.22167,-0.44964,-0.22167,-0.36608,-0.10350,1.00000,1.00000,1.00000,-0.40000,-1.00000,-1.00000,-1.00000,-1.00000,1.00000,1.00000,1,2,2,2,0,0,0,1,0,0
-0.17581,0.03720,-1.00000,0.55730,-0.00000,0.00000,1.00000,-0.78787,1.00000,0.75000,0.00000,-0.08190,0.99664,-0.20326,-0.15908,-0.29718,-0.33178,-0.44151,-0.21941,-0.34760,-0.04670,1.00000,1.00000,1.00000,-0.40000,-1.00000,-1.00000,-1.00000,-1.00000,1.00000,1.00000,1,2,0,0,0,0,0,1,0,0
-0.17662,0.02525,-1.00000,0.50000,-0.08488,0.00000,1.00000,-0.78787,1.00000,0.75000,0.00000,0.05906,0.99825,-0.21559,-0.03339,-0.31650,-0.22371,-0.45108,-0.22371,-0.35016,-0.08099,1.00000,1.00000,1.00000,-0.40000,-1.00000,-1.00000,-1.00000,-1.00000,1.00000,1.00000,1,0,2,2,0,0,0,1,0,0
-0.17527,0.03716,-1.00000,0.55730,-0.00000,0.00000,1.00000,-0.78787,1.00000,0.75000,0.00000,-0.12071,0.99269,-0.20362,-0.15912,-0.29721,-0.33134,-0.44115,-0.21937,-0.34756,-0.04714,1.00000,1.00000,1.00000,-0.40000,-1.00000,-1.00000,-1.00000,-1.00000,1.00000,1.00000,1,0,0,0,0,0,0,1,0,0
-0.17446,0.04911,-1.00000,0.50000,-0.08488,0.00000,1.00000,-0.78787,1.00000,0.75000,0.00000,0.05891,0.99826,-0.21703,-0.01089,-0.30059,-0.22167,-0.44964,-0.22167,-0.36608,-0.10350,1.00000,1.00000,1.00000,-0.40000,-1.00000,-1.00000,-1.00000,-1.00000,1.00000,1.00000,1,0,2,2,0,0,0,1,0,0
-0.17312,0.06102,-1.00000,0.55730,-0.00000,0.00000,1.00000,-0.78787,1.00000,0.75000,0.00000,-0.12086,0.99267,-0.20508,-0.13977,-0.28104,-0.32960,-0.43969,-0.23872,-0.36374,-0.04889,1.00000,1.00000,1.00000,-0.40000,-1.00000,-1.00000,-1.00000,-1.00000,1.00000,1.00000,1,0,0,0,0,0,0,1,0,0
-0.17231,0.07298,-1.00000,0.50000,-0.08488,0.00000,1.00000,-0.78787,1.00000,0.75000,0.00000,0.05876,0.99827,-0.21846,0.01162,-0.28468,-0.21964,-0.44821,-0.21964,-0.38199,-0.12600,1.00000,1.00000,1.00000,-0.40000,-1.00000,-1.00000,-1.00000,-1.00000,1.00000,1.00000,1,0,2,2,0,0,0,1,0,0
-0.17096,0.08489,-1.00000,0.55730,-0.00000,0.00000,1.00000,-0.78787,1.00000,0.75000,0.00000,-0.12101,0.99265,-0.20654,-0.12042,-0.26486,-0.32785,-0.43823,-0.25807,-0.37991,-0.05063,1.00000,1.00000,1.00000,-0.40000,-1.00000,-1.00000,-1.00000,-1.00000,1.00000,1.00000,1,0,0,0,0,0,0,1,0,0
-0.17015,0.09685,-1.00000,0.50000,-0.08488,0.00000,1.00000,-0.78787,1.00000,0.75000,0.00000,0.05861,0.99828,-0.21990,0.03412,-0.26877,-0.21761,-0.44677,-0.21761,-0.39790,-0.14850,1.00000,1.00000,1.00000,-0.40000,-1.00000,-1.00000,-1.00000,-1.00000,1.00000,1.00000,1,0,2,2,0,0,0,1,0,0
-0.16881,0.10876,-1.00000,0.55730,-0.00000,0.00000,1.00000,-0.78787,1.00000,0.75000,0.00000,-0.12116,0.99263,-0.20800,-0.10107,-0.24869,-0.32610,-0.43677,-0.27742,-0.39608,-0.05238,1.00000,1.00000,1.00000,-0.40000,-1.00000,-1.00000,-1.00000,-1.00000,1.00000,1.00000,1,0,0,0,0,0,0,1,0,0
-0.16800,0.12071,-1.00000,0.50000,-0.08488,0.00000,1.00000,-0.78787,1.00000,0.75000,0.00000,0.05846,0.99829,-0.22133,0.05662,-0.25286,-0.21558,-0.44533,-0.21558,-0.41381,-0.17100,1.00000,1.00000,1.00000,-0.40000,-1.00000,-1.00000,-1.00000,-1.00000,1.00000,1.00000,1,0,2,2,0,0,0,1,0,0
-0.16665,0.13262,-1.00000,0.55730,-0.00000,0.00000,1.00000,-0.78787,1.00000,0.75000,0.00000,-0.12131,0.99261,-0.20946,-0.08172,-0.23252,-0.32436,-0.43531,-0.29677,-0.41225,-0.05413,1.00000,1.00000,1.00000,-0.40000,-1.00000,-1.00000,-1.00000,-1.00000,1.00000,1.00000,1,0,0,0,0,0,0,1,0,0
-0.16585,0.14458,-1.00000,0.50000,-0.08488,0.00000,1.00000,-0.78787,1.00000,0.75000,0.00000,0.05831,0.99830,-0.22277,0.07912,-0.23695,-0.21355,-0.44390,-0.21355,-0.42972,-0.19350,1.00000,1.00000,1.00000,-0.40000,-1.00000,-1.00000,-1.00000,-1.00000,1.00000,1.00000,1,0,2,2,0,0,0,1,0,0
-0.16450,0.15649,-1.00000,0.55730,-0.00000,0.00000,1.00000,-0.78787,1.00000,0.75000,0.00000,-0.10171,0.99481,-0.21092,-0.06237,-0.21635,-0.32261,-0.43385,-0.31612,-0.42843,-0.05587,1.00000,1.00000,1.00000,-0.40000,-1.00000,-1.00000,-1.00000,-1.00000,1.00000,1.00000,1,2,0,0,0,0,0,1,0,0
-0.16531,0.14453,-1.00000,0.50000,-0.08488,0.00000,1.00000,-0.78787,1.00000,0.75000,0.00000,0.07808,0.99695,-0.22313,0.07907,-0.23698,-0.21305,-0.44354,-0.21305,-0.42969,-0.19346,1.00000,1.00000,1.00000,-0.40000,-1.00000,-1.00000,-1.00000,-1.00000,1.00000,1.00000,1,2,2,2,0,0,0,1,0,0
-0.16665,0.13262,-1.00000,0.55730,-0.00000,0.00000,1.00000,-0.78787,1.00000,0.75000,0.00000,-0.10159,0.99483,-0.20946,-0.08172,-0.23252,-0.32436,-0.43531,-0.29677,-0.41225,-0.05413,1.00000,1.00000,1.00000,-0.40000,-1.00000,-1.00000,-1.00000,-1.00000,1.00000,1.00000,1,2,0,0,0,0,0,1,0,0
-0.16746,0.12067,-1.00000,0.50000,-0.08488,0.00000,1.00000,-0.78787,1.00000,0.75000,0.00000,0.07820,0.99694,-0.22169,0.05657,-0.25289,-0.21508,-0.44498,-0.21508,-0.41378,-0.17096,1.00000,1.00000,1.00000,-0.40000,-1.00000,-1.00000,-1.00000,-1.00000,1.00000,1.00000,1,2,2,2,0,0,0,1,0,0
-0.16881,0.10876,-1.00000,0.55730,-0.00000,0.00000,1.00000,-0.78787,1.00000,0.75000,0.00000,-0.10147,0.99484,-0.20800,-0.10107,-0.24869,-0.32610,-0.43677,-0.27742,-0.39608,-0.05238,1.00000,1.00000,1.00000,-0.40000,-1.00000,-1.00000,-1.00000,-1.00000,1.00000,1.00000,1,2,0,0,0,0,0,1,0,0
-0.16962,0.09680,-1.00000,0.50000,-0.08488,0.00000,1.00000,-0.78787,1.00000,0.75000,0.00000,0.07832,0.99693,-0.22026,0.03407,-0.26880,-0.21711,-0.44641,-0.21711,-0.39787,-0.14845,1.00000,1.00000,1.00000,-0.40000,-1.00000,-1.00000,-1.00000,-1.00000,1.00000,1.00000,1,2,2,2,0,0,0,1,0,0
-0.17096,0.08489,-1.00000,0.55730,-0.00000,0.00000,1.00000,-0.78787,1.00000,0.75000,0.00000,-0.10135,0.99485,-0.20654,-0.12042,-0.26486,-0.32785,-0.43823,-0.25807,-0.37991,-0.05063,1.00000,1.00000,1.00000,-0.40000,-1.00000,-1.00000,-1.00000,-1.00000,1.00000,1.00000,1,2,0,0,0,0,0,1,0,0
-0.17177,0.07293,-1.00000,0.50000,-0.08488,0.00000,1.00000,-0.78787,1.00000,0.75000,0.00000,0.07844,0.99692,-0.21882,0.01157,-0.28471,-0.21914,-0.44785,-0.21914,-0.38195,-0.12595,1.00000,1.00000,1.00000,-0.40000,-1.00000,-1.00000,-1.00000,-1.00000,1.00000,1.00000,1,2,2,2,0,0,0,1,0,0
-0.17312,0.06102,-1.00000,0.55730,-0.00000,0.00000,1.00000,-0.78787,1.00000,0.75000,0.00000,-0.10123,0.99486,-0.20508,-0.13977,-0.28104,-0.32960,-0.43969,-0.23872,-0.36374,-0.04889,1.00000,1.00000,1.00000,-0.40000,-1.00000,-1.00000,-1.00000,-1.00000,1.00000,1.00000,1,2,0,0,0,0,0,1,0,0
-0.17392,0.04907,-1.00000,0.50000,-0.08488,0.00000,1.00000,-0.78787,1.00000,0.75000,0.00000,0.07856,0.99691,-0.21738,-0.01093,-0.30062,-0.22117,-0.44928,-0.22117,-0.36604,-0.10345,1.00000,1.00000,1.00000,-0.40000,-1.00000,-1.00000,-1.00000,-1.00000,1.00000,1.00000,1,2,2,2,0,0,0,1,0,0
-0.17527,0.03716,-1.00000,0.55730,-0.00000,0.00000,1.00000,-0.78787,1.00000,0.75000,0.00000,-0.10111,0.99488,-0.20362,-0.15912,-0.29721,-0.33134,-0.44115,-0.21937,-0.34756,-0.04714,1.00000,1.00000,1.00000,-0.40000,-1.00000,-1.00000,-1.00000,-1.00000,1.00000,1.00000,1,2,0,0,0,0,0,1,0,0
-0.17608,0.02520,-1.00000,0.50000,-0.08488,0.00000,1.00000,-0.78787,1.00000,0.75000,0.00000,0.07868,0.99690,-0.21595,-0.03343,-0.31653,-0.22320,-0.45072,-0.22320,-0.35013,-0.08095,1.00000,1.00000,1.00000,-0.40000,-1.00000,-1.00000,-1.00000,-1.00000,1.00000,1.00000,1,0,2,2,0,0,0,1,0,0
-0.17473,0.03711,-1.00000,0.55730,-0.00000,0.00000,1.00000,-0.78787,1.00000,0.75000,0.00000,-0.10113,0.99487,-0.20398,-0.15916,-0.29724,-0.33091,-0.44079,-0.21933,-0.34753,-0.04758,1.00000,1.00000,1.00000,-0.40000,-1.00000,-1.00000,-1.00000,-1.00000,1.00000,1.00000,1,0,0,0,0,0,0,1,0,0
-0.17392,0.04907,-1.00000,0.50000,-0.08488,0.00000,1.00000,-0.78787,1.00000,0.75000,0.00000,0.07856,0.99691,-0.21738,-0.01093,-0.30062,-0.22117,-0.44928,-0.22117,-0.36604,-0.10345,1.00000,1.00000,1.00000,-0.40000,-1.00000,-1.00000,-1.00000,-1.00000,1.00000,1.00000,1,0,2,2,0,0,0,1,0,0
-0.17258,0.06097,-1.00000,0.55730,-0.00000,0.00000,1.00000,-0.78787,1.00000,0.75000,0.00000,-0.10125,0.99486,-0.20544,-0.13981,-0.28107,-0.32916,-0.43933,-0.23868,-0.36370,-0.04932,1.00000,1.00000,1.00000,-0.40000,-1.00000,-1.00000,-1.00000,-1.00000,1.00000,1.00000,1,0,0,0,0,0,0,1,0,0
-0.17177,0.07293,-1.00000,0.50000,-0.08488,0.00000,1.00000,-0.78787,1.00000,0.75000,0.00000,0.07844,0.99692,-0.21882,0.01157,-0.28471,-0.21914,-0.44785,-0.21914,-0.38195,-0.12595,1.00000,1.00000,1.00000,-0.40000,-1.00000,-1.00000,-1.00000,-1.00000,1.00000,1.00000,1,0,2,2,0,0,0,1,0,0
-0.17043,0.08484,-1.00000,0.55730,-0.00000,0.00000,1.00000,-0.78787,1.00000,0.75000,0.00000,-0.10137,0.99485,-0.20690,-0.12046,-0.26490,-0.32742,-0.43787,-0.25803,-0.37988,-0.05107,1.00000,1.00000,1.00000,-0.40000,-1.00000,-1.00000,-1.00000,-1.00000,1.00000,1.00000,1,0,0,0,0,0,0,1,0,0
-0.16962,0.09680,-1.00000,0.50000,-0.08488,0.00000,1.00000,-0.78787,1.00000,0.75000,0.00000,0.07832,0.99693,-0.22026,0.03407,-0.26880,-0.21711,-0.44641,-0.21711,-0.39787,-0.14845,1.00000,1.00000,1.00000,-0.40000,-1.00000,-1.00000,-1.00000,-1.00000,1.00000,1.00000,1,0,2,2,0,0,0,1,0,0
-0.16827,0.10871,-1.00000,0.55730,-0.00000,0.00000,1.00000,-0.78787,1.00000,0.75000,0.00000,-0.10149,0.99484,-0.20836,-0.10111,-0.24872,-0.32567,-0.43641,-0.27738,-0.39605,-0.05281,1.00000,1.00000,1.00000,-0.40000,-1.00000,-1.00000,-1.00000,-1.00000,1.00000,1.00000,1,0,0,0,0,0,0,1,0,0
-0.16746,0.12067,-1.00000,0.50000,-0.08488,0.00000,1.00000,-0.78787,1.00000,0.75000,0.00000,0.07820,0.99694,-0.22169,0.05657,-0.25289,-0.21508,-0.44498,-0.21508,-0.41378,-0.17096,1.00000,1.00000,1.00000,-0.40000,-1.00000,-1.00000,-1.00000,-1.00000,1.00000,1.00000,1,0,2,2,0,0,0,1,0,0
-0.16612,0.13257,-1.00000,0.55730,-0.00000,0.00000,1.00000,-0.78787,1.00000,0.75000,0.00000,-0.10161,0.99482,-0.20982,-0.08176,-0.23255,-0.32392,-0.43495,-0.29673,-0.41222,-0.05456,1.00000,1.00000,1.00000,-0.40000,-1.00000,-1.00000,-1.00000,-1.00000,1.00000,1.00000,1,0,0,0,0,0,0,1,0,0
-0.16531,0.14453,-1.00000,0.50000,-0.08488,0.00000,1.00000,-0.78787,1.00000,0.75000,0.00000,0.07808,0.99695,-0.22313,0.07907,-0.23698,-0.21305,-0.44354,-0.21305,-0.42969,-0.19346,1.00000,1.00000,1.00000,-0.40000,-1.00000,-1.00000,-1.00000,-1.00000,1.00000,1.00000,1,0,2,2,0,0,0,1,0,0
-0.16396,0.15644,-1.00000,0.55730,-0.00000,0.00000,1.00000,-0.78787,1.00000,0.75000,0.00000,-0.10173,0.99481,-0.21128,-0.06241,-0.21638,-0.32218,-0.43349,-0.31608,-0.42839,-0.05631,1.00000,1.00000,1.00000,-0.40000,-1.00000,-1.00000,-1.00000,-1.00000,1.00000,1.00000,1,0,0,0,0,0,0,1,0,0
-0.16316,0.16840,-1.00000,0.50000,-0.08488,0.00000,1.00000,-0.78787,1.00000,0.75000,0.00000,0.13727,0.99053,-0.22456,0.09663,-0.22107,-0.21102,-0.44210,-0.21596,-0.44560,-0.21596,1.00000,1.00000,1.00000,-0.40000,-1.00000,-1.00000,-1.00000,-1.00000,1.00000,1.00000,1,2,2,2,0,0,0,1,0,0
-0.16450,0.15649,-1.00000,0.55730,-0.00000,0.00000,1.00000,-0.78787,1.00000,0.75000,0.00000,-0.04222,0.99911,-0.21092,-0.06237,-0.21635,-0.32261,-0.43385,-0.31612,-0.42843,-0.05587,1.00000,1.00000,1.00000,-0.40000,-1.00000,-1.00000,-1.00000,-1.00000,1.00000,1.00000,1,2,0,0,0,0,0,1,0,0
-0.16531,0.14453,-1.00000,0.50000,-0.08488,0.00000,1.00000,-0.78787,1.00000,0.75000,0.00000,0.13748,0.99051,-0.22313,0.07907,-0.23698,-0.21305,-0.44354,-0.21305,-0.42969,-0.19346,1.00000,1.00000,1.00000,-0.40000,-1.00000,-1.00000,-1.00000,-1.00000,1.00000,1.00000,1,2,2,2,0,0,0,1,0,0
-0.16665,0.13262,-1.00000,0.55730,-0.00000,0.00000,1.00000,-0.78787,1.00000,0.75000,0.00000,-0.04201,0.99912,-0.20946,-0.08172,-0.23252,-0.32436,-0.43531,-0.29677,-0.41225,-0.05413,1.00000,1.00000,1.00000,-0.40000,-1.00000,-1.00000,-1.00000,-1.00000,1.00000,1.00000,1,2,0,0,0,0,0,1,0,0
-0.16746,0.12067,-1.00000,0.50000,-0.08488,0.00000,1.00000,-0.78787,1.00000,0.75000,0.00000,0.13769,0.99048,-0.22169,0.05657,-0.25289,-0.21508,-0.44498,-0.21508,-0.41378,-0.17096,1.00000,1.00000,1.00000,-0.40000,-1.00000,-1.00000,-1.00000,-1.00000,1.00000,1.00000,1,2,2,2,0,0,0,1,0,0
-0.16881,0.10876,-1.00000,0.55730,-0.00000,0.00000,1.00000,-0.78787,1.00000,0.75000,0.00000,-0.04180,0.99913,-0.20800,-0.10107,-0.24869,-0.32610,-0.43677,-0.27742,-0.39608,-0.05238,1.00000,1.00000,1.00000,-0.40000,-1.00000,-1.00000,-1.00000,-1.00000,1.00000,1.00000,1,2,0,0,0,0,0,1,0,0
-0.16962,0.09680,-1.00000,0.50000,-0.08488,0.00000,1.00000,-0.78787,1.00000,0.75000,0.00000,0.13790,0.99045,-0.22026,0.03407,-0.26880,-0.21711,-0.44641,-0.21711,-0.39787,-0.14845,1.00000,1.00000,1.00000,-0.40000,-1.00000,-1.00000,-1.00000,-1.00000,1.00000,1.00000,1,2,2,2,0,0,0,1,0,0
-0.17096,0.08489,-1.00000,0.55730,-0.00000,0.00000,1.00000,-0.78787,1.00000,0.75000,0.00000,-0.04158,0.99914,-0.20654,-0.12042,-0.26486,-0.32785,-0.43823,-0.25807,-0.37991,-0.05063,1.00000,1.00000,1.00000,-0.40000,-1.00000,-1.00000,-1.00000,-1.00000,1.00000,1.00000,1,2,0,0,0,0,0,1,0,0
-0.72000,0.00000,-1.00000,0.50000,0.00000,0.00000,1.00000,0.34350,1.00000,0.75000,0.00000,0.00000,1.00000,0.14667,-0.05719,-0.33333,-0.73601,-0.81333,-0.73601,-0.33333,-0.05719,1.00000,1.00000,1.00000,-0.40000,-1.00000,-1.00000,-1.00000,-1.00000,1.00000,1.00000,2,1,1,1,0,0,0,1,0,0
-0.70800,0.00000,-1.00000,0.50000,0.00000,0.00000,1.00000,0.34350,1.00000,0.75000,0.00000,0.00000,1.00000,0.13867,-0.05719,-0.33333,-0.72470,-0.80533,-0.72470,-0.33333,-0.05719,1.00000,1.00000,1.00000,-0.40000,-1.00000,-1.00000,-1.00000,-1.00000,1.00000,1.00000,2,1,1,1,0,0,0,1,0,0
-0.69600,0.00000,-1.00000,0.50000,0.00000,0.00000,1.00000,-0.22218,1.00000,0.75000,0.00000,0.00000,1.00000,0.13067,-0.05719,-0.33333,-0.71339,-0.79733,-0.71339,-0.33333,-0.05719,1.00000,1.00000,1.00000,-0.40000,-1.00000,-1.00000,-1.00000,-1.00000,1.00000,1.00000,2,1,1,1,0,0,0,1,0,0
-0.68400,0.00000,-1.00000,0.50000,0.00000,0.00000,1.00000,-0.22218,1.00000,0.75000,0.00000,0.00000,1.00000,0.12267,-0.05719,-0.33333,-0.70207,-0.78933,-0.70207,-0.33333,-0.05719,1.00000,1.00000,1.00000,-0.40000,-1.00000,-1.00000,-1.00000,-1.00000,1.00000,1.00000,2,1,1,1,0,0,0,1,0,0
-0.67200,0.00000,-1.00000,0.50000,0.00000,0.00000,1.00000,-0.22218,1.00000,0.75000,0.00000,0.00000,1.00000,0.11467,-0.05719,-0.33333,-0.69076,-0.78133,-0.69076,-0.33333,-0.05719,1.00000,1.00000,1.00000,-0.40000,-1.00000,-1.00000,-1.00000,-1.00000,1.00000,1.00000,2,1,1,1,0,0,0,1,0,0
-0.66000,0.00000,-1.00000,0.50000,0.00000,0.00000,1.00000,-0.22218,1.00000,0.75000,0.00000,0.00000,1.00000,0.10667,-0.05719,-0.33333,-0.67944,-0.77333,-0.67944,-0.33333,-0.05719,1.00000,1.00000,1.00000,-0.40000,-1.00000,-1.00000,-1.00000,-1.00000,1.00000,1.00000,2,1,1,1,0,0,0,1,0,0
-0.64800,0.00000,-1.00000,0.50000,0.00000,0.00000,1.00000,-0.22218,1.00000,0.75000,0.00000,0.00000,1.00000,0.09867,-0.05719,-0.33333,-0.66813,-0.76533,-0.66813,-0.33333,-0.05719,1.00000,1.00000,1.00000,-0.40000,-1.00000,-1.00000,-1.00000,-1.00000,1.00000,1.00000,2,1,1,1,0,0,0,1,0,0
-0.63600,0.00000,-1.00000,0.50000,0.00000,0.00000,1.00000,-0.22218,1.00000,0.75000,0.00000,0.00000,1.00000,0.09067,-0.05719,-0.33333,-0.65682,-0.75733,-0.65682,-0.33333,-0.05719,1.00000,1.00000,1.00000,-0.40000,-1.00000,-1.00000,-1.00000,-1.00000,1.00000,1.00000,2,1,1,1,0,0,0,1,0,0
-0.62400,0.00000,-1.00000,0.50000,0.00000,0.00000,1.00000,-0.22218,1.00000,0.75000,0.00000,0.00000,1.00000,0.08267,-0.05719,-0.33333,-0.64550,-0.74933,-0.64550,-0.33333,-0.05719,1.00000,1.00000,1.00000,-0.40000,-1.00000,-1.00000,-1.00000,-1.00000,1.00000,1.00000,2,1,1,1,0,0,0,1,0,0
-0.61200,0.00000,-1.00000,0.50000,0.00000,0.00000,1.00000,-0.22218,1.00000,0.75000,0.00000,0.00000,1.00000,0.07467,-0.05719,-0.33333,-0.63419,-0.74133,-0.63419,-0.33333,-0.05719,1.00000,1.00000,1.00000,-0.40000,-1.00000,-1.00000,-1.00000,-1.00000,1.00000,1.00000,2,1,1,1,0,0,0,1,0,0
-0.60000,0.00000,-1.00000,0.50000,0.00000,0.00000,1.00000,-0.22218,1.00000,0.75000,0.00000,0.00000,1.00000,0.06667,-0.05719,-0.33333,-0.62288,-0.73333,-0.62288,-0.33333,-0.05719,1.00000,1.00000,1.00000,-0.40000,-1.00000,-1.00000,-1.00000,-1.00000,1.00000,1.00000,2,1,1,1,0,0,0,1,0,0
-0.58800,0.00000,-1.00000,0.50000,0.00000,0.00000,1.00000,-0.22218,1.00000,0.75000,0.00000,0.00000,1.00000,0.05867,-0.05719,-0.33333,-0.61156,-0.72533,-0.61156,-0.33333,-0.05719,1.00000,1.00000,1.00000,-0.40000,-1.00000,-1.00000,-1.00000,-1.00000,1.00000,1.00000,2,1,1,1,0,0,0,1,0,0
-0.57600,0.00000,-1.00000,0.50000,0.00000,0.00000,1.00000,-0.22218,1.00000,0.75000,0.00000,0.00000,1.00000,0.05067,-0.05719,-0.33333,-0.60025,-0.71733,-0.60025,-0.33333,-0.05719,1.00000,1.00000,1.00000,-0.40000,-1.00000,-1.00000,-1.00000,-1.00000,1.00000,1.00000,2,1,1,1,0,0,0,1,0,0
-0.56400,0.00000,-1.00000,0.50000,0.00000,0.00000,1.00000,-0.22218,1.00000,0.75000,0.00000,0.00000,1.00000,0.04267,-0.05719,-0.33333,-0.58894,-0.70933,-0.58894,-0.33333,-0.05719,1.00000,1.00000,1.00000,-0.40000,-1.00000,-1.00000,-1.00000,-1.00000,1.00000,1.00000,2,1,1,1,0,0,0,1,0,0
-0.55200,0.00000,-1.00000,0.50000,0.00000,0.00000,1.00000,-0.22218,1.00000,0.75000,0.00000,0.00000,1.00000,0.03467,-0.05719,-0.33333,-0.57762,-0.70133,-0.57762,-0.33333,-0.05719,1.00000,1.00000,1.00000,-0.40000,-1.00000,-1.00000,-1.00000,-1.00000,1.00000,1.00000,2,1,1,1,0,0,0,1,0,0
-0.54000,0.00000,-1.00000,0.50000,0.00000,0.00000,1.00000,-0.22218,1.00000,0.75000,0.00000,0.00000,1.00000,0.02667,-0.05719,-0.33333,-0.56631,-0.69333,-0.56631,-0.33333,-0.05719,1.00000,1.00000,1.00000,-0.40000,-1.00000,-1.00000,-1.00000,-1.00000,1.00000,1.00000,2,1,1,1,0,0,0,1,0,0
-0.52800,0.00000,-1.00000,0.50000,0.00000,0.00000,1.00000,-0.22218,1.00000,0.75000,0.00000,0.00000,1.00000,0.01867,-0.05719,-0.33333,-0.55499,-0.68533,-0.55499,-0.33333,-0.05719,1.00000,1.00000,1.00000,-0.40000,-1.00000,-1.00000,-1.00000,-1.00000,1.00000,1.00000,2,1,1,1,0,0,0,1,0,0
-0.51600,0.00000,-1.00000,0.50000,0.00000,0.00000,1.00000,-0.22218,1.00000,0.75000,0.00000,0.00000,1.00000,0.01067,-0.05719,-0.33333,-0.54368,-0.67733,-0.54368,-0.33333,-0.05719,1.00000,1.00000,1.00000,-0.40000,-1.00000,-1.00000,-1.00000,-1.00000,1.00000,1.00000,2,1,1,1,0,0,0,1,0,0
-0.50400,0.00000,-1.00000,0.50000,0.00000,0.00000,1.00000,-0.22218,1.00000,0.75000,0.00000,0.00000,1.00000,0.00267,-0.05719,-0.33333,-0.53237,-0.66933,-0.53237,-0.33333,-0.05719,1.00000,1.00000,1.00000,-0.40000,-1.00000,-1.00000,-1.00000,-1.00000,1.00000,1.00000,2,1,1,1,0,0,0,1,0,0
-0.49200,0.00000,-1.00000,0.50000,0.00000,0.00000,1.00000,-0.22218,1.00000,0.75000,0.00000,0.00000,1.00000,-0.00533,-0.05719,-0.33333,-0.52105,-0.66133,-0.52105,-0.33333,-0.05719,1.00000,1.00000,1.00000,-0.40000,-1.00000,-1.00000,-1.00000,-1.00000,1.00000,1.00000,2,1,1,1,0,0,0,1,0,0
-0.48000,0.00000,-1.00000,0.50000,0.00000,0.00000,1.00000,-0.22218,1.00000,0.75000,0.00000,0.00000,1.00000,-0.01333,-0.05719,-0.33333,-0.50974,-0.65333,-0.50974,-0.33333,-0.05719,1.00000,1.00000,1.00000,-0.40000,-1.00000,-1.00000,-1.00000,-1.00000,1.00000,1.00000,2,1,1,1,0,0,0,1,0,0
-0.46800,0.00000,-1.00000,0.50000,0.00000,0.00000,1.00000,-0.22218,1.00000,0.75000,0.00000,0.00000,1.00000,-0.02133,-0.05719,-0.33333,-0.49843,-0.64533,-0.49843,-0.33333,-0.05719,1.00000,1.00000,1.00000,-0.40000,-1.00000,-1.00000,-1.00000,-1.00000,1.00000,1.00000,2,1,1,1,0,0,0,1,0,0
-0.45600,0.00000,-1.00000,0.50000,0.00000,0.00000,1.00000,-0.22218,1.00000,0.75000,0.00000,0.00000,1.00000,-0.02933,-0.05719,-0.33333,-0.48711,-0.63733,-0.48711,-0.33333,-0.05719,1.00000,1.00000,1.00000,-0.40000,-1.00000,-1.00000,-1.00000,-1.00000,1.00000,1.00000,2,1,1,1,0,0,0,1,0,0
-0.44400,0.00000,-1.00000,0.50000,0.00000,0.00000,1.00000,-0.22218,1.00000,0.75000,0.00000,0.00000,1.00000,-0.03733,-0.05719,-0.33333,-0.47580,-0.62933,-0.47580,-0.33333,-0.05719,1.00000,1.00000,1.00000,-0.40000,-1.00000,-1.00000,-1.00000,-1.00000,1.00000,1.00000,2,1,1,1,0,0,0,1,0,0
-0.43200,0.00000,-1.00000,0.50000,0.00000,0.00000,1.00000,-0.22218,1.00000,0.75000,0.00000,0.00000,1.00000,-0.04533,-0.05719,-0.33333,-0.46448,-0.62133,-0.46448,-0.33333,-0.05719,1.00000,1.00000,1.00000,-0.40000,-1.00000,-1.00000,-1.00000,-1.00000,1.00000,1.00000,2,1,1,1,0,0,0,1,0,0
-0.42000,0.00000,-1.00000,0.50000,0.00000,0.00000,1.00000,-0.22218,1.00000,0.75000,0.00000,0.00000,1.00000,-0.05333,-0.05719,-0.33333,-0.45317,-0.61333,-0.45317,-0.33333,-0.05719,1.00000,1.00000,1.00000,-0.40000,-1.00000,-1.00000,-1.00000,-1.00000,1.00000,1.00000,2,1,1,1,0,0,0,1,0,0
-0.40800,0.00000,-1.00000,0.50000,0.00000,0.00000,1.00000,-0.22218,1.00000,0.75000,0.00000,0.00000,1.00000,-0.06133,-0.05719,-0.33333,-0.44186,-0.60533,-0.44186,-0.33333,-0.05719,1.00000,1.00000,1.00000,-0.40000,-1.00000,-1.00000,-1.00000,-1.00000,1.00000,1.00000,2,1,1,1,0,0,0,1,0,0
-0.39600,0.00000,-1.00000,0.50000,0.00000,0.00000,1.00000,-0.57574,1.00000,0.75000,0.00000,0.00000,1.00000,-0.06933,-0.05719,-0.33333,-0.43054,-0.59733,-0.43054,-0.33333,-0.05719,1.00000,1.00000,1.00000,-0.40000,-1.00000,-1.00000,-1.00000,-1.00000,1.00000,1.00000,2,1,1,1,0,0,0,1,0,0
-0.38400,0.00000,-1.00000,0.50000,0.00000,0.00000,1.00000,-0.57574,1.00000,0.75000,0.00000,0.00000,1.00000,-0.07733,-0.05719,-0.33333,-0.41923,-0.58933,-0.41923,-0.33333,-0.05719,1.00000,1.00000,1.00000,-0.40000,-1.00000,-1.00000,-1.00000,-1.00000,1.00000,1.00000,2,1,1,1,0,0,0,1,0,0
-0.37200,0.00000,-1.00000,0.50000,0.00000,0.00000,1.00000,-0.57574,1.00000,0.75000,0.00000,0.00000,1.00000,-0.08533,-0.05719,-0.33333,-0.40792,-0.58133,-0.40792,-0.33333,-0.05719,1.00000,1.00000,1.00000,-0.40000,-1.00000,-1.00000,-1.00000,-1.00000,1.00000,1.00000,2,1,1,1,0,0,0,1,0,0
-0.36000,0.00000,-1.00000,0.50000,0.00000,0.00000,1.00000,-0.57574,1.00000,0.75000,0.00000,0.00000,1.00000,-0.09333,-0.05719,-0.33333,-0.39660,-0.57333,-0.39660,-0.33333,-0.05719,1.00000,1.00000,1.00000,-0.40000,-1.00000,-1.00000,-1.00000,-1.00000,1.00000,1.00000,2,1,1,1,0,0,0,1,0,0
-0.34800,0.00000,-1.00000,0.50000,0.00000,0.00000,1.00000,-0.57574,1.00000,0.75000,0.00000,0.00000,1.00000,-0.10133,-0.05719,-0.33333,-0.38529,-0.56533,-0.38529,-0.33333,-0.05719,1.00000,1.00000,1.00000,-0.40000,-1.00000,-1.00000,-1.00000,-1.00000,1.00000,1.00000,2,1,1,1,0,0,0,1,0,0
-0.33600,0.00000,-1.00000,0.50000,0.00000,0.00000,1.00000,-0.57574,1.00000,0.75000,0.00000,0.00000,1.00000,-0.10933,-0.05719,-0.33333,-0.37397,-0.55733,-0.37397,-0.33333,-0.05719,1.00000,1.00000,1.00000,-0.40000,-1.00000,-1.00000,-1.00000,-1.00000,1.00000,1.00000,2,1,1,1,0,0,0,1,0,0
-0.32400,0.00000,-1.00000,0.50000,0.00000,0.00000,1.00000,-0.57574,1.00000,0.75000,0.00000,0.00000,1.00000,-0.11733,-0.05719,-0.33333,-0.36266,-0.54933,-0.36266,-0.33333,-0.05719,1.00000,1.00000,1.00000,-0.40000,-1.00000,-1.00000,-1.00000,-1.00000,1.00000,1.00000,2,1,1,1,0,0,0,1,0,0
-0.31200,0.00000,-1.00000,0.50000,0.00000,0.00000,1.00000,-0.57574,1.00000,0.75000,0.00000,0.00000,1.00000,-0.12533,-0.05719,-0.33333,-0.35135,-0.54133,-0.35135,-0.33333,-0.05719,1.00000,1.00000,1.00000,-0.40000,-1.00000,-1.00000,-1.00000,-1.00000,1.00000,1.00000,2,1,1,1,0,0,0,1,0,0
-0.30000,0.00000,-1.00000,0.50000,0.00000,0.00000,1.00000,-0.57574,1.00000,0.75000,0.00000,0.00000,1.00000,-0.13333,-0.05719,-0.33333,-0.34003,-0.53333,-0.34003,-0.33333,-0.05719,1.00000,1.00000,1.00000,-0.40000,-1.00000,-1.00000,-1.00000,-1.00000,1.00000,1.00000,2,1,1,1,0,0,0,1,0,0
-0.28800,0.00000,-1.00000,0.50000,0.00000,0.00000,1.00000,-0.57574,1.00000,0.75000,0.00000,0.00000,1.00000,-0.14133,-0.05719,-0.33333,-0.32872,-0.52533,-0.32872,-0.33333,-0.05719,1.00000,1.00000,1.00000,-0.40000,-1.00000,-1.00000,-1.00000,-1.00000,1.00000,1.00000,2,1,1,1,0,0,0,1,0,0
-0.27600,0.00000,-1.00000,0.50000,0.00000,0.00000,1.00000,-0.57574,1.00000,0.75000,0.00000,0.00000,1.00000,-0.14933,-0.05719,-0.33333,-0.31741,-0.51733,-0.31741,-0.33333,-0.05719,1.00000,1.00000,1.00000,-0.40000,-1.00000,-1.00000,-1.00000,-1.00000,1.00000,1.00000,2,1,1,1,0,0,0,1,0,0
-0.26400,0.00000,-1.00000,0.50000,0.00000,0.00000,1.00000,-0.57574,1.00000,0.75000,0.00000,0.00000,1.00000,-0.15733,-0.05719,-0.33333,-0.30609,-0.50933,-0.30609,-0.33333,-0.05719,1.00000,1.00000,1.00000,-0.40000,-1.00000,-1.00000,-1.00000,-1.00000,1.00000,1.00000,2,1,1,1,0,0,0,1,0,0
-0.25200,0.00000,-1.00000,0.50000,0.00000,0.00000,1.00000,-0.57574,1.00000,0.75000,0.00000,0.00000,1.00000,-0.16533,-0.05719,-0.33333,-0.29478,-0.50133,-0.29478,-0.33333,-0.05719,1.00000,1.00000,1.00000,-0.40000,-1.00000,-1.00000,-1.00000,-1.00000,1.00000,1.00000,2,1,1,1,0,0,0,1,0,0
-0.24000,0.00000,-1.00000,0.50000,0.00000,0.00000,1.00000,-0.57574,1.00000,0.75000,0.00000,0.00000,1.00000,-0.17333,-0.05719,-0.33333,-0.28347,-0.49333,-0.28347,-0.33333,-0.05719,1.00000,1.00000,1.00000,-0.40000,-1.00000,-1.00000,-1.00000,-1.00000,1.00000,1.00000,2,1,1,1,0,0,0,1,0,0
-0.22800,0.00000,-1.00000,0.50000,0.00000,0.00000,1.00000,-0.57574,1.00000,0.75000,0.00000,0.00000,1.00000,-0.18133,-0.05719,-0.33333,-0.27215,-0.48533,-0.27215,-0.33333,-0.05719,1.00000,1.00000,1.00000,-0.40000,-1.00000,-1.00000,-1.00000,-1.00000,1.00000,1.00000,2,1,1,0,0,0,0,1,0,0
-0.21600,0.00000,-1.00000,0.50000,-0.08488,0.00000,1.00000,-0.57574,1.00000,0.75000,0.00000,0.00000,1.00000,-0.18933,-0.05719,-0.33333,-0.26084,-0.47733,-0.26084,-0.33333,-0.05719,1.00000,1.00000,1.00000,-0.40000,-1.00000,-1.00000,-1.00000,-1.00000,1.00000,1.00000,2,1,1,2,0,0,0,1,0,0
-0.20400,0.00000,-1.00000,0.50000,-0.00000,0.00000,1.00000,-0.57574,1.00000,0.75000,0.00000,0.00000,1.00000,-0.19733,-0.05719,-0.33333,-0.24952,-0.46933,-0.24952,-0.33333,-0.05719,1.00000,1.00000,1.00000,-0.40000,-1.00000,-1.00000,-1.00000,-1.00000,1.00000,1.00000,2,1,1,0,0,0,0,1,0,0
-0.19200,0.00000,-1.00000,0.50000,-0.08488,0.00000,1.00000,-0.78787,1.00000,0.75000,0.00000,0.00000,1.00000,-0.20533,-0.05719,-0.33333,-0.23821,-0.46133,-0.23821,-0.33333,-0.05719,1.00000,1.00000,1.00000,-0.40000,-1.00000,-1.00000,-1.00000,-1.00000,1.00000,1.00000,2,1,1,2,0,0,0,1,0,0
-0.18000,0.00000,-1.00000,0.50000,-0.00000,0.00000,1.00000,-0.78787,1.00000,0.75000,0.00000,0.00000,1.00000,-0.21333,-0.05719,-0.33333,-0.22690,-0.45333,-0.22690,-0.33333,-0.05719,1.00000,1.00000,1.00000,-0.40000,-1.00000,-1.00000,-1.00000,-1.00000,1.00000,1.00000,2,1,1,0,0,0,0,1,0,0
-0.16800,0.00000,-1.00000,0.50000,-0.08488,0.00000,1.00000,-0.78787,1.00000,0.75000,0.00000,0.00000,1.00000,-0.22133,-0.05719,-0.33333,-0.21558,-0.44533,-0.21558,-0.33333,-0.05719,1.00000,1.00000,1.00000,-0.40000,-1.00000,-1.00000,-1.00000,-1.00000,1.00000,1.00000,2,1,1,2,0,0,0,1,0,0
-0.15600,0.00000,-1.00000,0.50000,-0.00000,0.00000,1.00000,-0.78787,1.00000,0.75000,0.00000,-0.00952,0.99995,-0.22933,-0.05719,-0.33333,-0.20427,-0.43733,-0.20427,-0.33333,-0.05719,1.00000,1.00000,1.00000,-0.40000,-1.00000,-1.00000,-1.00000,-1.00000,1.00000,1.00000,1,0,1,0,0,0,0,1,0,0
-0.15600,0.01200,-1.00000,0.50000,-0.08488,0.00000,1.00000,-0.78787,1.00000,0.75000,0.00000,-0.00952,0.99995,-0.22933,-0.04588,-0.32533,-0.20427,-0.43733,-0.20427,-0.34133,-0.06850,1.00000,1.00000,1.00000,-0.40000,-1.00000,-1.00000,-1.00000,-1.00000,1.00000,1.00000,1,0,1,2,0,0,0,1,0,0
-0.15600,0.02400,-1.00000,0.50000,-0.00000,0.00000,1.00000,-0.78787,1.00000,0.75000,0.00000,-0.00952,0.99995,-0.22933,-0.03456,-0.31733,-0.20427,-0.43733,-0.20427,-0.34933,-0.07982,1.00000,1.00000,1.00000,-0.40000,-1.00000,-1.00000,-1.00000,-1.00000,1.00000,1.00000,1,0,1,0,0,0,0,1,0,0
-0.15600,0.03600,-1.00000,0.50000,-0.08488,0.00000,1.00000,-0.78787,1.00000,0.75000,0.00000,-0.00952,0.99995,-0.22933,-0.02325,-0.30933,-0.20427,-0.43733,-0.20427,-0.35733,-0.09113,1.00000,1.00000,1.00000,-0.40000,-1.00000,-1.00000,-1.00000,-1.00000,1.00000,1.00000,1,0,1,2,0,0,0,1,0,0
-0.15600,0.04800,-1.00000,0.50000,-0.00000,0.00000,1.00000,-0.78787,1.00000,0.75000,0.00000,-0.00952,0.99995,-0.22933,-0.01194,-0.30133,-0.20427,-0.43733,-0.20427,-0.36533,-0.10245,1.00000,1.00000,1.00000,-0.40000,-1.00000,-1.00000,-1.00000,-1.00000,1.00000,1.00000,1,0,1,0,0,0,0,1,0,0
-0.15600,0.06000,-1.00000,0.50000,-0.08488,0.00000,1.00000,-0.78787,1.00000,0.75000,0.00000,-0.00952,0.99995,-0.22933,-0.00062,-0.29333,-0.20427,-0.43733,-0.20427,-0.37333,-0.11376,1.00000,1.00000,1.00000,-0.40000,-1.00000,-1.00000,-1.00000,-1.00000,1.00000,1.00000,1,0,1,2,0,0,0,1,0,0
-0.15600,0.07200,-1.00000,0.50000,-0.00000,0.00000,1.00000,-0.78787,1.00000,0.75000,0.00000,-0.00952,0.99995,-0.22933,0.01069,-0.28533,-0.20427,-0.43733,-0.20427,-0.38133,-0.12507,1.00000,1.00000,1.00000,-0.40000,-1.00000,-1.00000,-1.00000,-1.00000,1.00000,1.00000,1,0,1,0,0,0,0,1,0,0
-0.15600,0.08400,-1.00000,0.50000,-0.08488,0.00000,1.00000,-0.78787,1.00000,0.75000,0.00000,-0.00952,0.99995,-0.22933,0.02201,-0.27733,-0.20427,-0.43733,-0.20427,-0.38933,-0.13639,1.00000,1.00000,1.00000,-0.40000,-1.00000,-1.00000,-1.00000,-1.00000,1.00000,1.00000,1,0,1,2,0,0,0,1,0,0
-0.15600,0.09600,-1.00000,0.50000,-0.00000,0.00000,1.00000,-0.78787,1.00000,0.75000,0.00000,-0.00952,0.99995,-0.22933,0.03332,-0.26933,-0.20427,-0.43733,-0.20427,-0.39733,-0.14770,1.00000,1.00000,1.00000,-0.40000,-1.00000,-1.00000,-1.00000,-1.00000,1.00000,1.00000,1,0,1,0,0,0,0,1,0,0
-0.15600,0.10800,-1.00000,0.50000,-0.08488,0.00000,1.00000,-0.78787,1.00000,0.75000,0.00000,-0.00952,0.99995,-0.22933,0.04463,-0.26133,-0.20427,-0.43733,-0.20427,-0.40533,-0.15901,1.00000,1.00000,1.00000,-0.40000,-1.00000,-1.00000,-1.00000,-1.00000,1.00000,1.00000,1,0,1,2,0,0,0,1,0,0
-0.15600,0.12000,-1.00000,0.50000,-0.00000,0.00000,1.00000,-0.78787,1.00000,0.75000,0.00000,0.04758,0.99887,-0.22933,0.05595,-0.25333,-0.20427,-0.43733,-0.20427,-0.41333,-0.17033,1.00000,1.00000,1.00000,-0.40000,-1.00000,-1.00000,-1.00000,-1.00000,1.00000,1.00000,1,2,2,0,0,0,0,1,0,0
-0.15735,0.10809,-1.00000,0.55730,-0.08488,0.00000,1.00000,-0.78787,1.00000,0.75000,0.00000,-0.13189,0.99126,-0.21577,-0.10161,-0.24914,-0.31681,-0.42901,-0.27688,-0.39563,-0.06167,1.00000,1.00000,1.00000,-0.40000,-1.00000,-1.00000,-1.00000,-1.00000,1.00000,1.00000,1,2,0,2,0,0,0,1,0,0
-0.15815,0.09613,-1.00000,0.50000,-0.00000,0.00000,1.00000,-0.78787,1.00000,0.75000,0.00000,0.04776,0.99886,-0.22790,0.03344,-0.26924,-0.20630,-0.43877,-0.20630,-0.39742,-0.14783,1.00000,1.00000,1.00000,-0.40000,-1.00000,-1.00000,-1.00000,-1.00000,1.00000,1.00000,1,2,2,0,0,0,0,1,0,0
-0.15950,0.08422,-1.00000,0.55730,-0.08488,0.00000,1.00000,-0.78787,1.00000,0.75000,0.00000,-0.13171,0.99129,-0.21431,-0.12096,-0.26531,-0.31856,-0.43046,-0.25753,-0.37946,-0.05993,1.00000,1.00000,1.00000,-0.40000,-1.00000,-1.00000,-1.00000,-1.00000,1.00000,1.00000,1,2,0,2,0,0,0,1,0,0
-0.16031,0.07227,-1.00000,0.50000,-0.00000,0.00000,1.00000,-0.78787,1.00000,0.75000,0.00000,0.04794,0.99885,-0.22646,0.01094,-0.28516,-0.20833,-0.44021,-0.20833,-0.38151,-0.12532,1.00000,1.00000,1.00000,-0.40000,-1.00000,-1.00000,-1.00000,-1.00000,1.00000,1.00000,1,2,2,0,0,0,0,1,0,0
-0.16165,0.06036,-1.00000,0.55730,-0.08488,0.00000,1.00000,-0.78787,1.00000,0.75000,0.00000,-0.13153,0.99131,-0.21285,-0.14031,-0.28149,-0.32030,-0.43192,-0.23818,-0.36328,-0.05818,1.00000,1.00000,1.00000,-0.40000,-1.00000,-1.00000,-1.00000,-1.00000,1.00000,1.00000,1,2,0,2,0,0,0,1,0,0
-0.16246,0.04840,-1.00000,0.50000,-0.00000,0.00000,1.00000,-0.78787,1.00000,0.75000,0.00000,0.04812,0.99884,-0.22503,-0.01156,-0.30107,-0.21036,-0.44164,-0.21036,-0.36560,-0.10282,1.00000,1.00000,1.00000,-0.40000,-1.00000,-1.00000,-1.00000,-1.00000,1.00000,1.00000,1,2,2,0,0,0,0,1,0,0
-0.16381,0.03649,-1.00000,0.55730,-0.08488,0.00000,1.00000,-0.78787,1.00000,0.75000,0.00000,-0.13135,0.99134,-0.21139,-0.15966,-0.29766,-0.32205,-0.43338,-0.21883,-0.34711,-0.05643,1.00000,1.00000,1.00000,-0.40000,-1.00000,-1.00000,-1.00000,-1.00000,1.00000,1.00000,1,2,0,2,0,0,0,1,0,0
-0.16462,0.02453,-1.00000,0.50000,-0.00000,0.00000,1.00000,-0.78787,1.00000,0.75000,0.00000,0.04830,0.99883,-0.22359,-0.03406,-0.31698,-0.21239,-0.44308,-0.21239,-0.34969,-0.08032,1.00000,1.00000,1.00000,-0.40000,-1.00000,-1.00000,-1.00000,-1.00000,1.00000,1.00000,1,2,2,0,0,0,0,1,0,0
-0.16596,0.01262,-1.00000,0.55730,-0.08488,0.00000,1.00000,-0.78787,1.00000,0.75000,0.00000,-0.13118,0.99136,-0.20993,-0.17901,-0.31383,-0.32380,-0.43484,-0.19948,-0.33094,-0.05469,1.00000,1.00000,1.00000,-0.40000,-1.00000,-1.00000,-1.00000,-1.00000,1.00000,1.00000,2,1,0,2,0,0,0,1,0,0
-0.15400,0.01182,-1.00000,0.50000,-0.00000,0.00000,1.00000,-0.78787,1.00000,0.75000,0.00000,0.04777,0.99886,-0.23066,-0.04605,-0.32546,-0.20239,-0.43600,-0.20239,-0.34121,-0.06833,1.00000,1.00000,1.00000,-0.40000,-1.00000,-1.00000,-1.00000,-1.00000,1.00000,1.00000,1,2,2,0,0,0,0,1,0,0
-0.15535,-0.00009,-1.00000,0.55730,-0.08488,0.00000,1.00000,-0.78787,1.00000,0.75000,0.00000,-0.18975,0.98183,-0.21712,-0.18932,-0.32245,-0.31519,-0.42765,-0.18917,-0.32232,-0.06329,1.00000,1.00000,1.00000,-0.40000,-1.00000,-1.00000,-1.00000,-1.00000,1.00000,1.00000,1,0,0,2,0,0,0,1,0,0
-0.15454,0.01186,-1.00000,0.50000,-0.00000,0.00000,1.00000,-0.78787,1.00000,0.75000,0.00000,-0.01108,0.99994,-0.23031,-0.04600,-0.32542,-0.20289,-0.43636,-0.20289,-0.34124,-0.06838,1.00000,1.00000,1.00000,-0.40000,-1.00000,-1.00000,-1.00000,-1.00000,1.00000,1.00000,1,0,1,0,0,0,0,1,0,0
-0.15454,0.02386,-1.00000,0.50000,-0.08488,0.00000,1.00000,-0.78787,1.00000,0.75000,0.00000,-0.01108,0.99994,-0.23031,-0.03469,-0.31742,-0.20289,-0.43636,-0.20289,-0.34924,-0.07969,1.00000,1.00000,1.00000,-0.40000,-1.00000,-1.00000,-1.00000,-1.00000,1.00000,1.00000,1,0,1,2,0,0,0,1,0,0
-0.15454,0.03586,-1.00000,0.50000,-0.00000,0.00000,1.00000,-0.78787,1.00000,0.75000,0.00000,-0.01108,0.99994,-0.23031,-0.02338,-0.30942,-0.20289,-0.43636,-0.20289,-0.35724,-0.09100,1.00000,1.00000,1.00000,-0.40000,-1.00000,-1.00000,-1.00000,-1.00000,1.00000,1.00000,1,0,1,0,0,0,0,1,0,0
-0.15454,0.04786,-1.00000,0.50000,-0.08488,0.00000,1.00000,-0.78787,1.00000,0.75000,0.00000,-0.01108,0.99994,-0.23031,-0.01206,-0.30142,-0.20289,-0.43636,-0.20289,-0.36524,-0.10232,1.00000,1.00000,1.00000,-0.40000,-1.00000,-1.00000,-1.00000,-1.00000,1.00000,1.00000,1,0,1,2,0,0,0,1,0,0
-0.15454,0.05986,-1.00000,0.50000,-0.00000,0.00000,1.00000,-0.78787,1.00000,0.75000,0.00000,-0.01108,0.99994,-0.23031,-0.00075,-0.29342,-0.20289,-0.43636,-0.20289,-0.37324,-0.11363,1.00000,1.00000,1.00000,-0.40000,-1.00000,-1.00000,-1.00000,-1.00000,1.00000,1.00000,1,0,1,0,0,0,0,1,0,0
-0.15454,0.07186,-1.00000,0.50000,-0.08488,0.00000,1.00000,-0.78787,1.00000,0.75000,0.00000,-0.01108,0.99994,-0.23031,0.01056,-0.28542,-0.20289,-0.43636,-0.20289,-0.38124,-0.12495,1.00000,1.00000,1.00000,-0.40000,-1.00000,-1.00000,-1.00000,-1.00000,1.00000,1.00000,1,0,1,2,0,0,0,1,0,0
-0.15454,0.08386,-1.00000,0.50000,-0.00000,0.00000,1.00000,-0.78787,1.00000,0.75000,0.00000,-0.01108,0.99994,-0.23031,0.02188,-0.27742,-0.20289,-0.43636,-0.20289,-0.38924,-0.13626,1.00000,1.00000,1.00000,-0.40000,-1.00000,-1.00000,-1.00000,-1.00000,1.00000,1.00000,1,0,1,0,0,0,0,1,0,0
-0.15454,0.09586,-1.00000,0.50000,-0.08488,0.00000,1.00000,-0.78787,1.00000,0.75000,0.00000,-0.01108,0.99994,-0.23031,0.03319,-0.26942,-0.20289,-0.43636,-0.20289,-0.39724,-0.14757,1.00000,1.00000,1.00000,-0.40000,-1.00000,-1.00000,-1.00000,-1.00000,1.00000,1.00000,1,0,1,2,0,0,0,1,0,0
-0.15454,0.10786,-1.00000,0.50000,-0.00000,0.00000,1.00000,-0.78787,1.00000,0.75000,0.00000,-0.01108,0.99994,-0.23031,0.04450,-0.26142,-0.20289,-0.43636,-0.20289,-0.40524,-0.15889,1.00000,1.00000,1.00000,-0.40000,-1.00000,-1.00000,-1.00000,-1.00000,1.00000,1.00000,1,0,1,0,0,0,0,1,0,0
-0.15454,0.11986,-1.00000,0.50000,-0.08488,0.00000,1.00000,-0.78787,1.00000,0.75000,0.00000,-0.01108,0.99994,-0.23031,0.05582,-0.25342,-0.20289,-0.43636,-0.20289,-0.41324,-0.17020,1.00000,1.00000,1.00000,-0.40000,-1.00000,-1.00000,-1.00000,-1.00000,1.00000,1.00000,1,0,1,2,0,0,0,1,0,0
-0.15454,0.13186,-1.00000,0.50000,-0.00000,0.00000,1.00000,-0.78787,1.00000,0.75000,0.00000,0.00859,0.99996,-0.23031,0.06713,-0.24542,-0.20289,-0.43636,-0.20289,-0.42124,-0.18151,1.00000,1.00000,1.00000,-0.40000,-1.00000,-1.00000,-1.00000,-1.00000,1.00000,1.00000,1,2,1,0,0,0,0,1,0,0
-0.15454,0.11986,-1.00000,0.50000,-0.08488,0.00000,1.00000,-0.78787,1.00000,0.75000,0.00000,0.00859,0.99996,-0.23031,0.05582,-0.25342,-0.20289,-0.43636,-0.20289,-0.41324,-0.17020,1.00000,1.00000,1.00000,-0.40000,-1.00000,-1.00000,-1.00000,-1.00000,1.00000,1.00000,1,2,1,2,0,0,0,1,0,0
-0.15454,0.10786,-1.00000,0.50000,-0.00000,0.00000,1.00000,-0.78787,1.00000,0.75000,0.00000,0.00859,0.99996,-0.23031,0.04450,-0.26142,-0.20289,-0.43636,-0.20289,-0.40524,-0.15889,1.00000,1.00000,1.00000,-0.40000,-1.00000,-1.00000,-1.00000,-1.00000,1.00000,1.00000,1,2,1,0,0,0,0,1,0,0
-0.15454,0.09586,-1.00000,0.50000,-0.08488,0.00000,1.00000,-0.78787,1.00000,0.75000,0.00000,0.00859,0.99996,-0.23031,0.03319,-0.26942,-0.20289,-0.43636,-0.20289,-0.39724,-0.14757,1.00000,1.00000,1.00000,-0.40000,-1.00000,-1.00000,-1.00000,-1.00000,1.00000,1.00000,1,2,1,2,0,0,0,1,0,0
-0.15454,0.08386,-1.00000,0.50000,-0.00000,0.00000,1.00000,-0.78787,1.00000,0.75000,0.00000,0.00859,0.99996,-0.23031,0.02188,-0.27742,-0.20289,-0.43636,-0.20289,-0.38924,-0.13626,1.00000,1.00000,1.00000,-0.40000,-1.00000,-1.00000,-1.00000,-1.00000,1.00000,1.00000,1,2,1,0,0,0,0,1,0,0
-0.15454,0.07186,-1.00000,0.50000,-0.08488,0.00000,1.00000,-0.78787,1.00000,0.75000,0.00000,0.00859,0.99996,-0.23031,0.01056,-0.28542,-0.20289,-0.43636,-0.20289,-0.38124,-0.12495,1.00000,1.00000,1.00000,-0.40000,-1.00000,-1.00000,-1.00000,-1.00000,1.00000,1.00000,1,2,1,2,0,0,0,1,0,0
-0.15454,0.05986,-1.00000,0.50000,-0.00000,0.00000,1.00000,-0.78787,1.00000,0.75000,0.00000,0.00859,0.99996,-0.23031,-0.00075,-0.29342,-0.20289,-0.43636,-0.20289,-0.37324,-0.11363,1.00000,1.00000,1.00000,-0.40000,-1.00000,-1.00000,-1.00000,-1.00000,1.00000,1.00000,1,2,1,0,0,0,0,1,0,0
-0.15454,0.04786,-1.00000,0.50000,-0.08488,0.00000,1.00000,-0.78787,1.00000,0.75000,0.00000,0.00859,0.99996,-0.23031,-0.01206,-0.30142,-0.20289,-0.43636,-0.20289,-0.36524,-0.10232,1.00000,1.00000,1.00000,-0.40000,-1.00000,-1.00000,-1.00000,-1.00000,1.00000,1.00000,1,2,1,2,0,0,0,1,0,0
-0.15454,0.03586,-1.00000,0.50000,-0.00000,0.00000,1.00000,-0.78787,1.00000,0.75000,0.00000,0.00859,0.99996,-0.23031,-0.02338,-0.30942,-0.20289,-0.43636,-0.20289,-0.35724,-0.09100,1.00000,1.00000,1.00000,-0.40000,-1.00000,-1.00000,-1.00000,-1.00000,1.00000,1.00000,1,2,1,0,0,0,0,1,0,0
-0.15454,0.02386,-1.00000,0.50000,-0.08488,0.00000,1.00000,-0.78787,1.00000,0.75000,0.00000,0.00859,0.99996,-0.23031,-0.03469,-0.31742,-0.20289,-0.43636,-0.20289,-0.34924,-0.07969,1.00000,1.00000,1.00000,-0.40000,-1.00000,-1.00000,-1.00000,-1.00000,1.00000,1.00000,1,2,1,2,0,0,0,1,0,0
-0.15454,0.01186,-1.00000,0.50000,-0.00000,0.00000,1.00000,-0.78787,1.00000,0.75000,0.00000,0.00859,0.99996,-0.23031,-0.04600,-0.32542,-0.20289,-0.43636,-0.20289,-0.34124,-0.06838,1.00000,1.00000,1.00000,-0.40000,-1.00000,-1.00000,-1.00000,-1.00000,1.00000,1.00000,1,2,1,0,0,0,0,1,0,0
-0.15454,-0.00014,-1.00000,0.50000,-0.08488,0.00000,1.00000,-0.78787,1.00000,0.75000,0.00000,0.00859,0.99996,-0.23031,-0.05732,-0.33342,-0.20289,-0.43636,-0.20289,-0.33324,-0.05706,1.00000,1.00000,1.00000,-0.40000,-1.00000,-1.00000,-1.00000,-1.00000,1.00000,1.00000,1,0,1,2,0,0,0,1,0,0
-0.15454,0.01186,-1.00000,0.50000,-0.00000,0.00000,1.00000,-0.78787,1.00000,0.75000,0.00000,0.00859,0.99996,-0.23031,-0.04600,-0.32542,-0.20289,-0.43636,-0.20289,-0.34124,-0.06838,1.00000,1.00000,1.00000,-0.40000,-1.00000,-1.00000,-1.00000,-1.00000,1.00000,1.00000,1,0,1,0,0,0,0,1,0,0
-0.15454,0.02386,-1.00000,0.50000,-0.08488,0.00000,1.00000,-0.78787,1.00000,0.75000,0.00000,0.00859,0.99996,-0.23031,-0.03469,-0.31742,-0.20289,-0.43636,-0.20289,-0.34924,-0.07969,1.00000,1.00000,1.00000,-0.40000,-1.00000,-1.00000,-1.00000,-1.00000,1.00000,1.00000,1,0,1,2,0,0,0,1,0,0
-0.15454,0.03586,-1.00000,0.50000,-0.00000,0.00000,1.00000,-0.78787,1.00000,0.75000,0.00000,0.00859,0.99996,-0.23031,-0.02338,-0.30942,-0.20289,-0.43636,-0.20289,-0.35724,-0.09100,1.00000,1.00000,1.00000,-0.40000,-1.00000,-1.00000,-1.00000,-1.00000,1.00000,1.00000,1,0,1,0,0,0,0,1,0,0
-0.15454,0.04786,-1.00000,0.50000,-0.08488,0.00000,1.00000,-0.78787,1.00000,0.75000,0.00000,0.00859,0.99996,-0.23031,-0.01206,-0.30142,-0.20289,-0.43636,-0.20289,-0.36524,-0.10232,1.00000,1.00000,1.00000,-0.40000,-1.00000,-1.00000,-1.00000,-1.00000,1.00000,1.00000,1,0,1,2,0,0,0,1,0,0
-0.15454,0.05986,-1.00000,0.50000,-0.00000,0.00000,1.00000,-0.78787,1.00000,0.75000,0.00000,0.00859,0.99996,-0.23031,-0.00075,-0.29342,-0.20289,-0.43636,-0.20289,-0.37324,-0.11363,1.00000,1.00000,1.00000,-0.40000,-1.00000,-1.00000,-1.00000,-1.00000,1.00000,1.00000,1,0,1,0,0,0,0,1,0,0
-0.15454,0.07186,-1.00000,0.50000,-0.08488,0.00000,1.00000,-0.78787,1.00000,0.75000,0.00000,0.00859,0.99996,-0.23031,0.01056,-0.28542,-0.20289,-0.43636,-0.20289,-0.38124,-0.12495,1.00000,1.00000,1.00000,-0.40000,-1.00000,-1.00000,-1.00000,-1.00000,1.00000,1.00000,1,0,1,2,0,0,0,1,0,0
-0.15454,0.08386,-1.00000,0.50000,-0.00000,0.00000,1.00000,-0.78787,1.00000,0.75000,0.00000,0.00859,0.99996,-0.23031,0.02188,-0.27742,-0.20289,-0.43636,-0.20289,-0.38924,-0.13626,1.00000,1.00000,1.00000,-0.40000,-1.00000,-1.00000,-1.00000,-1.00000,1.00000,1.00000,1,0,1,0,0,0,0,1,0,0
-0.15454,0.09586,-1.00000,0.50000,-0.08488,0.00000,1.00000,-0.78787,1.00000,0.75000,0.00000,0.00859,0.99996,-0.23031,0.03319,-0.26942,-0.20289,-0.43636,-0.20289,-0.39724,-0.14757,1.00000,1.00000,1.00000,-0.40000,-1.00000,-1.00000,-1.00000,-1.00000,1.00000,1.00000,1,0,1,2,0,0,0,1,0,0
-0.15454,0.10786,-1.00000,0.50000,-0.00000,0.00000,1.00000,-0.78787,1.00000,0.75000,0.00000,0.00859,0.99996,-0.23031,0.04450,-0.26142,-0.20289,-0.43636,-0.20289,-0.40524,-0.15889,1.00000,1.00000,1.00000,-0.40000,-1.00000,-1.00000,-1.00000,-1.00000,1.00000,1.00000,1,0,1,0,0,0,0,1,0,0
-0.15454,0.11986,-1.00000,0.50000,-0.08488,0.00000,1.00000,-0.78787,1.00000,0.75000,0.00000,0.00859,0.99996,-0.23031,0.05582,-0.25342,-0.20289,-0.43636,-0.20289,-0.41324,-0.17020,1.00000,1.00000,1.00000,-0.40000,-1.00000,-1.00000,-1.00000,-1.00000,1.00000,1.00000,1,0,1,2,0,0,0,1,0,0
-0.15454,0.13186,-1.00000,0.50000,-0.00000,0.00000,1.00000,-0.78787,1.00000,0.75000,0.00000,0.00859,0.99996,-0.23031,0.06713,-0.24542,-0.20289,-0.43636,-0.20289,-0.42124,-0.18151,1.00000,1.00000,1.00000,-0.40000,-1.00000,-1.00000,-1.00000,-1.00000,1.00000,1.00000,1,0,1,0,0,0,0,1,0,0
-0.15454,0.14386,-1.00000,0.50000,-0.08488,0.00000,1.00000,-0.78787,1.00000,0.75000,0.00000,0.06749,0.99772,-0.23031,0.07845,-0.23742,-0.20289,-0.43636,-0.20289,-0.42924,-0.19283,1.00000,1.00000,1.00000,-0.40000,-1.00000,-1.00000,-1.00000,-1.00000,1.00000,1.00000,1,2,2,2,0,0,0,1,0,0
-0.15589,0.13196,-1.00000,0.55730,-0.00000,0.00000,1.00000,-0.78787,1.00000,0.75000,0.00000,-0.11214,0.99369,-0.21676,-0.08226,-0.23297,-0.31563,-0.42802,-0.29623,-0.41180,-0.06286,1.00000,1.00000,1.00000,-0.40000,-1.00000,-1.00000,-1.00000,-1.00000,1.00000,1.00000,1,2,0,0,0,0,0,1,0,0
-0.15669,0.12000,-1.00000,0.50000,-0.08488,0.00000,1.00000,-0.78787,1.00000,0.75000,0.00000,0.06761,0.99771,-0.22887,0.05594,-0.25333,-0.20492,-0.43780,-0.20492,-0.41333,-0.17033,1.00000,1.00000,1.00000,-0.40000,-1.00000,-1.00000,-1.00000,-1.00000,1.00000,1.00000,1,2,2,2,0,0,0,1,0,0
-0.15804,0.10809,-1.00000,0.55730,-0.00000,0.00000,1.00000,-0.78787,1.00000,0.75000,0.00000,-0.11202,0.99371,-0.21530,-0.10161,-0.24914,-0.31737,-0.42948,-0.27688,-0.39563,-0.06111,1.00000,1.00000,1.00000,-0.40000,-1.00000,-1.00000,-1.00000,-1.00000,1.00000,1.00000,1,2,0,0,0,0,0,1,0,0
-0.15885,0.09613,-1.00000,0.50000,-0.08488,0.00000,1.00000,-0.78787,1.00000,0.75000,0.00000,0.06773,0.99770,-0.22743,0.03344,-0.26925,-0.20695,-0.43923,-0.20695,-0.39742,-0.14782,1.00000,1.00000,1.00000,-0.40000,-1.00000,-1.00000,-1.00000,-1.00000,1.00000,1.00000,1,2,2,2,0,0,0,1,0,0
-0.16019,0.08422,-1.00000,0.55730,-0.00000,0.00000,1.00000,-0.78787,1.00000,0.75000,0.00000,-0.11191,0.99372,-0.21384,-0.12096,-0.26532,-0.31912,-0.43093,-0.25753,-0.37946,-0.05936,1.00000,1.00000,1.00000,-0.40000,-1.00000,-1.00000,-1.00000,-1.00000,1.00000,1.00000,1,2,0,0,0,0,0,1,0,0
-0.16100,0.07226,-1.00000,0.50000,-0.08488,0.00000,1.00000,-0.78787,1.00000,0.75000,0.00000,0.06785,0.99770,-0.22600,0.01094,-0.28516,-0.20898,-0.44067,-0.20898,-0.38151,-0.12532,1.00000,1.00000,1.00000,-0.40000,-1.00000,-1.00000,-1.00000,-1.00000,1.00000,1.00000,1,2,2,2,0,0,0,1,0,0
-0.16235,0.06036,-1.00000,0.55730,-0.00000,0.00000,1.00000,-0.78787,1.00000,0.75000,0.00000,-0.11179,0.99373,-0.21238,-0.14031,-0.28149,-0.32087,-0.43239,-0.23818,-0.36328,-0.05762,1.00000,1.00000,1.00000,-0.40000,-1.00000,-1.00000,-1.00000,-1.00000,1.00000,1.00000,1,2,0,0,0,0,0,1,0,0
-0.16316,0.04840,-1.00000,0.50000,-0.08488,0.00000,1.00000,-0.78787,1.00000,0.75000,0.00000,0.06796,0.99769,-0.22456,-0.01156,-0.30107,-0.21102,-0.44210,-0.21102,-0.36560,-0.10282,1.00000,1.00000,1.00000,-0.40000,-1.00000,-1.00000,-1.00000,-1.00000,1.00000,1.00000,1,2,2,2,0,0,0,1,0,0
-0.16450,0.03649,-1.00000,0.55730,-0.00000,0.00000,1.00000,-0.78787,1.00000,0.75000,0.00000,-0.11167,0.99375,-0.21092,-0.15966,-0.29766,-0.32261,-0.43385,-0.21883,-0.34711,-0.05587,1.00000,1.00000,1.00000,-0.40000,-1.00000,-1.00000,-1.00000,-1.00000,1.00000,1.00000,1,2,0,0,0,0,0,1,0,0
-0.16531,0.02453,-1.00000,0.50000,-0.08488,0.00000,1.00000,-0.78787,1.00000,0.75000,0.00000,0.06808,0.99768,-0.22313,-0.03406,-0.31698,-0.21305,-0.44354,-0.21305,-0.34969,-0.08032,1.00000,1.00000,1.00000,-0.40000,-1.00000,-1.00000,-1.00000,-1.00000,1.00000,1.00000,1,2,2,2,0,0,0,1,0,0
-0.16665,0.01262,-1.00000,0.55730,-0.00000,0.00000,1.00000,-0.78787,1.00000,0.75000,0.00000,-0.15967,0.98717,-0.20946,-0.17901,-0.31383,-0.32436,-0.43531,-0.19948,-0.33094,-0.05413,1.00000,1.00000,1.00000,-0.40000,-1.00000,-1.00000,-1.00000,-1.00000,1.00000,1.00000,1,0,0,0,0,0,0,1,0,0
-0.16585,0.02458,-1.00000,0.50000,-0.08488,0.00000,1.00000,-0.78787,1.00000,0.75000,0.00000,0.01955,0.99981,-0.22277,-0.03402,-0.31695,-0.21355,-0.44390,-0.21355,-0.34972,-0.08037,1.00000,1.00000,1.00000,-0.40000,-1.00000,-1.00000,-1.00000,-1.00000,1.00000,1.00000,1,0,1,2,0,0,0,1,0,0
-0.16585,0.03658,-1.00000,0.50000,-0.00000,0.00000,1.00000,-0.78787,1.00000,0.75000,0.00000,0.01955,0.99981,-0.22277,-0.02270,-0.30895,-0.21355,-0.44390,-0.21355,-0.35772,-0.09168,1.00000,1.00000,1.00000,-0.40000,-1.00000,-1.00000,-1.00000,-1.00000,1.00000,1.00000,1,0,1,0,0,0,0,1,0,0
-0.16585,0.04858,-1.00000,0.50000,-0.08488,0.00000,1.00000,-0.78787,1.00000,0.75000,0.00000,0.01955,0.99981,-0.22277,-0.01139,-0.30095,-0.21355,-0.44390,-0.21355,-0.36572,-0.10299,1.00000,1.00000,1.00000,-0.40000,-1.00000,-1.00000,-1.00000,-1.00000,1.00000,1.00000,1,0,1,2,0,0,0,1,0,0
-0.16585,0.06058,-1.00000,0.50000,-0.00000,0.00000,1.00000,-0.78787,1.00000,0.75000,0.00000,0.01955,0.99981,-0.22277,-0.00008,-0.29295,-0.21355,-0.44390,-0.21355,-0.37372,-0.11431,1.00000,1.00000,1.00000,-0.40000,-1.00000,-1.00000,-1.00000,-1.00000,1.00000,1.00000,1,0,1,0,0,0,0,1,0,0
-0.16585,0.07258,-1.00000,0.50000,-0.08488,0.00000,1.00000,-0.78787,1.00000,0.75000,0.00000,0.01955,0.99981,-0.22277,0.01124,-0.28495,-0.21355,-0.44390,-0.21355,-0.38172,-0.12562,1.00000,1.00000,1.00000,-0.40000,-1.00000,-1.00000,-1.00000,-1.00000,1.00000,1.00000,1,0,1,2,0,0,0,1,0,0
-0.16585,0.08458,-1.00000,0.50000,-0.00000,0.00000,1.00000,-0.78787,1.00000,0.75000,0.00000,0.01955,0.99981,-0.22277,0.02255,-0.27695,-0.21355,-0.44390,-0.21355,-0.38972,-0.13693,1.00000,1.00000,1.00000,-0.40000,-1.00000,-1.00000,-1.00000,-1.00000,1.00000,1.00000,1,0,1,0,0,0,0,1,0,0
-0.16585,0.09658,-1.00000,0.50000,-0.08488,0.00000,1.00000,-0.78787,1.00000,0.75000,0.00000,0.01955,0.99981,-0.22277,0.03387,-0.26895,-0.21355,-0.44390,-0.21355,-0.39772,-0.14825,1.00000,1.00000,1.00000,-0.40000,-1.00000,-1.00000,-1.00000,-1.00000,1.00000,1.00000,1,0,1,2,0,0,0,1,0,0
-0.16585,0.10858,-1.00000,0.50000,-0.00000,0.00000,1.00000,-0.78787,1.00000,0.75000,0.00000,0.01955,0.99981,-0.22277,0.04518,-0.26095,-0.21355,-0.44390,-0.21355,-0.40572,-0.15956,1.00000,1.00000,1.00000,-0.40000,-1.00000,-1.00000,-1.00000,-1.00000,1.00000,1.00000,1,0,1,0,0,0,0,1,0,0
-0.16585,0.12058,-1.00000,0.50000,-0.08488,0.00000,1.00000,-0.78787,1.00000,0.75000,0.00000,0.01955,0.99981,-0.22277,0.05649,-0.25295,-0.21355,-0.44390,-0.21355,-0.41372,-0.17088,1.00000,1.00000,1.00000,-0.40000,-1.00000,-1.00000,-1.00000,-1.00000,1.00000,1.00000,1,0,1,2,0,0,0,1,0,0
-0.16585,0.13258,-1.00000,0.50000,-0.00000,0.00000,1.00000,-0.78787,1.00000,0.75000,0.00000,0.01955,0.99981,-0.22277,0.06781,-0.24495,-0.21355,-0.44390,-0.21355,-0.42172,-0.18219,1.00000,1.00000,1.00000,-0.40000,-1.00000,-1.00000,-1.00000,-1.00000,1.00000,1.00000,1,0,1,0,0,0,0,1,0,0
-0.16585,0.14458,-1.00000,0.50000,-0.08488,0.00000,1.00000,-0.78787,1.00000,0.75000,0.00000,0.03902,0.99924,-0.22277,0.07912,-0.23695,-0.21355,-0.44390,-0.21355,-0.42972,-0.19350,1.00000,1.00000,1.00000,-0.40000,-1.00000,-1.00000,-1.00000,-1.00000,1.00000,1.00000,1,2,2,2,0,0,0,1,0,0
-0.16719,0.13267,-1.00000,0.55730,-0.00000,0.00000,1.00000,-0.78787,1.00000,0.75000,0.00000,-0.14035,0.99010,-0.20909,-0.08168,-0.23249,-0.32479,-0.43568,-0.29681,-0.41229,-0.05369,1.00000,1.00000,1.00000,-0.40000,-1.00000,-1.00000,-1.00000,-1.00000,1.00000,1.00000,1,2,0,0,0,0,0,1,0,0
-0.16800,0.12071,-1.00000,0.50000,-0.08488,0.00000,1.00000,-0.78787,1.00000,0.75000,0.00000,0.03924,0.99923,-0.22133,0.05662,-0.25286,-0.21558,-0.44533,-0.21558,-0.41381,-0.17100,1.00000,1.00000,1.00000,-0.40000,-1.00000,-1.00000,-1.00000,-1.00000,1.00000,1.00000,1,2,2,2,0,0,0,1,0,0
-0.16935,0.10880,-1.00000,0.55730,-0.00000,0.00000,1.00000,-0.78787,1.00000,0.75000,0.00000,-0.14014,0.99013,-0.20763,-0.10103,-0.24866,-0.32654,-0.43714,-0.27746,-0.39611,-0.05194,1.00000,1.00000,1.00000,-0.40000,-1.00000,-1.00000,-1.00000,-1.00000,1.00000,1.00000,1,2,0,0,0,0,0,1,0,0
-0.17015,0.09685,-1.00000,0.50000,-0.08488,0.00000,1.00000,-0.78787,1.00000,0.75000,0.00000,0.03945,0.99922,-0.21990,0.03412,-0.26877,-0.21761,-0.44677,-0.21761,-0.39790,-0.14850,1.00000,1.00000,1.00000,-0.40000,-1.00000,-1.00000,-1.00000,-1.00000,1.00000,1.00000,1,2,2,2,0,0,0,1,0,0
-0.17150,0.08494,-1.00000,0.55730,-0.00000,0.00000,1.00000,-0.78787,1.00000,0.75000,0.00000,-0.13993,0.99016,-0.20618,-0.12038,-0.26483,-0.32829,-0.43860,-0.25811,-0.37994,-0.05020,1.00000,1.00000,1.00000,-0.40000,-1.00000,-1.00000,-1.00000,-1.00000,1.00000,1.00000,1,2,0,0,0,0,0,1,0,0
-0.17231,0.07298,-1.00000,0.50000,-0.08488,0.00000,1.00000,-0.78787,1.00000,0.75000,0.00000,0.03967,0.99921,-0.21846,0.01162,-0.28468,-0.21964,-0.44821,-0.21964,-0.38199,-0.12600,1.00000,1.00000,1.00000,-0.40000,-1.00000,-1.00000,-1.00000,-1.00000,1.00000,1.00000,1,2,2,2,0,0,0,1,0,0
-0.17365,0.06107,-1.00000,0.55730,-0.00000,0.00000,1.00000,-0.78787,1.00000,0.75000,0.00000,-0.13971,0.99019,-0.20472,-0.13973,-0.28100,-0.33003,-0.44006,-0.23876,-0.36377,-0.04845,1.00000,1.00000,1.00000,-0.40000,-1.00000,-1.00000,-1.00000,-1.00000,1.00000,1.00000,1,2,0,0,0,0,0,1,0,0
-0.17446,0.04911,-1.00000,0.50000,-0.08488,0.00000,1.00000,-0.78787,1.00000,0.75000,0.00000,0.03988,0.99920,-0.21703,-0.01089,-0.30059,-0.22167,-0.44964,-0.22167,-0.36608,-0.10350,1.00000,1.00000,1.00000,-0.40000,-1.00000,-1.00000,-1.00000,-1.00000,1.00000,1.00000,1,2,2,2,0,0,0,1,0,0
-0.17581,0.03720,-1.00000,0.55730,-0.00000,0.00000,1.00000,-0.78787,1.00000,0.75000,0.00000,-0.13951,0.99022,-0.20326,-0.15908,-0.29718,-0.33178,-0.44151,-0.21941,-0.34760,-0.04670,1.00000,1.00000,1.00000,-0.40000,-1.00000,-1.00000,-1.00000,-1.00000,1.00000,1.00000,1,2,0,0,0,0,0,1,0,0
-0.17662,0.02525,-1.00000,0.50000,-0.08488,0.00000,1.00000,-0.78787,1.00000,0.75000,0.00000,0.04009,0.99920,-0.21559,-0.03339,-0.31650,-0.22371,-0.45108,-0.22371,-0.35016,-0.08099,1.00000,1.00000,1.00000,-0.40000,-1.00000,-1.00000,-1.00000,-1.00000,1.00000,1.00000,1,2,2,2,0,0,0,1,0,0
-0.17796,0.01334,-1.00000,0.55730,-0.00000,0.00000,1.00000,-0.78787,1.00000,0.75000,0.00000,-0.13930,0.99025,-0.20180,-0.17843,-0.31335,-0.33353,-0.44297,-0.20006,-0.33142,-0.04496,1.00000,1.00000,1.00000,-0.40000,-1.00000,-1.00000,-1.00000,-1.00000,1.00000,1.00000,1,0,0,0,0,0,0,1,0,0
-0.17715,0.02530,-1.00000,0.50000,-0.08488,0.00000,1.00000,-0.78787,1.00000,0.75000,0.00000,0.04018,0.99919,-0.21523,-0.03334,-0.31647,-0.22421,-0.45144,-0.22421,-0.35020,-0.08104,1.00000,1.00000,1.00000,-0.40000,-1.00000,-1.00000,-1.00000,-1.00000,1.00000,1.00000,1,0,2,2,0,0,0,1,0,0
-0.17581,0.03720,-1.00000,0.55730,-0.00000,0.00000,1.00000,-0.78787,1.00000,0.75000,0.00000,-0.13951,0.99022,-0.20326,-0.15908,-0.29718,-0.33178,-0.44151,-0.21941,-0.34760,-0.04670,1.00000,1.00000,1.00000,-0.40000,-1.00000,-1.00000,-1.00000,-1.00000,1.00000,1.00000,1,0,0,0,0,0,0,1,0,0
-0.17500,0.04916,-1.00000,0.50000,-0.08488,0.00000,1.00000,-0.78787,1.00000,0.75000,0.00000,0.03997,0.99920,-0.21667,-0.01084,-0.30056,-0.22218,-0.45000,-0.22218,-0.36611,-0.10354,1.00000,1.00000,1.00000,-0.40000,-1.00000,-1.00000,-1.00000,-1.00000,1.00000,1.00000,1,0,2,2,0,0,0,1,0,0
-0.17365,0.06107,-1.00000,0.55730,-0.00000,0.00000,1.00000,-0.78787,1.00000,0.75000,0.00000,-0.13971,0.99019,-0.20472,-0.13973,-0.28100,-0.33003,-0.44006,-0.23876,-0.36377,-0.04845,1.00000,1.00000,1.00000,-0.40000,-1.00000,-1.00000,-1.00000,-1.00000,1.00000,1.00000,1,0,0,0,0,0,0,1,0,0
-0.17284,0.07303,-1.00000,0.50000,-0.08488,0.00000,1.00000,-0.78787,1.00000,0.75000,0.00000,0.03975,0.99921,-0.21810,0.01166,-0.28465,-0.22015,-0.44856,-0.22015,-0.38202,-0.12604,1.00000,1.00000,1.00000,-0.40000,-1.00000,-1.00000,-1.00000,-1.00000,1.00000,1.00000,1,0,2,2,0,0,0,1,0,0
-0.17150,0.08494,-1.00000,0.55730,-0.00000,0.00000,1.00000,-0.78787,1.00000,0.75000,0.00000,-0.13993,0.99016,-0.20618,-0.12038,-0.26483,-0.32829,-0.43860,-0.25811,-0.37994,-0.05020,1.00000,1.00000,1.00000,-0.40000,-1.00000,-1.00000,-1.00000,-1.00000,1.00000,1.00000,1,0,0,0,0,0,0,1,0,0
-0.17069,0.09690,-1.00000,0.50000,-0.08488,0.00000,1.00000,-0.78787,1.00000,0.75000,0.00000,0.03954,0.99922,-0.21954,0.03416,-0.26874,-0.21812,-0.44713,-0.21812,-0.39793,-0.14854,1.00000,1.00000,1.00000,-0.40000,-1.00000,-1.00000,-1.00000,-1.00000,1.00000,1.00000,1,0,2,2,0,0,0,1,0,0
-0.16935,0.10880,-1.00000,0.55730,-0.00000,0.00000,1.00000,-0.78787,1.00000,0.75000,0.00000,-0.14014,0.99013,-0.20763,-0.10103,-0.24866,-0.32654,-0.43714,-0.27746,-0.39611,-0.05194,1.00000,1.00000,1.00000,-0.40000,-1.00000,-1.00000,-1.00000,-1.00000,1.00000,1.00000,1,0,0,0,0,0,0,1,0,0
-0.16854,0.12076,-1.00000,0.50000,-0.08488,0.00000,1.00000,-0.78787,1.00000,0.75000,0.00000,0.03933,0.99923,-0.22098,0.05666,-0.25283,-0.21609,-0.44569,-0.21609,-0.41384,-0.17105,1.00000,1.00000,1.00000,-0.40000,-1.00000,-1.00000,-1.00000,-1.00000,1.00000,1.00000,1,0,2,2,0,0,0,1,0,0
-0.16719,0.13267,-1.00000,0.55730,-0.00000,0.00000,1.00000,-0.78787,1.00000,0.75000,0.00000,-0.14035,0.99010,-0.20909,-0.08168,-0.23249,-0.32479,-0.43568,-0.29681,-0.41229,-0.05369,1.00000,1.00000,1.00000,-0.40000,-1.00000,-1.00000,-1.00000,-1.00000,1.00000,1.00000,1,0,0,0,0,0,0,1,0,0
-0.16638,0.14463,-1.00000,0.50000,-0.08488,0.00000,1.00000,-0.78787,1.00000,0.75000,0.00000,0.03911,0.99923,-0.22241,0.07917,-0.23691,-0.21406,-0.44426,-0.21406,-0.42975,-0.19355,1.00000,1.00000,1.00000,-0.40000,-1.00000,-1.00000,-1.00000,-1.00000,1.00000,1.00000,1,0,2,2,0,0,0,1,0,0
-0.16504,0.15654,-1.00000,0.55730,-0.00000,0.00000,1.00000,-0.78787,1.00000,0.75000,0.00000,-0.08249,0.99659,-0.21055,-0.06233,-0.21631,-0.32305,-0.43422,-0.31616,-0.42846,-0.05544,1.00000,1.00000,1.00000,-0.40000,-1.00000,-1.00000,-1.00000,-1.00000,1.00000,1.00000,1,2,0,0,0,0,0,1,0,0
-0.16585,0.14458,-1.00000,0.50000,-0.08488,0.00000,1.00000,-0.78787,1.00000,0.75000,0.00000,0.09733,0.99525,-0.22277,0.07912,-0.23695,-0.21355,-0.44390,-0.21355,-0.42972,-0.19350,1.00000,1.00000,1.00000,-0.40000,-1.00000,-1.00000,-1.00000,-1.00000,1.00000,1.00000,1,2,2,2,0,0,0,1,0,0
-0.16719,0.13267,-1.00000,0.55730,-0.00000,0.00000,1.00000,-0.78787,1.00000,0.75000,0.00000,-0.08237,0.99660,-0.20909,-0.08168,-0.23249,-0.32479,-0.43568,-0.29681,-0.41229,-0.05369,1.00000,1.00000,1.00000,-0.40000,-1.00000,-1.00000,-1.00000,-1.00000,1.00000,1.00000,1,2,0,0,0,0,0,1,0,0
-0.16800,0.12071,-1.00000,0.50000,-0.08488,0.00000,1.00000,-0.78787,1.00000,0.75000,0.00000,0.09744,0.99524,-0.22133,0.05662,-0.25286,-0.21558,-0.44533,-0.21558,-0.41381,-0.17100,1.00000,1.00000,1.00000,-0.40000,-1.00000,-1.00000,-1.00000,-1.00000,1.00000,1.00000,1,2,2,2,0,0,0,1,0,0
-0.16935,0.10880,-1.00000,0.55730,-0.00000,0.00000,1.00000,-0.78787,1.00000,0.75000,0.00000,-0.08226,0.99661,-0.20763,-0.10103,-0.24866,-0.32654,-0.43714,-0.27746,-0.39611,-0.05194,1.00000,1.00000,1.00000,-0.40000,-1.00000,-1.00000,-1.00000,-1.00000,1.00000,1.00000,1,2,0,0,0,0,0,1,0,0
-0.17015,0.09685,-1.00000,0.50000,-0.08488,0.00000,1.00000,-0.78787,1.00000,0.75000,0.00000,0.09756,0.99523,-0.21990,0.03412,-0.26877,-0.21761,-0.44677,-0.21761,-0.39790,-0.14850,1.00000,1.00000,1.00000,-0.40000,-1.00000,-1.00000,-1.00000,-1.00000,1.00000,1.00000,1,2,2,2,0,0,0,1,0,0
-0.17150,0.08494,-1.00000,0.55730,-0.00000,0.00000,1.00000,-0.78787,1.00000,0.75000,0.00000,-0.08214,0.99662,-0.20618,-0.12038,-0.26483,-0.32829,-0.43860,-0.25811,-0.37994,-0.05020,1.00000,1.00000,1.00000,-0.40000,-1.00000,-1.00000,-1.00000,-1.00000,1.00000,1.00000,1,2,0,0,0,0,0,1,0,0
-0.17231,0.07298,-1.00000,0.50000,-0.08488,0.00000,1.00000,-0.78787,1.00000,0.75000,0.00000,0.09768,0.99522,-0.21846,0.01162,-0.28468,-0.21964,-0.44821,-0.21964,-0.38199,-0.12600,1.00000,1.00000,1.00000,-0.40000,-1.00000,-1.00000,-1.00000,-1.00000,1.00000,1.00000,1,2,2,2,0,0,0,1,0,0
-0.17365,0.06107,-1.00000,0.55730,-0.00000,0.00000,1.00000,-0.78787,1.00000,0.75000,0.00000,-0.08202,0.99663,-0.20472,-0.13973,-0.28100,-0.33003,-0.44006,-0.23876,-0.36377,-0.04845,1.00000,1.00000,1.00000,-0.40000,-1.00000,-1.00000,-1.00000,-1.00000,1.00000,1.00000,1,2,0,0,0,0,0,1,0,0
-0.17446,0.04911,-1.00000,0.50000,-0.08488,0.00000,1.00000,-0.78787,1.00000,0.75000,0.00000,0.09780,0.99521,-0.21703,-0.01089,-0.30059,-0.22167,-0.44964,-0.22167,-0.36608,-0.10350,1.00000,1.00000,1.00000,-0.40000,-1.00000,-1.00000,-1.00000,-1.00000,1.00000,1.00000,1,2,2,2,0,0,0,1,0,0
-0.17581,0.03720,-1.00000,0.55730,-0.00000,0.00000,1.00000,-0.78787,1.00000,0.75000,0.00000,-0.08190,0.99664,-0.20326,-0.15908,-0.29718,-0.33178,-0.44151,-0.21941,-0.34760,-0.04670,1.00000,1.00000,1.00000,-0.40000,-1.00000,-1.00000,-1.00000,-1.00000,1.00000,1.00000,1,2,0,0,0,0,0,1,0,0
-0.17662,0.02525,-1.00000,0.50000,-0.08488,0.00000,1.00000,-0.78787,1.00000,0.75000,0.00000,0.05906,0.99825,-0.21559,-0.03339,-0.31650,-0.22371,-0.45108,-0.22371,-0.35016,-0.08099,1.00000,1.00000,1.00000,-0.40000,-1.00000,-1.00000,-1.00000,-1.00000,1.00000,1.00000,1,0,2,2,0,0,0,1,0,0
-0.17527,0.03716,-1.00000,0.55730,-0.00000,0.00000,1.00000,-0.78787,1.00000,0.75000,0.00000,-0.12071,0.99269,-0.20362,-0.15912,-0.29721,-0.33134,-0.44115,-0.21937,-0.34756,-0.04714,1.00000,1.00000,1.00000,-0.40000,-1.00000,-1.00000,-1.00000,-1.00000,1.00000,1.00000,1,0,0,0,0,0,0,1,0,0
-0.17446,0.04911,-1.00000,0.50000,-0.08488,0.00000,1.00000,-0.78787,1.00000,0.75000,0.00000,0.05891,0.99826,-0.21703,-0.01089,-0.30059,-0.22167,-0.44964,-0.22167,-0.36608,-0.10350,1.00000,1.00000,1.00000,-0.40000,-1.00000,-1.00000,-1.00000,-1.00000,1.00000,1.00000,1,0,2,2,0,0,0,1,0,0
-0.17312,0.06102,-1.00000,0.55730,-0.00000,0.00000,1.00000,-0.78787,1.00000,0.75000,0.00000,-0.12086,0.99267,-0.20508,-0.13977,-0.28104,-0.32960,-0.43969,-0.23872,-0.36374,-0.04889,1.00000,1.00000,1.00000,-0.40000,-1.00000,-1.00000,-1.00000,-1.00000,1.00000,1.00000,1,0,0,0,0,0,0,1,0,0
-0.17231,0.07298,-1.00000,0.50000,-0.08488,0.00000,1.00000,-0.78787,1.00000,0.75000,0.00000,0.05876,0.99827,-0.21846,0.01162,-0.28468,-0.21964,-0.44821,-0.21964,-0.38199,-0.12600,1.00000,1.00000,1.00000,-0.40000,-1.00000,-1.00000,-1.00000,-1.00000,1.00000,1.00000,1,0,2,2,0,0,0,1,0,0
-0.17096,0.08489,-1.00000,0.55730,-0.00000,0.00000,1.00000,-0.78787,1.00000,0.75000,0.00000,-0.12101,0.99265,-0.20654,-0.12042,-0.26486,-0.32785,-0.43823,-0.25807,-0.37991,-0.05063,1.00000,1.00000,1.00000,-0.40000,-1.00000,-1.00000,-1.00000,-1.00000,1.00000,1.00000,1,0,0,0,0,0,0,1,0,0
-0.17015,0.09685,-1.00000,0.50000,-0.08488,0.00000,1.00000,-0.78787,1.00000,0.75000,0.00000,0.05861,0.99828,-0.21990,0.03412,-0.26877,-0.21761,-0.44677,-0.21761,-0.39790,-0.14850,1.00000,1.00000,1.00000,-0.40000,-1.00000,-1.00000,-1.00000,-1.00000,1.00000,1.00000,1,0,2,2,0,0,0,1,0,0
-0.16881,0.10876,-1.00000,0.55730,-0.00000,0.00000,1.00000,-0.78787,1.00000,0.75000,0.00000,-0.12116,0.99263,-0.20800,-0.10107,-0.24869,-0.32610,-0.43677,-0.27742,-0.39608,-0.05238,1.00000,1.00000,1.00000,-0.40000,-1.00000,-1.00000,-1.00000,-1.00000,1.00000,1.00000,1,0,0,0,0,0,0,1,0,0
-0.16800,0.12071,-1.00000,0.50000,-0.08488,0.00000,1.00000,-0.78787,1.00000,0.75000,0.00000,0.05846,0.99829,-0.22133,0.05662,-0.25286,-0.21558,-0.44533,-0.21558,-0.41381,-0.17100,1.00000,1.00000,1.00000,-0.40000,-1.00000,-1.00000,-1.00000,-1.00000,1.00000,1.00000,1,0,2,2,0,0,0,1,0,0
-0.16665,0.13262,-1.00000,0.55730,-0.00000,0.00000,1.00000,-0.78787,1.00000,0.75000,0.00000,-0.12131,0.99261,-0.20946,-0.08172,-0.23252,-0.32436,-0.43531,-0.29677,-0.41225,-0.05413,1.00000,1.00000,1.00000,-0.40000,-1.00000,-1.00000,-1.00000,-1.00000,1.00000,1.00000,1,0,0,0,0,0,0,1,0,0
-0.16585,0.14458,-1.00000,0.50000,-0.08488,0.00000,1.00000,-0.78787,1.00000,0.75000,0.00000,0.05831,0.99830,-0.22277,0.07912,-0.23695,-0.21355,-0.44390,-0.21355,-0.42972,-0.19350,1.00000,1.00000,1.00000,-0.40000,-1.00000,-1.00000,-1.00000,-1.00000,1.00000,1.00000,1,0,2,2,0,0,0,1,0,0
-0.16450,0.15649,-1.00000,0.55730,-0.00000,0.00000,1.00000,-0.78787,1.00000,0.75000,0.00000,-0.10171,0.99481,-0.21092,-0.06237,-0.21635,-0.32261,-0.43385,-0.31612,-0.42843,-0.05587,1.00000,1.00000,1.00000,-0.40000,-1.00000,-1.00000,-1.00000,-1.00000,1.00000,1.00000,1,2,0,0,0,0,0,1,0,0
-0.16531,0.14453,-1.00000,0.50000,-0.08488,0.00000,1.00000,-0.78787,1.00000,0.75000,0.00000,0.07808,0.99695,-0.22313,0.07907,-0.23698,-0.21305,-0.44354,-0.21305,-0.42969,-0.19346,1.00000,1.00000,1.00000,-0.40000,-1.00000,-1.00000,-1.00000,-1.00000,1.00000,1.00000,1,2,2,2,0,0,0,1,0,0
-0.16665,0.13262,-1.00000,0.55730,-0.00000,0.00000,1.00000,-0.78787,1.00000,0.75000,0.00000,-0.10159,0.99483,-0.20946,-0.08172,-0.23252,-0.32436,-0.43531,-0.29677,-0.41225,-0.05413,1.00000,1.00000,1.00000,-0.40000,-1.00000,-1.00000,-1.00000,-1.00000,1.00000,1.00000,1,2,0,0,0,0,0,1,0,0
-0.16746,0.12067,-1.00000,0.50000,-0.08488,0.00000,1.00000,-0.78787,1.00000,0.75000,0.00000,0.07820,0.99694,-0.22169,0.05657,-0.25289,-0.21508,-0.44498,-0.21508,-0.41378,-0.17096,1.00000,1.00000,1.00000,-0.40000,-1.00000,-1.00000,-1.00000,-1.00000,1.00000,1.00000,1,2,2,2,0,0,0,1,0,0
-0.16881,0.10876,-1.00000,0.55730,-0.00000,0.00000,1.00000,-0.78787,1.00000,0.75000,0.00000,-0.10147,0.99484,-0.20800,-0.10107,-0.24869,-0.32610,-0.43677,-0.27742,-0.39608,-0.05238,1.00000,1.00000,1.00000,-0.40000,-1.00000,-1.00000,-1.00000,-1.00000,1.00000,1.00000,1,2,0,0,0,0,0,1,0,0
-0.16962,0.09680,-1.00000,0.50000,-0.08488,0.00000,1.00000,-0.78787,1.00000,0.75000,0.00000,0.07832,0.99693,-0.22026,0.03407,-0.26880,-0.21711,-0.44641,-0.21711,-0.39787,-0.14845,1.00000,1.00000,1.00000,-0.40000,-1.00000,-1.00000,-1.00000,-1.00000,1.00000,1.00000,1,2,2,2,0,0,0,1,0,0
-0.17096,0.08489,-1.00000,0.55730,-0.00000,0.00000,1.00000,-0.78787,1.00000,0.75000,0.00000,-0.10135,0.99485,-0.20654,-0.12042,-0.26486,-0.32785,-0.43823,-0.25807,-0.37991,-0.05063,1.00000,1.00000,1.00000,-0.40000,-1.00000,-1.00000,-1.00000,-1.00000,1.00000,1.00000,1,2,0,0,0,0,0,1,0,0
-0.17177,0.07293,-1.00000,0.50000,-0.08488,0.00000,1.00000,-0.78787,1.00000,0.75000,0.00000,0.07844,0.99692,-0.21882,0.01157,-0.28471,-0.21914,-0.44785,-0.21914,-0.38195,-0.12595,1.00000,1.00000,1.00000,-0.40000,-1.00000,-1.00000,-1.00000,-1.00000,1.00000,1.00000,1,2,2,2,0,0,0,1,0,0
-0.17312,0.06102,-1.00000,0.55730,-0.00000,0.00000,1.00000,-0.78787,1.00000,0.75000,0.00000,-0.10123,0.99486,-0.20508,-0.13977,-0.28104,-0.32960,-0.43969,-0.23872,-0.36374,-0.04889,1.00000,1.00000,1.00000,-0.40000,-1.00000,-1.00000,-1.00000,-1.00000,1.00000,1.00000,1,2,0,0,0,0,0,1,0,0
-0.17392,0.04907,-1.00000,0.50000,-0.08488,0.00000,1.00000,-0.78787,1.00000,0.75000,0.00000,0.07856,0.99691,-0.21738,-0.01093,-0.30062,-0.22117,-0.44928,-0.22117,-0.36604,-0.10345,1.00000,1.00000,1.00000,-0.40000,-1.00000,-1.00000,-1.00000,-1.00000,1.00000,1.00000,1,2,2,2,0,0,0,1,0,0
-0.17527,0.03716,-1.00000,0.55730,-0.00000,0.00000,1.00000,-0.78787,1.00000,0.75000,0.00000,-0.10111,0.99488,-0.20362,-0.15912,-0.29721,-0.33134,-0.44115,-0.21937,-0.34756,-0.04714,1.00000,1.00000,1.00000,-0.40000,-1.00000,-1.00000,-1.00000,-1.00000,1.00000,1.00000,1,2,0,0,0,0,0,1,0,0
-0.17608,0.02520,-1.00000,0.50000,-0.08488,0.00000,1.00000,-0.78787,1.00000,0.75000,0.00000,0.07868,0.99690,-0.21595,-0.03343,-0.31653,-0.22320,-0.45072,-0.22320,-0.35013,-0.08095,1.00000,1.00000,1.00000,-0.40000,-1.00000,-1.00000,-1.00000,-1.00000,1.00000,1.00000,1,0,2,2,0,0,0,1,0,0
-0.17473,0.03711,-1.00000,0.55730,-0.00000,0.00000,1.00000,-0.78787,1.00000,0.75000,0.00000,-0.10113,0.99487,-0.20398,-0.15916,-0.29724,-0.33091,-0.44079,-0.21933,-0.34753,-0.04758,1.00000,1.00000,1.00000,-0.40000,-1.00000,-1.00000,-1.00000,-1.00000,1.00000,1.00000,1,0,0,0,0,0,0,1,0,0
-0.17392,0.04907,-1.00000,0.50000,-0.08488,0.00000,1.00000,-0.78787,1.00000,0.75000,0.00000,0.07856,0.99691,-0.21738,-0.01093,-0.30062,-0.22117,-0.44928,-0.22117,-0.36604,-0.10345,1.00000,1.00000,1.00000,-0.40000,-1.00000,-1.00000,-1.00000,-1.00000,1.00000,1.00000,1,0,2,2,0,0,0,1,0,0
-0.17258,0.06097,-1.00000,0.55730,-0.00000,0.00000,1.00000,-0.78787,1.00000,0.75000,0.00000,-0.10125,0.99486,-0.20544,-0.13981,-0.28107,-0.32916,-0.43933,-0.23868,-0.36370,-0.04932,1.00000,1.00000,1.00000,-0.40000,-1.00000,-1.00000,-1.00000,-1.00000,1.00000,1.00000,1,0,0,0,0,0,0,1,0,0
-0.17177,0.07293,-1.00000,0.50000,-0.08488,0.00000,1.00000,-0.78787,1.00000,0.75000,0.00000,0.07844,0.99692,-0.21882,0.01157,-0.28471,-0.21914,-0.44785,-0.21914,-0.38195,-0.12595,1.00000,1.00000,1.00000,-0.40000,-1.00000,-1.00000,-1.00000,-1.00000,1.00000,1.00000,1,0,2,2,0,0,0,1,0,0
-0.17043,0.08484,-1.00000,0.55730,-0.00000,0.00000,1.00000,-0.78787,1.00000,0.75000,0.00000,-0.10137,0.99485,-0.20690,-0.12046,-0.26490,-0.32742,-0.43787,-0.25803,-0.37988,-0.05107,1.00000,1.00000,1.00000,-0.40000,-1.00000,-1.00000,-1.00000,-1.00000,1.00000,1.00000,1,0,0,0,0,0,0,1,0,0
-0.16962,0.09680,-1.00000,0.50000,-0.08488,0.00000,1.00000,-0.78787,1.00000,0.75000,0.00000,0.07832,0.99693,-0.22026,0.03407,-0.26880,-0.21711,-0.44641,-0.21711,-0.39787,-0.14845,1.00000,1.00000,1.00000,-0.40000,-1.00000,-1.00000,-1.00000,-1.00000,1.00000,1.00000,1,0,2,2,0,0,0,1,0,0
-0.16827,0.10871,-1.00000,0.55730,-0.00000,0.00000,1.00000,-0.78787,1.00000,0.75000,0.00000,-0.10149,0.99484,-0.20836,-0.10111,-0.24872,-0.32567,-0.43641,-0.27738,-0.39605,-0.05281,1.00000,1.00000,1.00000,-0.40000,-1.00000,-1.00000,-1.00000,-1.00000,1.00000,1.00000,1,0,0,0,0,0,0,1,0,0
-0.16746,0.12067,-1.00000,0.50000,-0.08488,0.00000,1.00000,-0.78787,1.00000,0.75000,0.00000,0.07820,0.99694,-0.22169,0.05657,-0.25289,-0.21508,-0.44498,-0.21508,-0.41378,-0.17096,1.00000,1.00000,1.00000,-0.40000,-1.00000,-1.00000,-1.00000,-1.00000,1.00000,1.00000,1,0,2,2,0,0,0,1,0,0
-0.16612,0.13257,-1.00000,0.55730,-0.00000,0.00000,1.00000,-0.78787,1.00000,0.75000,0.00000,-0.10161,0.99482,-0.20982,-0.08176,-0.23255,-0.32392,-0.43495,-0.29673,-0.41222,-0.05456,1.00000,1.00000,1.00000,-0.40000,-1.00000,-1.00000,-1.00000,-1.00000,1.00000,1.00000,1,0,0,0,0,0,0,1,0,0
-0.16531,0.14453,-1.00000,0.50000,-0.08488,0.00000,1.00000,-0.78787,1.00000,0.75000,0.00000,0.07808,0.99695,-0.22313,0.07907,-0.23698,-0.21305,-0.44354,-0.21305,-0.42969,-0.19346,1.00000,1.00000,1.00000,-0.40000,-1.00000,-1.00000,-1.00000,-1.00000,1.00000,1.00000,1,0,2,2,0,0,0,1,0,0
-0.16396,0.15644,-1.00000,0.55730,-0.00000,0.00000,1.00000,-0.78787,1.00000,0.75000,0.00000,-0.10173,0.99481,-0.21128,-0.06241,-0.21638,-0.32218,-0.43349,-0.31608,-0.42839,-0.05631,1.00000,1.00000,1.00000,-0.40000,-1.00000,-1.00000,-1.00000,-1.00000,1.00000,1.00000,1,0,0,0,0,0,0,1,0,0
-0.16316,0.16840,-1.00000,0.50000,-0.08488,0.00000,1.00000,-0.78787,1.00000,0.75000,0.00000,0.13727,0.99053,-0.22456,0.09663,-0.22107,-0.21102,-0.44210,-0.21596,-0.44560,-0.21596,1.00000,1.00000,1.00000,-0.40000,-1.00000,-1.00000,-1.00000,-1.00000,1.00000,1.00000,1,2,2,2,0,0,0,1,0,0
-0.16450,0.15649,-1.00000,0.55730,-0.00000,0.00000,1.00000,-0.78787,1.00000,0.75000,0.00000,-0.04222,0.99911,-0.21092,-0.06237,-0.21635,-0.32261,-0.43385,-0.31612,-0.42843,-0.05587,1.00000,1.00000,1.00000,-0.40000,-1.00000,-1.00000,-1.00000,-1.00000,1.00000,1.00000,1,2,0,0,0,0,0,1,0,0
-0.16531,0.14453,-1.00000,0.50000,-0.08488,0.00000,1.00000,-0.78787,1.00000,0.75000,0.00000,0.13748,0.99051,-0.22313,0.07907,-0.23698,-0.21305,-0.44354,-0.21305,-0.42969,-0.19346,1.00000,1.00000,1.00000,-0.40000,-1.00000,-1.00000,-1.00000,-1.00000,1.00000,1.00000,1,2,2,2,0,0,0,1,0,0
-0.16665,0.13262,-1.00000,0.55730,-0.00000,0.00000,1.00000,-0.78787,1.00000,0.75000,0.00000,-0.04201,0.99912,-0.20946,-0.08172,-0.23252,-0.32436,-0.43531,-0.29677,-0.41225,-0.05413,1.00000,1.00000,1.00000,-0.40000,-1.00000,-1.00000,-1.00000,-1.00000,1.00000,1.00000,1,2,0,0,0,0,0,1,0,0
-0.16746,0.12067,-1.00000,0.50000,-0.08488,0.00000,1.00000,-0.78787,1.00000,0.75000,0.00000,0.13769,0.99048,-0.22169,0.05657,-0.25289,-0.21508,-0.44498,-0.21508,-0.41378,-0.17096,1.00000,1.00000,1.00000,-0.40000,-1.00000,-1.00000,-1.00000,-1.00000,1.00000,1.00000,1,2,2,2,0,0,0,1,0,0
-0.16881,0.10876,-1.00000,0.55730,-0.00000,0.00000,1.00000,-0.78787,1.00000,0.75000,0.00000,-0.04180,0.99913,-0.20800,-0.10107,-0.24869,-0.32610,-0.43677,-0.27742,-0.39608,-0.05238,1.00000,1.00000,1.00000,-0.40000,-1.00000,-1.00000,-1.00000,-1.00000,1.00000,1.00000,1,2,0,0,0,0,0,1,0,0
-0.16962,0.09680,-1.00000,0.50000,-0.08488,0.00000,1.00000,-0.78787,1.00000,0.75000,0.00000,0.13790,0.99045,-0.22026,0.03407,-0.26880,-0.21711,-0.44641,-0.21711,-0.39787,-0.14845,1.00000,1.00000,1.00000,-0.40000,-1.00000,-1.00000,-1.00000,-1.00000,1.00000,1.00000,1,2,2,2,0,0,0,1,0,0
-0.17096,0.08489,-1.00000,0.55730,-0.00000,0.00000,1.00000,-0.78787,1.00000,0.75000,0.00000,-0.04158,0.99914,-0.20654,-0.12042,-0.26486,-0.32785,-0.43823,-0.25807,-0.37991,-0.05063,1.00000,1.00000,1.00000,-0.40000,-1.00000,-1.00000,-1.00000,-1.00000,1.00000,1.00000,1,2,0,0,0,0,0,1,0,0
-0.75000,0.00000,-1.00000,0.50000,0.00000,0.00000,0.00000,0.00000,-1.00000,0.00000,-1.00000,0.00000,0.00000,-0.92500,-0.05719,-0.33333,-0.76430,-0.83333,-0.76430,-0.33333,-0.05719,1.00000,1.00000,1.00000,-0.40000,-1.00000,-1.00000,-1.00000,-1.00000,1.00000,1.00000,1,1,1,1,0,0,0,1,0,0
-0.75000,0.00000,-1.00000,0.50000,0.00000,0.00000,0.00000,0.00000,-1.00000,0.00000,-1.00000,0.00000,0.00000,-0.92500,-0.05719,-0.33333,-0.76430,-0.83333,-0.76430,-0.33333,-0.05719,1.00000,1.00000,1.00000,-0.40000,-1.00000,-1.00000,-1.00000,-1.00000,1.00000,1.00000,1,1,1,1,0,0,0,1,0,0
-0.75000,0.00000,-1.00000,0.50000,0.00000,0.00000,0.00000,0.00000,-1.00000,0.00000,-1.00000,0.00000,0.00000,-0.92500,-0.05719,-0.33333,-0.76430,-0.83333,-0.76430,-0.33333,-0.05719,1.00000,1.00000,1.00000,-0.40000,-1.00000,-1.00000,-1.00000,-1.00000,1.00000,1.00000,1,1,1,1,0,0,0,1,0,0
-0.75000,0.00000,-1.00000,0.50000,0.00000,0.00000,0.00000,0.00000,-1.00000,0.00000,-1.00000,0.00000,0.00000,-0.92500,-0.05719,-0.33333,-0.76430,-0.83333,-0.76430,-0.33333,-0.05719,1.00000,1.00000,1.00000,-0.40000,-1.00000,-1.00000,-1.00000,-1.00000,1.00000,1.00000,1,1,1,1,0,0,0,1,0,0
-0.75000,0.00000,-1.00000,0.50000,0.00000,0.00000,0.00000,0.00000,-1.00000,0.00000,-1.00000,0.00000,0.00000,-0.92500,-0.05719,-0.33333,-0.76430,-0.83333,-0.76430,-0.33333,-0.05719,1.00000,1.00000,1.00000,-0.40000,-1.00000,-1.00000,-1.00000,-1.00000,1.00000,1.00000,1,1,1,1,0,0,0,1,0,0
-0.75000,0.00000,-1.00000,0.50000,0.00000,0.00000,0.00000,0.00000,-1.00000,0.00000,-1.00000,0.00000,0.00000,-0.92500,-0.05719,-0.33333,-0.76430,-0.83333,-0.76430,-0.33333,-0.05719,1.00000,1.00000,1.00000,-0.40000,-1.00000,-1.00000,-1.00000,-1.00000,1.00000,1.00000,1,1,1,1,0,0,0,1,0,0
-0.75000,0.00000,-1.00000,0.50000,0.00000,0.00000,0.00000,0.00000,-1.00000,0.00000,-1.00000,0.00000,0.00000,-0.92500,-0.05719,-0.33333,-0.76430,-0.83333,-0.76430,-0.33333,-0.05719,1.00000,1.00000,1.00000,-0.40000,-1.00000,-1.00000,-1.00000,-1.00000,1.00000,1.00000,1,1,1,1,0,0,0,1,0,0
-0.75000,0.00000,-1.00000,0.50000,0.00000,0.00000,0.00000,0.00000,-1.00000,0.00000,-1.00000,0.00000,0.00000,-0.92500,-0.05719,-0.33333,-0.76430,-0.83333,-0.76430,-0.33333,-0.05719,1.00000,1.00000,1.00000,-0.40000,-1.00000,-1.00000,-1.00000,-1.00000,1.00000,1.00000,1,1,1,1,0,0,0,1,0,0
-0.75000,0.00000,-1.00000,0.50000,0.00000,0.00000,0.00000,0.00000,-1.00000,0.00000,-1.00000,0.00000,0.00000,-0.92500,-0.05719,-0.33333,-0.76430,-0.83333,-0.76430,-0.33333,-0.05719,1.00000,1.00000,1.00000,-0.40000,-1.00000,-1.00000,-1.00000,-1.00000,1.00000,1.00000,1,1,1,1,0,0,0,1,0,0
-0.75000,0.00000,-1.00000,0.50000,0.00000,0.00000,0.00000,0.00000,-1.00000,0.00000,-1.00000,0.00000,0.00000,-0.92500,-0.05719,-0.33333,-0.76430,-0.83333,-0.76430,-0.33333,-0.05719,1.00000,1.00000,1.00000,-0.40000,-1.00000,-1.00000,-1.00000,-1.00000,1.00000,1.00000,1,1,1,1,0,0,0,1,0,0
-0.75000,0.00000,-1.00000,0.50000,0.00000,0.00000,0.00000,0.00000,-1.00000,0.00000,-1.00000,0.00000,0.00000,-0.92500,-0.05719,-0.33333,-0.76430,-0.83333,-0.76430,-0.33333,-0.05719,1.00000,1.00000,1.00000,-0.40000,-1.00000,-1.00000,-1.00000,-1.00000,1.00000,1.00000,1,1,1,1,0,0,0,1,0,0
-0.75000,0.00000,-1.00000,0.50000,0.00000,0.00000,0.00000,0.00000,-1.00000,0.00000,-1.00000,0.00000,0.00000,-0.92500,-0.05719,-0.33333,-0.76430,-0.83333,-0.76430,-0.33333,-0.05719,1.00000,1.00000,1.00000,-0.40000,-1.00000,-1.00000,-1.00000,-1.00000,1.00000,1.00000,1,1,1,1,0,0,0,1,0,0
-0.75000,0.00000,-1.00000,0.50000,0.00000,0.00000,0.00000,0.00000,-1.00000,0.00000,-1.00000,0.00000,0.00000,-0.92500,-0.05719,-0.33333,-0.76430,-0.83333,-0.76430,-0.33333,-0.05719,1.00000,1.00000,1.00000,-0.40000,-1.00000,-1.00000,-1.00000,-1.00000,1.00000,1.00000,1,1,1,1,0,0,0,1,0,0
-0.75000,0.00000,-1.00000,0.50000,0.00000,0.00000,0.00000,0.00000,-1.00000,0.00000,-1.00000,0.00000,0.00000,-0.92500,-0.05719,-0.33333,-0.76430,-0.83333,-0.76430,-0.33333,-0.05719,1.00000,1.00000,1.00000,-0.40000,-1.00000,-1.00000,-1.00000,-1.00000,1.00000,1.00000,1,1,1,1,0,0,0,1,0,0
-0.75000,0.00000,-1.00000,0.50000,0.00000,0.00000,0.00000,0.00000,-1.00000,0.00000,-1.00000,0.00000,0.00000,-0.92500,-0.05719,-0.33333,-0.76430,-0.83333,-0.76430,-0.33333,-0.05719,1.00000,1.00000,1.00000,-0.40000,-1.00000,-1.00000,-1.00000,-1.00000,1.00000,1.00000,1,1,1,1,0,0,0,1,0,0
-0.75000,0.00000,-1.00000,0.50000,0.00000,0.00000,0.00000,0.00000,-1.00000,0.00000,-1.00000,0.00000,0.00000,-0.92500,-0.05719,-0.33333,-0.76430,-0.83333,-0.76430,-0.33333,-0.05719,1.00000,1.00000,1.00000,-0.40000,-1.00000,-1.00000,-1.00000,-1.00000,1.00000,1.00000,1,1,1,1,0,0,0,1,0,0
-0.75000,0.00000,-1.00000,0.50000,0.00000,0.00000,0.00000,0.00000,-1.00000,0.00000,-1.00000,0.00000,0.00000,-0.92500,-0.05719,-0.33333,-0.76430,-0.83333,-0.76430,-0.33333,-0.05719,1.00000,1.00000,1.00000,-0.40000,-1.00000,-1.00000,-1.00000,-1.00000,1.00000,1.00000,1,1,1,1,0,0,0,1,0,0
-0.75000,0.00000,-1.00000,0.50000,0.00000,0.00000,0.00000,0.00000,-1.00000,0.00000,-1.00000,0.00000,0.00000,-0.92500,-0.05719,-0.33333,-0.76430,-0.83333,-0.76430,-0.33333,-0.05719,1.00000,1.00000,1.00000,-0.40000,-1.00000,-1.00000,-1.00000,-1.00000,1.00000,1.00000,1,1,1,1,0,0,0,1,0,0
-0.75000,0.00000,-1.00000,0.50000,0.00000,0.00000,0.00000,0.00000,-1.00000,0.00000,-1.00000,0.00000,0.00000,-0.92500,-0.05719,-0.33333,-0.76430,-0.83333,-0.76430,-0.33333,-0.05719,1.00000,1.00000,1.00000,-0.40000,-1.00000,-1.00000,-1.00000,-1.00000,1.00000,1.00000,1,1,1,1,0,0,0,1,0,0
-0.75000,0.00000,-1.00000,0.50000,0.00000,0.00000,0.00000,0.00000,-1.00000,0.00000,-1.00000,0.00000,0.00000,-0.92500,-0.05719,-0.33333,-0.76430,-0.83333,-0.76430,-0.33333,-0.05719,1.00000,1.00000,1.00000,-0.40000,-1.00000,-1.00000,-1.00000,-1.00000,1.00000,1.00000,1,1,1,1,0,0,0,1,0,0
-0.75000,0.00000,-1.00000,0.50000,0.00000,0.00000,0.00000,0.00000,-1.00000,0.00000,-1.00000,0.00000,0.00000,-0.92500,-0.05719,-0.33333,-0.76430,-0.83333,-0.76430,-0.33333,-0.05719,1.00000,1.00000,1.00000,-0.40000,-1.00000,-1.00000,-1.00000,-1.00000,1.00000,1.00000,1,1,1,1,0,0,0,1,0,0
-0.75000,0.00000,-1.00000,0.50000,0.00000,0.00000,0.00000,0.00000,-1.00000,0.00000,-1.00000,0.00000,0.00000,-0.92500,-0.05719,-0.33333,-0.76430,-0.83333,-0.76430,-0.33333,-0.05719,1.00000,1.00000,1.00000,-0.40000,-1.00000,-1.00000,-1.00000,-1.00000,1.00000,1.00000,1,1,1,1,0,0,0,1,0,0
-0.75000,0.00000,-1.00000,0.50000,0.00000,0.00000,0.00000,0.00000,-1.00000,0.00000,-1.00000,0.00000,0.00000,-0.92500,-0.05719,-0.33333,-0.76430,-0.83333,-0.76430,-0.33333,-0.05719,1.00000,1.00000,1.00000,-0.40000,-1.00000,-1.00000,-1.00000,-1.00000,1.00000,1.00000,1,1,1,1,0,0,0,1,0,0
-0.75000,0.00000,-1.00000,0.50000,0.00000,0.00000,0.00000,0.00000,-1.00000,0.00000,-1.00000,0.00000,0.00000,-0.92500,-0.05719,-0.33333,-0.76430,-0.83333,-0.76430,-0.33333,-0.05719,1.00000,1.00000,1.00000,-0.40000,-1.00000,-1.00000,-1.00000,-1.00000,1.00000,1.00000,1,1,1,1,0,0,0,1,0,0
-0.75000,0.00000,-1.00000,0.50000,0.00000,0.00000,0.00000,0.00000,-1.00000,0.00000,-1.00000,0.00000,0.00000,-0.92500,-0.05719,-0.33333,-0.76430,-0.83333,-0.76430,-0.33333,-0.05719,1.00000,1.00000,1.00000,-0.40000,-1.00000,-1.00000,-1.00000,-1.00000,1.00000,1.00000,1,1,1,1,0,0,0,1,0,0
-0.75000,0.00000,-1.00000,0.50000,0.00000,0.00000,0.00000,0.00000,-1.00000,0.00000,-1.00000,0.00000,0.00000,-0.92500,-0.05719,-0.33333,-0.76430,-0.83333,-0.76430,-0.33333,-0.05719,1.00000,1.00000,1.00000,-0.40000,-1.00000,-1.00000,-1.00000,-1.00000,1.00000,1.00000,1,1,1,1,0,0,0,1,0,0
-0.75000,0.00000,-1.00000,0.50000,0.00000,0.00000,0.00000,0.00000,-1.00000,0.00000,-1.00000,0.00000,0.00000,-0.92500,-0.05719,-0.33333,-0.76430,-0.83333,-0.76430,-0.33333,-0.05719,1.00000,1.00000,1.00000,-0.40000,-1.00000,-1.00000,-1.00000,-1.00000,1.00000,1.00000,1,1,1,1,0,0,0,1,0,0
-0.75000,0.00000,-1.00000,0.50000,0.00000,0.00000,0.00000,0.00000,-1.00000,0.00000,-1.00000,0.00000,0.00000,-0.92500,-0.05719,-0.33333,-0.76430,-0.83333,-0.76430,-0.33333,-0.05719,1.00000,1.00000,1.00000,-0.40000,-1.00000,-1.00000,-1.00000,-1.00000,1.00000,1.00000,1,1,1,1,0,0,0,1,0,0
-0.75000,0.00000,-1.00000,0.50000,0.00000,0.00000,0.00000,0.00000,-1.00000,0.00000,-1.00000,0.00000,0.00000,-0.92500,-0.05719,-0.33333,-0.76430,-0.83333,-0.76430,-0.33333,-0.05719,1.00000,1.00000,1.00000,-0.40000,-1.00000,-1.00000,-1.00000,-1.00000,1.00000,1.00000,1,1,1,1,0,0,0,1,0,0
-0.75000,0.00000,-1.00000,0.50000,0.00000,0.00000,0.00000,0.00000,-1.00000,0.00000,-1.00000,0.00000,0.00000,-0.92500,-0.05719,-0.33333,-0.76430,-0.83333,-0.76430,-0.33333,-0.05719,1.00000,1.00000,1.00000,-0.40000,-1.00000,-1.00000,-1.00000,-1.00000,1.00000,1.00000,1,1,1,1,0,0,0,1,0,0
-0.75000,0.00000,-1.00000,0.50000,0.00000,0.00000,0.00000,0.00000,-1.00000,0.00000,-1.00000,0.00000,0.00000,-0.92500,-0.05719,-0.33333,-0.76430,-0.83333,-0.76430,-0.33333,-0.05719,1.00000,1.00000,1.00000,-0.40000,-1.00000,-1.00000,-1.00000,-1.00000,1.00000,1.00000,1,1,1,1,0,0,0,1,0,0
-0.75000,0.00000,-1.00000,0.50000,0.00000,0.00000,0.00000,0.00000,-1.00000,0.00000,-1.00000,0.00000,0.00000,-0.92500,-0.05719,-0.33333,-0.76430,-0.83333,-0.76430,-0.33333,-0.05719,1.00000,1.00000,1.00000,-0.40000,-1.00000,-1.00000,-1.00000,-1.00000,1.00000,1.00000,1,1,1,1,0,0,0,1,0,0
-0.75000,0.00000,-1.00000,0.50000,0.00000,0.00000,0.00000,0.00000,-1.00000,0.00000,-1.00000,0.00000,0.00000,-0.92500,-0.05719,-0.33333,-0.76430,-0.83333,-0.76430,-0.33333,-0.05719,1.00000,1.00000,1.00000,-0.40000,-1.00000,-1.00000,-1.00000,-1.00000,1.00000,1.00000,1,1,1,1,0,0,0,1,0,0
-0.75000,0.00000,-1.00000,0.50000,0.00000,0.00000,0.00000,0.00000,-1.00000,0.00000,-1.00000,0.00000,0.00000,-0.92500,-0.05719,-0.33333,-0.76430,-0.83333,-0.76430,-0.33333,-0.05719,1.00000,1.00000,1.00000,-0.40000,-1.00000,-1.00000,-1.00000,-1.00000,1.00000,1.00000,1,1,1,1,0,0,0,1,0,0
-0.75000,0.00000,-1.00000,0.50000,0.00000,0.00000,0.00000,0.00000,-1.00000,0.00000,-1.00000,0.00000,0.00000,-0.92500,-0.05719,-0.33333,-0.76430,-0.83333,-0.76430,-0.33333,-0.05719,1.00000,1.00000,1.00000,-0.40000,-1.00000,-1.00000,-1.00000,-1.00000,1.00000,1.00000,1,1,1,1,0,0,0,1,0,0
-0.75000,0.00000,-1.00000,0.50000,0.00000,0.00000,0.00000,0.00000,-1.00000,0.00000,-1.00000,0.00000,0.00000,-0.92500,-0.05719,-0.33333,-0.76430,-0.83333,-0.76430,-0.33333,-0.05719,1.00000,1.00000,1.00000,-0.40000,-1.00000,-1.00000,-1.00000,-1.00000,1.00000,1.00000,1,1,1,1,0,0,0,1,0,0
-0.75000,0.00000,-1.00000,0.50000,0.00000,0.00000,0.00000,0.00000,-1.00000,0.00000,-1.00000,0.00000,0.00000,-0.92500,-0.05719,-0.33333,-0.76430,-0.83333,-0.76430,-0.33333,-0.05719,1.00000,1.00000,1.00000,-0.40000,-1.00000,-1.00000,-1.00000,-1.00000,1.00000,1.00000,1,1,1,1,0,0,0,1,0,0
-0.75000,0.00000,-1.00000,0.50000,0.00000,0.00000,0.00000,0.00000,-1.00000,0.00000,-1.00000,0.00000,0.00000,-0.92500,-0.05719,-0.33333,-0.76430,-0.83333,-0.76430,-0.33333,-0.05719,1.00000,1.00000,1.00000,-0.40000,-1.00000,-1.00000,-1.00000,-1.00000,1.00000,1.00000,1,1,1,1,0,0,0,1,0,0
-0.75000,0.00000,-1.00000,0.50000,0.00000,0.00000,0.00000,0.00000,-1.00000,0.00000,-1.00000,0.00000,0.00000,-0.92500,-0.05719,-0.33333,-0.76430,-0.83333,-0.76430,-0.33333,-0.05719,1.00000,1.00000,1.00000,-0.40000,-1.00000,-1.00000,-1.00000,-1.00000,1.00000,1.00000,1,1,1,1,0,0,0,1,0,0
-0.75000,0.00000,-1.00000,0.50000,0.00000,0.00000,0.00000,0.00000,-1.00000,0.00000,-1.00000,0.00000,0.00000,-0.92500,-0.05719,-0.33333,-0.76430,-0.83333,-0.76430,-0.33333,-0.05719,1.00000,1.00000,1.00000,-0.40000,-1.00000,-1.00000,-1.00000,-1.00000,1.00000,1.00000,1,1,1,1,0,0,0,1,0,0
-0.75000,0.00000,-1.00000,0.50000,0.00000,0.00000,0.00000,0.00000,-1.00000,0.00000,-1.00000,0.00000,0.00000,-0.92500,-0.05719,-0.33333,-0.76430,-0.83333,-0.76430,-0.33333,-0.05719,1.00000,1.00000,1.00000,-0.40000,-1.00000,-1.00000,-1.00000,-1.00000,1.00000,1.00000,1,1,1,1,0,0,0,1,0,0
-0.75000,0.00000,-1.00000,0.50000,0.00000,0.00000,0.00000,0.00000,-1.00000,0.00000,-1.00000,0.00000,0.00000,-0.92500,-0.05719,-0.33333,-0.76430,-0.83333,-0.76430,-0.33333,-0.05719,1.00000,1.00000,1.00000,-0.40000,-1.00000,-1.00000,-1.00000,-1.00000,1.00000,1.00000,1,1,1,1,0,0,0,1,0,0
-0.75000,0.00000,-1.00000,0.50000,0.00000,0.00000,0.00000,0.00000,-1.00000,0.00000,-1.00000,0.00000,0.00000,-0.92500,-0.05719,-0.33333,-0.76430,-0.83333,-0.76430,-0.33333,-0.05719,1.00000,1.00000,1.00000,-0.40000,-1.00000,-1.00000,-1.00000,-1.00000,1.00000,1.00000,1,1,1,1,0,0,0,1,0,0
-0.75000,0.00000,-1.00000,0.50000,0.00000,0.00000,0.00000,0.00000,-1.00000,0.00000,-1.00000,0.00000,0.00000,-0.92500,-0.05719,-0.33333,-0.76430,-0.83333,-0.76430,-0.33333,-0.05719,1.00000,1.00000,1.00000,-0.40000,-1.00000,-1.00000,-1.00000,-1.00000,1.00000,1.00000,1,1,1,1,0,0,0,1,0,0
-0.75000,0.00000,-1.00000,0.50000,0.00000,0.00000,0.00000,0.00000,-1.00000,0.00000,-1.00000,0.00000,0.00000,-0.92500,-0.05719,-0.33333,-0.76430,-0.83333,-0.76430,-0.33333,-0.05719,1.00000,1.00000,1.00000,-0.40000,-1.00000,-1.00000,-1.00000,-1.00000,1.00000,1.00000,1,1,1,1,0,0,0,1,0,0
-0.75000,0.00000,-1.00000,0.50000,0.00000,0.00000,0.00000,0.00000,-1.00000,0.00000,-1.00000,0.00000,0.00000,-0.92500,-0.05719,-0.33333,-0.76430,-0.83333,-0.76430,-0.33333,-0.05719,1.00000,1.00000,1.00000,-0.40000,-1.00000,-1.00000,-1.00000,-1.00000,1.00000,1.00000,1,1,1,1,0,0,0,1,0,0
-0.75000,0.00000,-1.00000,0.50000,0.00000,0.00000,0.00000,0.00000,-1.00000,0.00000,-1.00000,0.00000,0.00000,-0.92500,-0.05719,-0.33333,-0.76430,-0.83333,-0.76430,-0.33333,-0.05719,1.00000,1.00000,1.00000,-0.40000,-1.00000,-1.00000,-1.00000,-1.00000,1.00000,1.00000,1,1,1,1,0,0,0,1,0,0
-0.75000,0.00000,-1.00000,0.50000,0.00000,0.00000,0.00000,0.00000,-1.00000,0.00000,-1.00000,0.00000,0.00000,-0.92500,-0.05719,-0.33333,-0.76430,-0.83333,-0.76430,-0.33333,-0.05719,1.00000,1.00000,1.00000,-0.40000,-1.00000,-1.00000,-1.00000,-1.00000,1.00000,1.00000,1,1,1,1,0,0,0,1,0,0
-0.75000,0.00000,-1.00000,0.50000,0.00000,0.00000,0.00000,0.00000,-1.00000,0.00000,-1.00000,0.00000,0.00000,-0.92500,-0.05719,-0.33333,-0.76430,-0.83333,-0.76430,-0.33333,-0.05719,1.00000,1.00000,1.00000,-0.40000,-1.00000,-1.00000,-1.00000,-1.00000,1.00000,1.00000,1,1,1,1,0,0,0,1,0,0
-0.75000,0.00000,-1.00000,0.50000,0.00000,0.00000,0.00000,0.00000,-1.00000,0.00000,-1.00000,0.00000,0.00000,-0.92500,-0.05719,-0.33333,-0.76430,-0.83333,-0.76430,-0.33333,-0.05719,1.00000,1.00000,1.00000,-0.40000,-1.00000,-1.00000,-1.00000,-1.00000,1.00000,1.00000,1,1,1,1,0,0,0,1,0,0
-0.75000,0.00000,-1.00000,0.50000,0.00000,0.00000,0.00000,0.00000,-1.00000,0.00000,-1.00000,0.00000,0.00000,-0.92500,-0.05719,-0.33333,-0.76430,-0.83333,-0.76430,-0.33333,-0.05719,1.00000,1.00000,1.00000,-0.40000,-1.00000,-1.00000,-1.00000,-1.00000,1.00000,1.00000,1,1,1,1,0,0,0,1,0,0
-0.75000,0.00000,-1.00000,0.50000,0.00000,0.00000,0.00000,0.00000,-1.00000,0.00000,-1.00000,0.00000,0.00000,-0.92500,-0.05719,-0.33333,-0.76430,-0.83333,-0.76430,-0.33333,-0.05719,1.00000,1.00000,1.00000,-0.40000,-1.00000,-1.00000,-1.00000,-1.00000,1.00000,1.00000,1,1,1,1,0,0,0,1,0,0
-0.75000,0.00000,-1.00000,0.50000,0.00000,0.00000,0.00000,0.00000,-1.00000,0.00000,-1.00000,0.00000,0.00000,-0.92500,-0.05719,-0.33333,-0.76430,-0.83333,-0.76430,-0.33333,-0.05719,1.00000,1.00000,1.00000,-0.40000,-1.00000,-1.00000,-1.00000,-1.00000,1.00000,1.00000,1,1,1,1,0,0,0,1,0,0
-0.75000,0.00000,-1.00000,0.50000,0.00000,0.00000,0.00000,0.00000,-1.00000,0.00000,-1.00000,0.00000,0.00000,-0.92500,-0.05719,-0.33333,-0.76430,-0.83333,-0.76430,-0.33333,-0.05719,1.00000,1.00000,1.00000,-0.40000,-1.00000,-1.00000,-1.00000,-1.00000,1.00000,1.00000,1,1,1,1,0,0,0,1,0,0
-0.75000,0.00000,-1.00000,0.50000,0.00000,0.00000,0.00000,0.00000,-1.00000,0.00000,-1.00000,0.00000,0.00000,-0.92500,-0.05719,-0.33333,-0.76430,-0.83333,-0.76430,-0.33333,-0.05719,1.00000,1.00000,1.00000,-0.40000,-1.00000,-1.00000,-1.00000,-1.00000,1.00000,1.00000,1,1,1,1,0,0,0,1,0,0
-0.75000,0.00000,-1.00000,0.50000,0.00000,0.00000,0.00000,0.00000,-1.00000,0.00000,-1.00000,0.00000,0.00000,-0.92500,-0.05719,-0.33333,-0.76430,-0.83333,-0.76430,-0.33333,-0.05719,1.00000,1.00000,1.00000,-0.40000,-1.00000,-1.00000,-1.00000,-1.00000,1.00000,1.00000,1,1,1,1,0,0,0,1,0,0
-0.75000,0.00000,-1.00000,0.50000,0.00000,0.00000,0.00000,0.00000,-1.00000,0.00000,-1.00000,0.00000,0.00000,-0.92500,-0.05719,-0.33333,-0.76430,-0.83333,-0.76430,-0.33333,-0.05719,1.00000,1.00000,1.00000,-0.40000,-1.00000,-1.00000,-1.00000,-1.00000,1.00000,1.00000,1,1,1,1,0,0,0,1,0,0
-0.75000,0.00000,-1.00000,0.50000,0.00000,0.00000,0.00000,0.00000,-1.00000,0.00000,-1.00000,0.00000,0.00000,-0.92500,-0.05719,-0.33333,-0.76430,-0.83333,-0.76430,-0.33333,-0.05719,1.00000,1.00000,1.00000,-0.40000,-1.00000,-1.00000,-1.00000,-1.00000,1.00000,1.00000,1,1,1,1,0,0,0,1,0,0
-0.75000,0.00000,-1.00000,0.50000,0.00000,0.00000,0.00000,0.00000,-1.00000,0.00000,-1.00000,0.00000,0.00000,-0.92500,-0.05719,-0.33333,-0.76430,-0.83333,-0.76430,-0.33333,-0.05719,1.00000,1.00000,1.00000,-0.40000,-1.00000,-1.00000,-1.00000,-1.00000,1.00000,1.00000,1,1,1,1,0,0,0,1,0,0
-0.75000,0.00000,-1.00000,0.50000,0.00000,0.00000,0.00000,0.00000,-1.00000,0.00000,-1.00000,0.00000,0.00000,-0.92500,-0.05719,-0.33333,-0.76430,-0.83333,-0.76430,-0.33333,-0.05719,1.00000,1.00000,1.00000,-0.40000,-1.00000,-1.00000,-1.00000,-1.00000,1.00000,1.00000,1,1,1,1,0,0,0,1,0,0
-0.75000,0.00000,-1.00000,0.50000,0.00000,0.00000,0.00000,0.00000,-1.00000,0.00000,-1.00000,0.00000,0.00000,-0.92500,-0.05719,-0.33333,-0.76430,-0.83333,-0.76430,-0.33333,-0.05719,1.00000,1.00000,1.00000,-0.40000,-1.00000,-1.00000,-1.00000,-1.00000,1.00000,1.00000,1,1,1,1,0,0,0,1,0,0
-0.75000,0.00000,-1.00000,0.50000,0.00000,0.00000,0.00000,0.00000,-1.00000,0.00000,-1.00000,0.00000,0.00000,-0.92500,-0.05719,-0.33333,-0.76430,-0.83333,-0.76430,-0.33333,-0.05719,1.00000,1.00000,1.00000,-0.40000,-1.00000,-1.00000,-1.00000,-1.00000,1.00000,1.00000,1,1,1,1,0,0,0,1,0,0
-0.75000,0.00000,-1.00000,0.50000,0.00000,0.00000,0.00000,0.00000,-1.00000,0.00000,-1.00000,0.00000,0.00000,-0.92500,-0.05719,-0.33333,-0.76430,-0.83333,-0.76430,-0.33333,-0.05719,1.00000,1.00000,1.00000,-0.40000,-1.00000,-1.00000,-1.00000,-1.00000,1.00000,1.00000,1,1,1,1,0,0,0,1,0,0
-0.75000,0.00000,-1.00000,0.50000,0.00000,0.00000,0.00000,0.00000,-1.00000,0.00000,-1.00000,0.00000,0.00000,-0.92500,-0.05719,-0.33333,-0.76430,-0.83333,-0.76430,-0.33333,-0.05719,1.00000,1.00000,1.00000,-0.40000,-1.00000,-1.00000,-1.00000,-1.00000,1.00000,1.00000,1,1,1,1,0,0,0,1,0,0
-0.75000,0.00000,-1.00000,0.50000,0.00000,0.00000,0.00000,0.00000,-1.00000,0.00000,-1.00000,0.00000,0.00000,-0.92500,-0.05719,-0.33333,-0.76430,-0.83333,-0.76430,-0.33333,-0.05719,1.00000,1.00000,1.00000,-0.40000,-1.00000,-1.00000,-1.00000,-1.00000,1.00000,1.00000,1,1,1,1,0,0,0,1,0,0
-0.75000,0.00000,-1.00000,0.50000,0.00000,0.00000,0.00000,0.00000,-1.00000,0.00000,-1.00000,0.00000,0.00000,-0.92500,-0.05719,-0.33333,-0.76430,-0.83333,-0.76430,-0.33333,-0.05719,1.00000,1.00000,1.00000,-0.40000,-1.00000,-1.00000,-1.00000,-1.00000,1.00000,1.00000,1,1,1,1,0,0,0,1,0,0
-0.75000,0.00000,-1.00000,0.50000,0.00000,0.00000,0.00000,0.00000,-1.00000,0.00000,-1.00000,0.00000,0.00000,-0.92500,-0.05719,-0.33333,-0.76430,-0.83333,-0.76430,-0.33333,-0.05719,1.00000,1.00000,1.00000,-0.40000,-1.00000,-1.00000,-1.00000,-1.00000,1.00000,1.00000,1,1,1,1,0,0,0,1,0,0
-0.75000,0.00000,-1.00000,0.50000,0.00000,0.00000,0.00000,0.00000,-1.00000,0.00000,-1.00000,0.00000,0.00000,-0.92500,-0.05719,-0.33333,-0.76430,-0.83333,-0.76430,-0.33333,-0.05719,1.00000,1.00000,1.00000,-0.40000,-1.00000,-1.00000,-1.00000,-1.00000,1.00000,1.00000,1,1,1,1,0,0,0,1,0,0
-0.75000,0.00000,-1.00000,0.50000,0.00000,0.00000,0.00000,0.00000,-1.00000,0.00000,-1.00000,0.00000,0.00000,-0.92500,-0.05719,-0.33333,-0.76430,-0.83333,-0.76430,-0.33333,-0.05719,1.00000,1.00000,1.00000,-0.40000,-1.00000,-1.00000,-1.00000,-1.00000,1.00000,1.00000,1,1,1,1,0,0,0,1,0,0
-0.75000,0.00000,-1.00000,0.50000,0.00000,0.00000,0.00000,0.00000,-1.00000,0.00000,-1.00000,0.00000,0.00000,-0.92500,-0.05719,-0.33333,-0.76430,-0.83333,-0.76430,-0.33333,-0.05719,1.00000,1.00000,1.00000,-0.40000,-1.00000,-1.00000,-1.00000,-1.00000,1.00000,1.00000,1,1,1,1,0,0,0,1,0,0
-0.75000,0.00000,-1.00000,0.50000,0.00000,0.00000,0.00000,0.00000,-1.00000,0.00000,-1.00000,0.00000,0.00000,-0.92500,-0.05719,-0.33333,-0.76430,-0.83333,-0.76430,-0.33333,-0.05719,1.00000,1.00000,1.00000,-0.40000,-1.00000,-1.00000,-1.00000,-1.00000,1.00000,1.00000,1,1,1,1,0,0,0,1,0,0
-0.75000,0.00000,-1.00000,0.50000,0.00000,0.00000,0.00000,0.00000,-1.00000,0.00000,-1.00000,0.00000,0.00000,-0.92500,-0.05719,-0.33333,-0.76430,-0.83333,-0.76430,-0.33333,-0.05719,1.00000,1.00000,1.00000,-0.40000,-1.00000,-1.00000,-1.00000,-1.00000,1.00000,1.00000,1,1,1,1,0,0,0,1,0,0
-0.75000,0.00000,-1.00000,0.50000,0.00000,0.00000,0.00000,0.00000,-1.00000,0.00000,-1.00000,0.00000,0.00000,-0.92500,-0.05719,-0.33333,-0.76430,-0.83333,-0.76430,-0.33333,-0.05719,1.00000,1.00000,1.00000,-0.40000,-1.00000,-1.00000,-1.00000,-1.00000,1.00000,1.00000,1,1,1,1,0,0,0,1,0,0
-0.75000,0.00000,-1.00000,0.50000,0.00000,0.00000,0.00000,0.00000,-1.00000,0.00000,-1.00000,0.00000,0.00000,-0.92500,-0.05719,-0.33333,-0.76430,-0.83333,-0.76430,-0.33333,-0.05719,1.00000,1.00000,1.00000,-0.40000,-1.00000,-1.00000,-1.00000,-1.00000,1.00000,1.00000,1,1,1,1,0,0,0,1,0,0
-0.75000,0.00000,-1.00000,0.50000,0.00000,0.00000,0.00000,0.00000,-1.00000,0.00000,-1.00000,0.00000,0.00000,-0.92500,-0.05719,-0.33333,-0.76430,-0.83333,-0.76430,-0.33333,-0.05719,1.00000,1.00000,1.00000,-0.40000,-1.00000,-1.00000,-1.00000,-1.00000,1.00000,1.00000,1,1,1,1,0,0,0,1,0,0
-0.75000,0.00000,-1.00000,0.50000,0.00000,0.00000,0.00000,0.00000,-1.00000,0.00000,-1.00000,0.00000,0.00000,-0.92500,-0.05719,-0.33333,-0.76430,-0.83333,-0.76430,-0.33333,-0.05719,1.00000,1.00000,1.00000,-0.40000,-1.00000,-1.00000,-1.00000,-1.00000,1.00000,1.00000,1,1,1,1,0,0,0,1,0,0
-0.75000,0.00000,-1.00000,0.50000,0.00000,0.00000,0.00000,0.00000,-1.00000,0.00000,-1.00000,0.00000,0.00000,-0.92500,-0.05719,-0.33333,-0.76430,-0.83333,-0.76430,-0.33333,-0.05719,1.00000,1.00000,1.00000,-0.40000,-1.00000,-1.00000,-1.00000,-1.00000,1.00000,1.00000,1,1,1,1,0,0,0,1,0,0
-0.75000,0.00000,-1.00000,0.50000,0.00000,0.00000,0.00000,0.00000,-1.00000,0.00000,-1.00000,0.00000,0.00000,-0.92500,-0.05719,-0.33333,-0.76430,-0.83333,-0.76430,-0.33333,-0.05719,1.00000,1.00000,1.00000,-0.40000,-1.00000,-1.00000,-1.00000,-1.00000,1.00000,1.00000,1,1,1,1,0,0,0,1,0,0
-0.75000,0.00000,-1.00000,0.50000,0.00000,0.00000,0.00000,0.00000,-1.00000,0.00000,-1.00000,0.00000,0.00000,-0.92500,-0.05719,-0.33333,-0.76430,-0.83333,-0.76430,-0.33333,-0.05719,1.00000,1.00000,1.00000,-0.40000,-1.00000,-1.00000,-1.00000,-1.00000,1.00000,1.00000,1,1,1,1,0,0,0,1,0,0
-0.75000,0.00000,-1.00000,0.50000,0.00000,0.00000,0.00000,0.00000,-1.00000,0.00000,-1.00000,0.00000,0.00000,-0.92500,-0.05719,-0.33333,-0.76430,-0.83333,-0.76430,-0.33333,-0.05719,1.00000,1.00000,1.00000,-0.40000,-1.00000,-1.00000,-1.00000,-1.00000,1.00000,1.00000,1,1,1,1,0,0,0,1,0,0
-0.75000,0.00000,-1.00000,0.50000,0.00000,0.00000,0.00000,0.00000,-1.00000,0.00000,-1.00000,0.00000,0.00000,-0.92500,-0.05719,-0.33333,-0.76430,-0.83333,-0.76430,-0.33333,-0.05719,1.00000,1.00000,1.00000,-0.40000,-1.00000,-1.00000,-1.00000,-1.00000,1.00000,1.00000,1,1,1,1,0,0,0,1,0,0
-0.75000,0.00000,-1.00000,0.50000,0.00000,0.00000,0.00000,0.00000,-1.00000,0.00000,-1.00000,0.00000,0.00000,-0.92500,-0.05719,-0.33333,-0.76430,-0.83333,-0.76430,-0.33333,-0.05719,1.00000,1.00000,1.00000,-0.40000,-1.00000,-1.00000,-1.00000,-1.00000,1.00000,1.00000,1,1,1,1,0,0,0,1,0,0
-0.75000,0.00000,-1.00000,0.50000,0.00000,0.00000,0.00000,0.00000,-1.00000,0.00000,-1.00000,0.00000,0.00000,-0.92500,-0.05719,-0.33333,-0.76430,-0.83333,-0.76430,-0.33333,-0.05719,1.00000,1.00000,1.00000,-0.40000,-1.00000,-1.00000,-1.00000,-1.00000,1.00000,1.00000,1,1,1,1,0,0,0,1,0,0
-0.75000,0.00000,-1.00000,0.50000,0.00000,0.00000,0.00000,0.00000,-1.00000,0.00000,-1.00000,0.00000,0.00000,-0.92500,-0.05719,-0.33333,-0.76430,-0.83333,-0.76430,-0.33333,-0.05719,1.00000,1.00000,1.00000,-0.40000,-1.00000,-1.00000,-1.00000,-1.00000,1.00000,1.00000,1,1,1,1,0,0,0,1,0,0
-0.75000,0.00000,-1.00000,0.50000,0.00000,0.00000,0.00000,0.00000,-1.00000,0.00000,-1.00000,0.00000,0.00000,-0.92500,-0.05719,-0.33333,-0.76430,-0.83333,-0.76430,-0.33333,-0.05719,1.00000,1.00000,1.00000,-0.40000,-1.00000,-1.00000,-1.00000,-1.00000,1.00000,1.00000,1,1,1,1,0,0,0,1,0,0
-0.75000,0.00000,-1.00000,0.50000,0.00000,0.00000,0.00000,0.00000,-1.00000,0.00000,-1.00000,0.00000,0.00000,-0.92500,-0.05719,-0.33333,-0.76430,-0.83333,-0.76430,-0.33333,-0.05719,1.00000,1.00000,1.00000,-0.40000,-1.00000,-1.00000,-1.00000,-1.00000,1.00000,1.00000,1,1,1,1,0,0,0,1,0,0
-0.75000,0.00000,-1.00000,0.50000,0.00000,0.00000,0.00000,0.00000,-1.00000,0.00000,-1.00000,0.00000,0.00000,-0.92500,-0.05719,-0.33333,-0.76430,-0.83333,-0.76430,-0.33333,-0.05719,1.00000,1.00000,1.00000,-0.40000,-1.00000,-1.00000,-1.00000,-1.00000,1.00000,1.00000,1,1,1,1,0,0,0,1,0,0
-0.75000,0.00000,-1.00000,0.50000,0.00000,0.00000,0.00000,0.00000,-1.00000,0.00000,-1.00000,0.00000,0.00000,-0.92500,-0.05719,-0.33333,-0.76430,-0.83333,-0.76430,-0.33333,-0.05719,1.00000,1.00000,1.00000,-0.40000,-1.00000,-1.00000,-1.00000,-1.00000,1.00000,1.00000,1,1,1,1,0,0,0,1,0,0
-0.75000,0.00000,-1.00000,0.50000,0.00000,0.00000,0.00000,0.00000,-1.00000,0.00000,-1.00000,0.00000,0.00000,-0.92500,-0.05719,-0.33333,-0.76430,-0.83333,-0.76430,-0.33333,-0.05719,1.00000,1.00000,1.00000,-0.40000,-1.00000,-1.00000,-1.00000,-1.00000,1.00000,1.00000,1,1,1,1,0,0,0,1,0,0
-0.75000,0.00000,-1.00000,0.50000,0.00000,0.00000,0.00000,0.00000,-1.00000,0.00000,-1.00000,0.00000,0.00000,-0.92500,-0.05719,-0.33333,-0.76430,-0.83333,-0.76430,-0.33333,-0.05719,1.00000,1.00000,1.00000,-0.40000,-1.00000,-1.00000,-1.00000,-1.00000,1.00000,1.00000,1,1,1,1,0,0,0,1,0,0
-0.75000,0.00000,-1.00000,0.50000,0.00000,0.00000,0.00000,0.00000,-1.00000,0.00000,-1.00000,0.00000,0.00000,-0.92500,-0.05719,-0.33333,-0.76430,-0.83333,-0.76430,-0.33333,-0.05719,1.00000,1.00000,1.00000,-0.40000,-1.00000,-1.00000,-1.00000,-1.00000,1.00000,1.00000,1,1,1,1,0,0,0,1,0,0
-0.75000,0.00000,-1.00000,0.50000,0.00000,0.00000,0.00000,0.00000,-1.00000,0.00000,-1.00000,0.00000,0.00000,-0.92500,-0.05719,-0.33333,-0.76430,-0.83333,-0.76430,-0.33333,-0.05719,1.00000,1.00000,1.00000,-0.40000,-1.00000,-1.00000,-1.00000,-1.00000,1.00000,1.00000,1,1,1,1,0,0,0,1,0,0
-0.75000,0.00000,-1.00000,0.50000,0.00000,0.00000,0.00000,0.00000,-1.00000,0.00000,-1.00000,0.00000,0.00000,-0.92500,-0.05719,-0.33333,-0.76430,-0.83333,-0.76430,-0.33333,-0.05719,1.00000,1.00000,1.00000,-0.40000,-1.00000,-1.00000,-1.00000,-1.00000,1.00000,1.00000,1,1,1,1,0,0,0,1,0,0
-0.75000,0.00000,-1.00000,0.50000,0.00000,0.00000,0.00000,0.00000,-1.00000,0.00000,-1.00000,0.00000,0.00000,-0.92500,-0.05719,-0.33333,-0.76430,-0.83333,-0.76430,-0.33333,-0.05719,1.00000,1.00000,1.00000,-0.40000,-1.00000,-1.00000,-1.00000,-1.00000,1.00000,1.00000,1,1,1,1,0,0,0,1,0,0
-0.75000,0.00000,-1.00000,0.50000,0.00000,0.00000,0.00000,0.00000,-1.00000,0.00000,-1.00000,0.00000,0.00000,-0.92500,-0.05719,-0.33333,-0.76430,-0.83333,-0.76430,-0.33333,-0.05719,1.00000,1.00000,1.00000,-0.40000,-1.00000,-1.00000,-1.00000,-1.00000,1.00000,1.00000,1,1,1,1,0,0,0,1,0,0
-0.75000,0.00000,-1.00000,0.50000,0.00000,0.00000,0.00000,0.00000,-1.00000,0.00000,-1.00000,0.00000,0.00000,-0.92500,-0.05719,-0.33333,-0.76430,-0.83333,-0.76430,-0.33333,-0.05719,1.00000,1.00000,1.00000,-0.40000,-1.00000,-1.00000,-1.00000,-1.00000,1.00000,1.00000,1,1,1,1,0,0,0,1,0,0
-0.75000,0.00000,-1.00000,0.50000,0.00000,0.00000,0.00000,0.00000,-1.00000,0.00000,-1.00000,0.00000,0.00000,-0.92500,-0.05719,-0.33333,-0.76430,-0.83333,-0.76430,-0.33333,-0.05719,1.00000,1.00000,1.00000,-0.40000,-1.00000,-1.00000,-1.00000,-1.00000,1.00000,1.00000,1,1,1,1,0,0,0,1,0,0
-0.75000,0.00000,-1.00000,0.50000,0.00000,0.00000,0.00000,0.00000,-1.00000,0.00000,-1.00000,0.00000,0.00000,-0.92500,-0.05719,-0.33333,-0.76430,-0.83333,-0.76430,-0.33333,-0.05719,1.00000,1.00000,1.00000,-0.40000,-1.00000,-1.00000,-1.00000,-1.00000,1.00000,1.00000,1,1,1,1,0,0,0,1,0,0
-0.75000,0.00000,-1.00000,0.50000,0.00000,0.00000,0.00000,0.00000,-1.00000,0.00000,-1.00000,0.00000,0.00000,-0.92500,-0.05719,-0.33333,-0.76430,-0.83333,-0.76430,-0.33333,-0.05719,1.00000,1.00000,1.00000,-0.40000,-1.00000,-1.00000,-1.00000,-1.00000,1.00000,1.00000,1,1,1,1,0,0,0,1,0,0
-0.75000,0.00000,-1.00000,0.50000,0.00000,0.00000,0.00000,0.00000,-1.00000,0.00000,-1.00000,0.00000,0.00000,-0.92500,-0.05719,-0.33333,-0.76430,-0.83333,-0.76430,-0.33333,-0.05719,1.00000,1.00000,1.00000,-0.40000,-1.00000,-1.00000,-1.00000,-1.00000,1.00000,1.00000,1,1,1,1,0,0,0,1,0,0
-0.75000,0.00000,-1.00000,0.50000,0.00000,0.00000,0.00000,0.00000,-1.00000,0.00000,-1.00000,0.00000,0.00000,-0.92500,-0.05719,-0.33333,-0.76430,-0.83333,-0.76430,-0.33333,-0.05719,1.00000,1.00000,1.00000,-0.40000,-1.00000,-1.00000,-1.00000,-1.00000,1.00000,1.00000,1,1,1,1,0,0,0,1,0,0
-0.75000,0.00000,-1.00000,0.50000,0.00000,0.00000,0.00000,0.00000,-1.00000,0.00000,-1.00000,0.00000,0.00000,-0.92500,-0.05719,-0.33333,-0.76430,-0.83333,-0.76430,-0.33333,-0.05719,1.00000,1.00000,1.00000,-0.40000,-1.00000,-1.00000,-1.00000,-1.00000,1.00000,1.00000,1,1,1,1,0,0,0,1,0,0
-0.75000,0.00000,-1.00000,0.50000,0.00000,0.00000,0.00000,0.00000,-1.00000,0.00000,-1.00000,0.00000,0.00000,-0.92500,-0.05719,-0.33333,-0.76430,-0.83333,-0.76430,-0.33333,-0.05719,1.00000,1.00000,1.00000,-0.40000,-1.00000,-1.00000,-1.00000,-1.00000,1.00000,1.00000,1,1,1,1,0,0,0,1,0,0
-0.75000,0.00000,-1.00000,0.50000,0.00000,0.00000,0.00000,0.00000,-1.00000,0.00000,-1.00000,0.00000,0.00000,-0.92500,-0.05719,-0.33333,-0.76430,-0.83333,-0.76430,-0.33333,-0.05719,1.00000,1.00000,1.00000,-0.40000,-1.00000,-1.00000,-1.00000,-1.00000,1.00000,1.00000,1,1,1,1,0,0,0,1,0,0
-0.75000,0.00000,-1.00000,0.50000,0.00000,0.00000,0.00000,0.00000,-1.00000,0.00000,-1.00000,0.00000,0.00000,-0.92500,-0.05719,-0.33333,-0.76430,-0.83333,-0.76430,-0.33333,-0.05719,1.00000,1.00000,1.00000,-0.40000,-1.00000,-1.00000,-1.00000,-1.00000,1.00000,1.00000,1,1,1,1,0,0,0,1,0,0
-0.75000,0.00000,-1.00000,0.50000,0.00000,0.00000,0.00000,0.00000,-1.00000,0.00000,-1.00000,0.00000,0.00000,-0.92500,-0.05719,-0.33333,-0.76430,-0.83333,-0.76430,-0.33333,-0.05719,1.00000,1.00000,1.00000,-0.40000,-1.00000,-1.00000,-1.00000,-1.00000,1.00000,1.00000,1,1,1,1,0,0,0,1,0,0
-0.75000,0.00000,-1.00000,0.50000,0.00000,0.00000,0.00000,0.00000,-1.00000,0.00000,-1.00000,0.00000,0.00000,-0.92500,-0.05719,-0.33333,-0.76430,-0.83333,-0.76430,-0.33333,-0.05719,1.00000,1.00000,1.00000,-0.40000,-1.00000,-1.00000,-1.00000,-1.00000,1.00000,1.00000,1,1,1,1,0,0,0,1,0,0
-0.75000,0.00000,-1.00000,0.50000,0.00000,0.00000,0.00000,0.00000,-1.00000,0.00000,-1.00000,0.00000,0.00000,-0.92500,-0.05719,-0.33333,-0.76430,-0.83333,-0.76430,-0.33333,-0.05719,1.00000,1.00000,1.00000,-0.40000,-1.00000,-1.00000,-1.00000,-1.00000,1.00000,1.00000,1,1,1,1,0,0,0,1,0,0
-0.75000,0.00000,-1.00000,0.50000,0.00000,0.00000,0.00000,0.00000,-1.00000,0.00000,-1.00000,0.00000,0.00000,-0.92500,-0.05719,-0.33333,-0.76430,-0.83333,-0.76430,-0.33333,-0.05719,1.00000,1.00000,1.00000,-0.40000,-1.00000,-1.00000,-1.00000,-1.00000,1.00000,1.00000,1,1,1,1,0,0,0,1,0,0
-0.75000,0.00000,-1.00000,0.50000,0.00000,0.00000,0.00000,0.00000,-1.00000,0.00000,-1.00000,0.00000,0.00000,-0.92500,-0.05719,-0.33333,-0.76430,-0.83333,-0.76430,-0.33333,-0.05719,1.00000,1.00000,1.00000,-0.40000,-1.00000,-1.00000,-1.00000,-1.00000,1.00000,1.00000,1,1,1,1,0,0,0,1,0,0
-0.75000,0.00000,-1.00000,0.50000,0.00000,0.00000,0.00000,0.00000,-1.00000,0.00000,-1.00000,0.00000,0.00000,-0.92500,-0.05719,-0.33333,-0.76430,-0.83333,-0.76430,-0.33333,-0.05719,1.00000,1.00000,1.00000,-0.40000,-1.00000,-1.00000,-1.00000,-1.00000,1.00000,1.00000,1,1,1,1,0,0,0,1,0,0
-0.75000,0.00000,-1.00000,0.50000,0.00000,0.00000,0.00000,0.00000,-1.00000,0.00000,-1.00000,0.00000,0.00000,-0.92500,-0.05719,-0.33333,-0.76430,-0.83333,-0.76430,-0.33333,-0.05719,1.00000,1.00000,1.00000,-0.40000,-1.00000,-1.00000,-1.00000,-1.00000,1.00000,1.00000,1,1,1,1,0,0,0,1,0,0
-0.75000,0.00000,-1.00000,0.50000,0.00000,0.00000,0.00000,0.00000,-1.00000,0.00000,-1.00000,0.00000,0.00000,-0.92500,-0.05719,-0.33333,-0.76430,-0.83333,-0.76430,-0.33333,-0.05719,1.00000,1.00000,1.00000,-0.40000,-1.00000,-1.00000,-1.00000,-1.00000,1.00000,1.00000,1,1,1,1,0,0,0,1,0,0
-0.75000,0.00000,-1.00000,0.50000,0.00000,0.00000,0.00000,0.00000,-1.00000,0.00000,-1.00000,0.00000,0.00000,-0.92500,-0.05719,-0.33333,-0.76430,-0.83333,-0.76430,-0.33333,-0.05719,1.00000,1.00000,1.00000,-0.40000,-1.00000,-1.00000,-1.00000,-1.00000,1.00000,1.00000,1,1,1,1,0,0,0,1,0,0
-0.75000,0.00000,-1.00000,0.50000,0.00000,0.00000,0.00000,0.00000,-1.00000,0.00000,-1.00000,0.00000,0.00000,-0.92500,-0.05719,-0.33333,-0.76430,-0.83333,-0.76430,-0.33333,-0.05719,1.00000,1.00000,1.00000,-0.40000,-1.00000,-1.00000,-1.00000,-1.00000,1.00000,1.00000,1,1,1,1,0,0,0,1,0,0
-0.75000,0.00000,-1.00000,0.50000,0.00000,0.00000,0.00000,0.00000,-1.00000,0.00000,-1.00000,0.00000,0.00000,-0.92500,-0.05719,-0.33333,-0.76430,-0.83333,-0.76430,-0.33333,-0.05719,1.00000,1.00000,1.00000,-0.40000,-1.00000,-1.00000,-1.00000,-1.00000,1.00000,1.00000,1,1,1,1,0,0,0,1,0,0
-0.75000,0.00000,-1.00000,0.50000,0.00000,0.00000,0.00000,0.00000,-1.00000,0.00000,-1.00000,0.00000,0.00000,-0.92500,-0.05719,-0.33333,-0.76430,-0.83333,-0.76430,-0.33333,-0.05719,1.00000,1.00000,1.00000,-0.40000,-1.00000,-1.00000,-1.00000,-1.00000,1.00000,1.00000,1,1,1,1,0,0,0,1,0,0
-0.75000,0.00000,-1.00000,0.50000,0.00000,0.00000,0.00000,0.00000,-1.00000,0.00000,-1.00000,0.00000,0.00000,-0.92500,-0.05719,-0.33333,-0.76430,-0.83333,-0.76430,-0.33333,-0.05719,1.00000,1.00000,1.00000,-0.40000,-1.00000,-1.00000,-1.00000,-1.00000,1.00000,1.00000,1,1,1,1,0,0,0,1,0,0
-0.75000,0.00000,-1.00000,0.50000,0.00000,0.00000,0.00000,0.00000,-1.00000,0.00000,-1.00000,0.00000,0.00000,-0.92500,-0.05719,-0.33333,-0.76430,-0.83333,-0.76430,-0.33333,-0.05719,1.00000,1.00000,1.00000,-0.40000,-1.00000,-1.00000,-1.00000,-1.00000,1.00000,1.00000,1,1,1,1,0,0,0,1,0,0
-0.75000,0.00000,-1.00000,0.50000,0.00000,0.00000,0.00000,0.00000,-1.00000,0.00000,-1.00000,0.00000,0.00000,-0.92500,-0.05719,-0.33333,-0.76430,-0.83333,-0.76430,-0.33333,-0.05719,1.00000,1.00000,1.00000,-0.40000,-1.00000,-1.00000,-1.00000,-1.00000,1.00000,1.00000,1,1,1,1,0,0,0,1,0,0
-0.75000,0.00000,-1.00000,0.50000,0.00000,0.00000,0.00000,0.00000,-1.00000,0.00000,-1.00000,0.00000,0.00000,-0.92500,-0.05719,-0.33333,-0.76430,-0.83333,-0.76430,-0.33333,-0.05719,1.00000,1.00000,1.00000,-0.40000,-1.00000,-1.00000,-1.00000,-1.00000,1.00000,1.00000,1,1,1,1,0,0,0,1,0,0
-0.75000,0.00000,-1.00000,0.50000,0.00000,0.00000,0.00000,0.00000,-1.00000,0.00000,-1.00000,0.00000,0.00000,-0.92500,-0.05719,-0.33333,-0.76430,-0.83333,-0.76430,-0.33333,-0.05719,1.00000,1.00000,1.00000,-0.40000,-1.00000,-1.00000,-1.00000,-1.00000,1.00000,1.00000,1,1,1,1,0,0,0,1,0,0
-0.75000,0.00000,-1.00000,0.50000,0.00000,0.00000,0.00000,0.00000,-1.00000,0.00000,-1.00000,0.00000,0.00000,-0.92500,-0.05719,-0.33333,-0.76430,-0.83333,-0.76430,-0.33333,-0.05719,1.00000,1.00000,1.00000,-0.40000,-1.00000,-1.00000,-1.00000,-1.00000,1.00000,1.00000,1,1,1,1,0,0,0,1,0,0
-0.75000,0.00000,-1.00000,0.50000,0.00000,0.00000,0.00000,0.00000,-1.00000,0.00000,-1.00000,0.00000,0.00000,-0.92500,-0.05719,-0.33333,-0.76430,-0.83333,-0.76430,-0.33333,-0.05719,1.00000,1.00000,1.00000,-0.40000,-1.00000,-1.00000,-1.00000,-1.00000,1.00000,1.00000,1,1,1,1,0,0,0,1,0,0
-0.75000,0.00000,-1.00000,0.50000,0.00000,0.00000,0.00000,0.00000,-1.00000,0.00000,-1.00000,0.00000,0.00000,-0.92500,-0.05719,-0.33333,-0.76430,-0.83333,-0.76430,-0.33333,-0.05719,1.00000,1.00000,1.00000,-0.40000,-1.00000,-1.00000,-1.00000,-1.00000,1.00000,1.00000,1,1,1,1,0,0,0,1,0,0
-0.75000,0.00000,-1.00000,0.50000,0.00000,0.00000,0.00000,0.00000,-1.00000,0.00000,-1.00000,0.00000,0.00000,-0.92500,-0.05719,-0.33333,-0.76430,-0.83333,-0.76430,-0.33333,-0.05719,1.00000,1.00000,1.00000,-0.40000,-1.00000,-1.00000,-1.00000,-1.00000,1.00000,1.00000,1,1,1,1,0,0,0,1,0,0
-0.75000,0.00000,-1.00000,0.50000,0.00000,0.00000,0.00000,0.00000,-1.00000,0.00000,-1.00000,0.00000,0.00000,-0.92500,-0.05719,-0.33333,-0.76430,-0.83333,-0.76430,-0.33333,-0.05719,1.00000,1.00000,1.00000,-0.40000,-1.00000,-1.00000,-1.00000,-1.00000,1.00000,1.00000,1,1,1,1,0,0,0,1,0,0
-0.75000,0.00000,-1.00000,0.50000,0.00000,0.00000,0.00000,0.00000,-1.00000,0.00000,-1.00000,0.00000,0.00000,-0.92500,-0.05719,-0.33333,-0.76430,-0.83333,-0.76430,-0.33333,-0.05719,1.00000,1.00000,1.00000,-0.40000,-1.00000,-1.00000,-1.00000,-1.00000,1.00000,1.00000,1,1,1,1,0,0,0,1,0,0
-0.75000,0.00000,-1.00000,0.50000,0.00000,0.00000,0.00000,0.00000,-1.00000,0.00000,-1.00000,0.00000,0.00000,-0.92500,-0.05719,-0.33333,-0.76430,-0.83333,-0.76430,-0.33333,-0.05719,1.00000,1.00000,1.00000,-0.40000,-1.00000,-1.00000,-1.00000,-1.00000,1.00000,1.00000,1,1,1,1,0,0,0,1,0,0
-0.75000,0.00000,-1.00000,0.50000,0.00000,0.00000,0.00000,0.00000,-1.00000,0.00000,-1.00000,0.00000,0.00000,-0.92500,-0.05719,-0.33333,-0.76430,-0.83333,-0.76430,-0.33333,-0.05719,1.00000,1.00000,1.00000,-0.40000,-1.00000,-1.00000,-1.00000,-1.00000,1.00000,1.00000,1,1,1,1,0,0,0,1,0,0
-0.75000,0.00000,-1.00000,0.50000,0.00000,0.00000,0.00000,0.00000,-1.00000,0.00000,-1.00000,0.00000,0.00000,-0.92500,-0.05719,-0.33333,-0.76430,-0.83333,-0.76430,-0.33333,-0.05719,1.00000,1.00000,1.00000,-0.40000,-1.00000,-1.00000,-1.00000,-1.00000,1.00000,1.00000,1,1,1,1,0,0,0,1,0,0
-0.75000,0.00000,-1.00000,0.50000,0.00000,0.00000,0.00000,0.00000,-1.00000,0.00000,-1.00000,0.00000,0.00000,-0.92500,-0.05719,-0.33333,-0.76430,-0.83333,-0.76430,-0.33333,-0.05719,1.00000,1.00000,1.00000,-0.40000,-1.00000,-1.00000,-1.00000,-1.00000,1.00000,1.00000,1,1,1,1,0,0,0,1,0,0
-0.75000,0.00000,-1.00000,0.50000,0.00000,0.00000,0.00000,0.00000,-1.00000,0.00000,-1.00000,0.00000,0.00000,-0.92500,-0.05719,-0.33333,-0.76430,-0.83333,-0.76430,-0.33333,-0.05719,1.00000,1.00000,1.00000,-0.40000,-1.00000,-1.00000,-1.00000,-1.00000,1.00000,1.00000,1,1,1,1,0,0,0,1,0,0
-0.75000,0.00000,-1.00000,0.50000,0.00000,0.00000,0.00000,0.00000,-1.00000,0.00000,-1.00000,0.00000,0.00000,-0.92500,-0.05719,-0.33333,-0.76430,-0.83333,-0.76430,-0.33333,-0.05719,1.00000,1.00000,1.00000,-0.40000,-1.00000,-1.00000,-1.00000,-1.00000,1.00000,1.00000,1,1,1,1,0,0,0,1,0,0
-0.75000,0.00000,-1.00000,0.50000,0.00000,0.00000,0.00000,0.00000,-1.00000,0.00000,-1.00000,0.00000,0.00000,-0.92500,-0.05719,-0.33333,-0.76430,-0.83333,-0.76430,-0.33333,-0.05719,1.00000,1.00000,1.00000,-0.40000,-1.00000,-1.00000,-1.00000,-1.00000,1.00000,1.00000,1,1,1,1,0,0,0,1,0,0
-0.75000,0.00000,-1.00000,0.50000,0.00000,0.00000,0.00000,0.00000,-1.00000,0.00000,-1.00000,0.00000,0.00000,-0.92500,-0.05719,-0.33333,-0.76430,-0.83333,-0.76430,-0.33333,-0.05719,1.00000,1.00000,1.00000,-0.40000,-1.00000,-1.00000,-1.00000,-1.00000,1.00000,1.00000,1,1,1,1,0,0,0,1,0,0
-0.75000,0.00000,-1.00000,0.50000,0.00000,0.00000,0.00000,0.00000,-1.00000,0.00000,-1.00000,0.00000,0.00000,-0.92500,-0.05719,-0.33333,-0.76430,-0.83333,-0.76430,-0.33333,-0.05719,1.00000,1.00000,1.00000,-0.40000,-1.00000,-1.00000,-1.00000,-1.00000,1.00000,1.00000,1,1,1,1,0,0,0,1,0,0
-0.75000,0.00000,-1.00000,0.50000,0.00000,0.00000,0.00000,0.00000,-1.00000,0.00000,-1.00000,0.00000,0.00000,-0.92500,-0.05719,-0.33333,-0.76430,-0.83333,-0.76430,-0.33333,-0.05719,1.00000,1.00000,1.00000,-0.40000,-1.00000,-1.00000,-1.00000,-1.00000,1.00000,1.00000,1,1,1,1,0,0,0,1,0,0
-0.75000,0.00000,-1.00000,0.50000,0.00000,0.00000,0.00000,0.00000,-1.00000,0.00000,-1.00000,0.00000,0.00000,-0.92500,-0.05719,-0.33333,-0.76430,-0.83333,-0.76430,-0.33333,-0.05719,1.00000,1.00000,1.00000,-0.40000,-1.00000,-1.00000,-1.00000,-1.00000,1.00000,1.00000,1,1,1,1,0,0,0,1,0,0
-0.75000,0.00000,-1.00000,0.50000,0.00000,0.00000,0.00000,0.00000,-1.00000,0.00000,-1.00000,0.00000,0.00000,-0.92500,-0.05719,-0.33333,-0.76430,-0.83333,-0.76430,-0.33333,-0.05719,1.00000,1.00000,1.00000,-0.40000,-1.00000,-1.00000,-1.00000,-1.00000,1.00000,1.00000,1,1,1,1,0,0,0,1,0,0
-0.75000,0.00000,-1.00000,0.50000,0.00000,0.00000,0.00000,0.00000,-1.00000,0.00000,-1.00000,0.00000,0.00000,-0.92500,-0.05719,-0.33333,-0.76430,-0.83333,-0.76430,-0.33333,-0.05719,1.00000,1.00000,1.00000,-0.40000,-1.00000,-1.00000,-1.00000,-1.00000,1.00000,1.00000,1,1,1,1,0,0,0,1,0,0
-0.75000,0.00000,-1.00000,0.50000,0.00000,0.00000,0.00000,0.00000,-1.00000,0.00000,-1.00000,0.00000,0.00000,-0.92500,-0.05719,-0.33333,-0.76430,-0.83333,-0.76430,-0.33333,-0.05719,1.00000,1.00000,1.00000,-0.40000,-1.00000,-1.00000,-1.00000,-1.00000,1.00000,1.00000,1,1,1,1,0,0,0,1,0,0
-0.75000,0.00000,-1.00000,0.50000,0.00000,0.00000,0.00000,0.00000,-1.00000,0.00000,-1.00000,0.00000,0.00000,-0.92500,-0.05719,-0.33333,-0.76430,-0.83333,-0.76430,-0.33333,-0.05719,1.00000,1.00000,1.00000,-0.40000,-1.00000,-1.00000,-1.00000,-1.00000,1.00000,1.00000,1,1,1,1,0,0,0,1,0,0
-0.75000,0.00000,-1.00000,0.50000,0.00000,0.00000,0.00000,0.00000,-1.00000,0.00000,-1.00000,0.00000,0.00000,-0.92500,-0.05719,-0.33333,-0.76430,-0.83333,-0.76430,-0.33333,-0.05719,1.00000,1.00000,1.00000,-0.40000,-1.00000,-1.00000,-1.00000,-1.00000,1.00000,1.00000,1,1,1,1,0,0,0,1,0,0
-0.75000,0.00000,-1.00000,0.50000,0.00000,0.00000,0.00000,0.00000,-1.00000,0.00000,-1.00000,0.00000,0.00000,-0.92500,-0.05719,-0.33333,-0.76430,-0.83333,-0.76430,-0.33333,-0.05719,1.00000,1.00000,1.00000,-0.40000,-1.00000,-1.00000,-1.00000,-1.00000,1.00000,1.00000,1,1,1,1,0,0,0,1,0,0
-0.75000,0.00000,-1.00000,0.50000,0.00000,0.00000,0.00000,0.00000,-1.00000,0.00000,-1.00000,0.00000,0.00000,-0.92500,-0.05719,-0.33333,-0.76430,-0.83333,-0.76430,-0.33333,-0.05719,1.00000,1.00000,1.00000,-0.40000,-1.00000,-1.00000,-1.00000,-1.00000,1.00000,1.00000,1,1,1,1,0,0,0,1,0,0
-0.75000,0.00000,-1.00000,0.50000,0.00000,0.00000,0.00000,0.00000,-1.00000,0.00000,-1.00000,0.00000,0.00000,-0.92500,-0.05719,-0.33333,-0.76430,-0.83333,-0.76430,-0.33333,-0.05719,1.00000,1.00000,1.00000,-0.40000,-1.00000,-1.00000,-1.00000,-1.00000,1.00000,1.00000,1,1,1,1,0,0,0,1,0,0
-0.75000,0.00000,-1.00000,0.50000,0.00000,0.00000,0.00000,0.00000,-1.00000,0.00000,-1.00000,0.00000,0.00000,-0.92500,-0.05719,-0.33333,-0.76430,-0.83333,-0.76430,-0.33333,-0.05719,1.00000,1.00000,1.00000,-0.40000,-1.00000,-1.00000,-1.00000,-1.00000,1.00000,1.00000,1,1,1,1,0,0,0,1,0,0
-0.75000,0.00000,-1.00000,0.50000,0.00000,0.00000,0.00000,0.00000,-1.00000,0.00000,-1.00000,0.00000,0.00000,-0.92500,-0.05719,-0.33333,-0.76430,-0.83333,-0.76430,-0.33333,-0.05719,1.00000,1.00000,1.00000,-0.40000,-1.00000,-1.00000,-1.00000,-1.00000,1.00000,1.00000,1,1,1,1,0,0,0,1,0,0
-0.75000,0.00000,-1.00000,0.50000,0.00000,0.00000,0.00000,0.00000,-1.00000,0.00000,-1.00000,0.00000,0.00000,-0.92500,-0.05719,-0.33333,-0.76430,-0.83333,-0.76430,-0.33333,-0.05719,1.00000,1.00000,1.00000,-0.40000,-1.00000,-1.00000,-1.00000,-1.00000,1.00000,1.00000,1,1,1,1,0,0,0,1,0,0
-0.75000,0.00000,-1.00000,0.50000,0.00000,0.00000,0.00000,0.00000,-1.00000,0.00000,-1.00000,0.00000,0.00000,-0.92500,-0.05719,-0.33333,-0.76430,-0.83333,-0.76430,-0.33333,-0.05719,1.00000,1.00000,1.00000,-0.40000,-1.00000,-1.00000,-1.00000,-1.00000,1.00000,1.00000,1,1,1,1,0,0,0,1,0,0
-0.75000,0.00000,-1.00000,0.50000,0.00000,0.00000,0.00000,0.00000,-1.00000,0.00000,-1.00000,0.00000,0.00000,-0.92500,-0.05719,-0.33333,-0.76430,-0.83333,-0.76430,-0.33333,-0.05719,1.00000,1.00000,1.00000,-0.40000,-1.00000,-1.00000,-1.00000,-1.00000,1.00000,1.00000,1,1,1,1,0,0,0,1,0,0
-0.75000,0.00000,-1.00000,0.50000,0.00000,0.00000,0.00000,0.00000,-1.00000,0.00000,-1.00000,0.00000,0.00000,-0.92500,-0.05719,-0.33333,-0.76430,-0.83333,-0.76430,-0.33333,-0.05719,1.00000,1.00000,1.00000,-0.40000,-1.00000,-1.00000,-1.00000,-1.00000,1.00000,1.00000,1,1,1,1,0,0,0,1,0,0
-0.75000,0.00000,-1.00000,0.50000,0.00000,0.00000,0.00000,0.00000,-1.00000,0.00000,-1.00000,0.00000,0.00000,-0.92500,-0.05719,-0.33333,-0.76430,-0.83333,-0.76430,-0.33333,-0.05719,1.00000,1.00000,1.00000,-0.40000,-1.00000,-1.00000,-1.00000,-1.00000,1.00000,1.00000,1,1,1,1,0,0,0,1,0,0
-0.75000,0.00000,-1.00000,0.50000,0.00000,0.00000,0.00000,0.00000,-1.00000,0.00000,-1.00000,0.00000,0.00000,-0.92500,-0.05719,-0.33333,-0.76430,-0.83333,-0.76430,-0.33333,-0.05719,1.00000,1.00000,1.00000,-0.40000,-1.00000,-1.00000,-1.00000,-1.00000,1.00000,1.00000,1,1,1,1,0,0,0,1,0,0
-0.75000,0.00000,-1.00000,0.50000,0.00000,0.00000,0.00000,0.00000,-1.00000,0.00000,-1.00000,0.00000,0.00000,-0.92500,-0.05719,-0.33333,-0.76430,-0.83333,-0.76430,-0.33333,-0.05719,1.00000,1.00000,1.00000,-0.40000,-1.00000,-1.00000,-1.00000,-1.00000,1.00000,1.00000,1,1,1,1,0,0,0,1,0,0
-0.75000,0.00000,-1.00000,0.50000,0.00000,0.00000,0.00000,0.00000,-1.00000,0.00000,-1.00000,0.00000,0.00000,-0.92500,-0.05719,-0.33333,-0.76430,-0.83333,-0.76430,-0.33333,-0.05719,1.00000,1.00000,1.00000,-0.40000,-1.00000,-1.00000,-1.00000,-1.00000,1.00000,1.00000,1,1,1,1,0,0,0,1,0,0
-0.75000,0.00000,-1.00000,0.50000,0.00000,0.00000,0.00000,0.00000,-1.00000,0.00000,-1.00000,0.00000,0.00000,-0.92500,-0.05719,-0.33333,-0.76430,-0.83333,-0.76430,-0.33333,-0.05719,1.00000,1.00000,1.00000,-0.40000,-1.00000,-1.00000,-1.00000,-1.00000,1.00000,1.00000,1,1,1,1,0,0,0,1,0,0
-0.75000,0.00000,-1.00000,0.50000,0.00000,0.00000,0.00000,0.00000,-1.00000,0.00000,-1.00000,0.00000,0.00000,-0.92500,-0.05719,-0.33333,-0.76430,-0.83333,-0.76430,-0.33333,-0.05719,1.00000,1.00000,1.00000,-0.40000,-1.00000,-1.00000,-1.00000,-1.00000,1.00000,1.00000,1,1,1,1,0,0,0,1,0,0
-0.75000,0.00000,-1.00000,0.50000,0.00000,0.00000,0.00000,0.00000,-1.00000,0.00000,-1.00000,0.00000,0.00000,-0.92500,-0.05719,-0.33333,-0.76430,-0.83333,-0.76430,-0.33333,-0.05719,1.00000,1.00000,1.00000,-0.40000,-1.00000,-1.00000,-1.00000,-1.00000,1.00000,1.00000,1,1,1,1,0,0,0,1,0,0
-0.75000,0.00000,-1.00000,0.50000,0.00000,0.00000,0.00000,0.00000,-1.00000,0.00000,-1.00000,0.00000,0.00000,-0.92500,-0.05719,-0.33333,-0.76430,-0.83333,-0.76430,-0.33333,-0.05719,1.00000,1.00000,1.00000,-0.40000,-1.00000,-1.00000,-1.00000,-1.00000,1.00000,1.00000,1,1,1,1,0,0,0,1,0,0
-0.75000,0.00000,-1.00000,0.50000,0.00000,0.00000,0.00000,0.00000,-1.00000,0.00000,-1.00000,0.00000,0.00000,-0.92500,-0.05719,-0.33333,-0.76430,-0.83333,-0.76430,-0.33333,-0.05719,1.00000,1.00000,1.00000,-0.40000,-1.00000,-1.00000,-1.00000,-1.00000,1.00000,1.00000,1,1,1,1,0,0,0,1,0,0
-0.75000,0.00000,-1.00000,0.50000,0.00000,0.00000,0.00000,0.00000,-1.00000,0.00000,-1.00000,0.00000,0.00000,-0.92500,-0.05719,-0.33333,-0.76430,-0.83333,-0.76430,-0.33333,-0.05719,1.00000,1.00000,1.00000,-0.40000,-1.00000,-1.00000,-1.00000,-1.00000,1.00000,1.00000,1,1,1,1,0,0,0,1,0,0
-0.75000,0.00000,-1.00000,0.50000,0.00000,0.00000,0.00000,0.00000,-1.00000,0.00000,-1.00000,0.00000,0.00000,-0.92500,-0.05719,-0.33333,-0.76430,-0.83333,-0.76430,-0.33333,-0.05719,1.00000,1.00000,1.00000,-0.40000,-1.00000,-1.00000,-1.00000,-1.00000,1.00000,1.00000,1,1,1,1,0,0,0,1,0,0
-0.75000,0.00000,-1.00000,0.50000,0.00000,0.00000,0.00000,0.00000,-1.00000,0.00000,-1.00000,0.00000,0.00000,-0.92500,-0.05719,-0.33333,-0.76430,-0.83333,-0.76430,-0.33333,-0.05719,1.00000,1.00000,1.00000,-0.40000,-1.00000,-1.00000,-1.00000,-1.00000,1.00000,1.00000,1,1,1,1,0,0,0,1,0,0
-0.75000,0.00000,-1.00000,0.50000,0.00000,0.00000,0.00000,0.00000,-1.00000,0.00000,-1.00000,0.00000,0.00000,-0.92500,-0.05719,-0.33333,-0.76430,-0.83333,-0.76430,-0.33333,-0.05719,1.00000,1.00000,1.00000,-0.40000,-1.00000,-1.00000,-1.00000,-1.00000,1.00000,1.00000,1,1,1,1,0,0,0,1,0,0
-0.75000,0.00000,-1.00000,0.50000,0.00000,0.00000,0.00000,0.00000,-1.00000,0.00000,-1.00000,0.00000,0.00000,-0.92500,-0.05719,-0.33333,-0.76430,-0.83333,-0.76430,-0.33333,-0.05719,1.00000,1.00000,1.00000,-0.40000,-1.00000,-1.00000,-1.00000,-1.00000,1.00000,1.00000,1,1,1,1,0,0,0,1,0,0
-0.75000,0.00000,-1.00000,0.50000,0.00000,0.00000,0.00000,0.00000,-1.00000,0.00000,-1.00000,0.00000,0.00000,-0.92500,-0.05719,-0.33333,-0.76430,-0.83333,-0.76430,-0.33333,-0.05719,1.00000,1.00000,1.00000,-0.40000,-1.00000,-1.00000,-1.00000,-1.00000,1.00000,1.00000,1,1,1,1,0,0,0,1,0,0
-0.75000,0.00000,-1.00000,0.50000,0.00000,0.00000,0.00000,0.00000,-1.00000,0.00000,-1.00000,0.00000,0.00000,-0.92500,-0.05719,-0.33333,-0.76430,-0.83333,-0.76430,-0.33333,-0.05719,1.00000,1.00000,1.00000,-0.40000,-1.00000,-1.00000,-1.00000,-1.00000,1.00000,1.00000,1,1,1,1,0,0,0,1,0,0
-0.75000,0.00000,-1.00000,0.50000,0.00000,0.00000,0.00000,0.00000,-1.00000,0.00000,-1.00000,0.00000,0.00000,-0.92500,-0.05719,-0.33333,-0.76430,-0.83333,-0.76430,-0.33333,-0.05719,1.00000,1.00000,1.00000,-0.40000,-1.00000,-1.00000,-1.00000,-1.00000,1.00000,1.00000,1,1,1,1,0,0,0,1,0,0
-0.75000,0.00000,-1.00000,0.50000,0.00000,0.00000,0.00000,0.00000,-1.00000,0.00000,-1.00000,0.00000,0.00000,-0.92500,-0.05719,-0.33333,-0.76430,-0.83333,-0.76430,-0.33333,-0.05719,1.00000,1.00000,1.00000,-0.40000,-1.00000,-1.00000,-1.00000,-1.00000,1.00000,1.00000,1,1,1,1,0,0,0,1,0,0
-0.75000,0.00000,-1.00000,0.50000,0.00000,0.00000,0.00000,0.00000,-1.00000,0.00000,-1.00000,0.00000,0.00000,-0.92500,-0.05719,-0.33333,-0.76430,-0.83333,-0.76430,-0.33333,-0.05719,1.00000,1.00000,1.00000,-0.40000,-1.00000,-1.00000,-1.00000,-1.00000,1.00000,1.00000,1,1,1,1,0,0,0,1,0,0
-0.75000,0.00000,-1.00000,0.50000,0.00000,0.00000,0.00000,0.00000,-1.00000,0.00000,-1.00000,0.00000,0.00000,-0.92500,-0.05719,-0.33333,-0.76430,-0.83333,-0.76430,-0.33333,-0.05719,1.00000,1.00000,1.00000,-0.40000,-1.00000,-1.00000,-1.00000,-1.00000,1.00000,1.00000,1,1,1,1,0,0,0,1,0,0
-0.75000,0.00000,-1.00000,0.50000,0.00000,0.00000,0.00000,0.00000,-1.00000,0.00000,-1.00000,0.00000,0.00000,-0.92500,-0.05719,-0.33333,-0.76430,-0.83333,-0.76430,-0.33333,-0.05719,1.00000,1.00000,1.00000,-0.40000,-1.00000,-1.00000,-1.00000,-1.00000,1.00000,1.00000,1,1,1,1,0,0,0,1,0,0
-0.75000,0.00000,-1.00000,0.50000,0.00000,0.00000,0.00000,0.00000,-1.00000,0.00000,-1.00000,0.00000,0.00000,-0.92500,-0.05719,-0.33333,-0.76430,-0.83333,-0.76430,-0.33333,-0.05719,1.00000,1.00000,1.00000,-0.40000,-1.00000,-1.00000,-1.00000,-1.00000,1.00000,1.00000,1,1,1,1,0,0,0,1,0,0
-0.75000,0.00000,-1.00000,0.50000,0.00000,0.00000,0.00000,0.00000,-1.00000,0.00000,-1.00000,0.00000,0.00000,-0.92500,-0.05719,-0.33333,-0.76430,-0.83333,-0.76430,-0.33333,-0.05719,1.00000,1.00000,1.00000,-0.40000,-1.00000,-1.00000,-1.00000,-1.00000,1.00000,1.00000,1,1,1,1,0,0,0,1,0,0
-0.75000,0.00000,-1.00000,0.50000,0.00000,0.00000,0.00000,0.00000,-1.00000,0.00000,-1.00000,0.00000,0.00000,-0.92500,-0.05719,-0.33333,-0.76430,-0.83333,-0.76430,-0.33333,-0.05719,1.00000,1.00000,1.00000,-0.40000,-1.00000,-1.00000,-1.00000,-1.00000,1.00000,1.00000,1,1,1,1,0,0,0,1,0,0
-0.75000,0.00000,-1.00000,0.50000,0.00000,0.00000,0.00000,0.00000,-1.00000,0.00000,-1.00000,0.00000,0.00000,-0.92500,-0.05719,-0.33333,-0.76430,-0.83333,-0.76430,-0.33333,-0.05719,1.00000,1.00000,1.00000,-0.40000,-1.00000,-1.00000,-1.00000,-1.00000,1.00000,1.00000,1,1,1,1,0,0,0,1,0,0
-0.75000,0.00000,-1.00000,0.50000,0.00000,0.00000,0.00000,0.00000,-1.00000,0.00000,-1.00000,0.00000,0.00000,-0.92500,-0.05719,-0.33333,-0.76430,-0.83333,-0.76430,-0.33333,-0.05719,1.00000,1.00000,1.00000,-0.40000,-1.00000,-1.00000,-1.00000,-1.00000,1.00000,1.00000,1,1,1,1,0,0,0,1,0,0
-0.75000,0.00000,-1.00000,0.50000,0.00000,0.00000,0.00000,0.00000,-1.00000,0.00000,-1.00000,0.00000,0.00000,-0.92500,-0.05719,-0.33333,-0.76430,-0.83333,-0.76430,-0.33333,-0.05719,1.00000,1.00000,1.00000,-0.40000,-1.00000,-1.00000,-1.00000,-1.00000,1.00000,1.00000,1,1,1,1,0,0,0,1,0,0
-0.75000,0.00000,-1.00000,0.50000,0.00000,0.00000,0.00000,0.00000,-1.00000,0.00000,-1.00000,0.00000,0.00000,-0.92500,-0.05719,-0.33333,-0.76430,-0.83333,-0.76430,-0.33333,-0.05719,1.00000,1.00000,1.00000,-0.40000,-1.00000,-1.00000,-1.00000,-1.00000,1.00000,1.00000,1,1,1,1,0,0,0,1,0,0
-0.75000,0.00000,-1.00000,0.50000,0.00000,0.00000,0.00000,0.00000,-1.00000,0.00000,-1.00000,0.00000,0.00000,-0.92500,-0.05719,-0.33333,-0.76430,-0.83333,-0.76430,-0.33333,-0.05719,1.00000,1.00000,1.00000,-0.40000,-1.00000,-1.00000,-1.00000,-1.00000,1.00000,1.00000,1,1,1,1,0,0,0,1,0,0
-0.75000,0.00000,-1.00000,0.50000,0.00000,0.00000,0.00000,0.00000,-1.00000,0.00000,-1.00000,0.00000,0.00000,-0.92500,-0.05719,-0.33333,-0.76430,-0.83333,-0.76430,-0.33333,-0.05719,1.00000,1.00000,1.00000,-0.40000,-1.00000,-1.00000,-1.00000,-1.00000,1.00000,1.00000,1,1,1,1,0,0,0,1,0,0
-0.75000,0.00000,-1.00000,0.50000,0.00000,0.00000,0.00000,0.00000,-1.00000,0.00000,-1.00000,0.00000,0.00000,-0.92500,-0.05719,-0.33333,-0.76430,-0.83333,-0.76430,-0.33333,-0.05719,1.00000,1.00000,1.00000,-0.40000,-1.00000,-1.00000,-1.00000,-1.00000,1.00000,1.00000,1,1,1,1,0,0,0,1,0,0
-0.75000,0.00000,-1.00000,0.50000,0.00000,0.00000,0.00000,0.00000,-1.00000,0.00000,-1.00000,0.00000,0.00000,-0.92500,-0.05719,-0.33333,-0.76430,-0.83333,-0.76430,-0.33333,-0.05719,1.00000,1.00000,1.00000,-0.40000,-1.00000,-1.00000,-1.00000,-1.00000,1.00000,1.00000,1,1,1,1,0,0,0,1,0,0
-0.75000,0.00000,-1.00000,0.50000,0.00000,0.00000,0.00000,0.00000,-1.00000,0.00000,-1.00000,0.00000,0.00000,-0.92500,-0.05719,-0.33333,-0.76430,-0.83333,-0.76430,-0.33333,-0.05719,1.00000,1.00000,1.00000,-0.40000,-1.00000,-1.00000,-1.00000,-1.00000,1.00000,1.00000,1,1,1,1,0,0,0,1,0,0
-0.75000,0.00000,-1.00000,0.50000,0.00000,0.00000,0.00000,0.00000,-1.00000,0.00000,-1.00000,0.00000,0.00000,-0.92500,-0.05719,-0.33333,-0.76430,-0.83333,-0.76430,-0.33333,-0.05719,1.00000,1.00000,1.00000,-0.40000,-1.00000,-1.00000,-1.00000,-1.00000,1.00000,1.00000,1,1,1,1,0,0,0,1,0,0
-0.75000,0.00000,-1.00000,0.50000,0.00000,0.00000,0.00000,0.00000,-1.00000,0.00000,-1.00000,0.00000,0.00000,-0.92500,-0.05719,-0.33333,-0.76430,-0.83333,-0.76430,-0.33333,-0.05719,1.00000,1.00000,1.00000,-0.40000,-1.00000,-1.00000,-1.00000,-1.00000,1.00000,1.00000,1,1,1,1,0,0,0,1,0,0
-0.75000,0.00000,-1.00000,0.50000,0.00000,0.00000,0.00000,0.00000,-1.00000,0.00000,-1.00000,0.00000,0.00000,-0.92500,-0.05719,-0.33333,-0.76430,-0.83333,-0.76430,-0.33333,-0.05719,1.00000,1.00000,1.00000,-0.40000,-1.00000,-1.00000,-1.00000,-1.00000,1.00000,1.00000,1,1,1,1,0,0,0,1,0,0
-0.75000,0.00000,-1.00000,0.50000,0.00000,0.00000,0.00000,0.00000,-1.00000,0.00000,-1.00000,0.00000,0.00000,-0.92500,-0.05719,-0.33333,-0.76430,-0.83333,-0.76430,-0.33333,-0.05719,1.00000,1.00000,1.00000,-0.40000,-1.00000,-1.00000,-1.00000,-1.00000,1.00000,1.00000,1,1,1,1,0,0,0,1,0,0
-0.75000,0.00000,-1.00000,0.50000,0.00000,0.00000,0.00000,0.00000,-1.00000,0.00000,-1.00000,0.00000,0.00000,-0.92500,-0.05719,-0.33333,-0.76430,-0.83333,-0.76430,-0.33333,-0.05719,1.00000,1.00000,1.00000,-0.40000,-1.00000,-1.00000,-1.00000,-1.00000,1.00000,1.00000,1,1,1,1,0,0,0,1,0,0
-0.75000,0.00000,-1.00000,0.50000,0.00000,0.00000,0.00000,0.00000,-1.00000,0.00000,-1.00000,0.00000,0.00000,-0.92500,-0.05719,-0.33333,-0.76430,-0.83333,-0.76430,-0.33333,-0.05719,1.00000,1.00000,1.00000,-0.40000,-1.00000,-1.00000,-1.00000,-1.00000,1.00000,1.00000,1,1,1,1,0,0,0,1,0,0
-0.75000,0.00000,-1.00000,0.50000,0.00000,0.00000,0.00000,0.00000,-1.00000,0.00000,-1.00000,0.00000,0.00000,-0.92500,-0.05719,-0.33333,-0.76430,-0.83333,-0.76430,-0.33333,-0.05719,1.00000,1.00000,1.00000,-0.40000,-1.00000,-1.00000,-1.00000,-1.00000,1.00000,1.00000,1,1,1,1,0,0,0,1,0,0
-0.75000,0.00000,-1.00000,0.50000,0.00000,0.00000,0.00000,0.00000,-1.00000,0.00000,-1.00000,0.00000,0.00000,-0.92500,-0.05719,-0.33333,-0.76430,-0.83333,-0.76430,-0.33333,-0.05719,1.00000,1.00000,1.00000,-0.40000,-1.00000,-1.00000,-1.00000,-1.00000,1.00000,1.00000,1,1,1,1,0,0,0,1,0,0
-0.75000,0.00000,-1.00000,0.50000,0.00000,0.00000,0.00000,0.00000,-1.00000,0.00000,-1.00000,0.00000,0.00000,-0.92500,-0.05719,-0.33333,-0.76430,-0.83333,-0.76430,-0.33333,-0.05719,1.00000,1.00000,1.00000,-0.40000,-1.00000,-1.00000,-1.00000,-1.00000,1.00000,1.00000,1,1,1,1,0,0,0,1,0,0
-0.75000,0.00000,-1.00000,0.50000,0.00000,0.00000,0.00000,0.00000,-1.00000,0.00000,-1.00000,0.00000,0.00000,-0.92500,-0.05719,-0.33333,-0.76430,-0.83333,-0.76430,-0.33333,-0.05719,1.00000,1.00000,1.00000,-0.40000,-1.00000,-1.00000,-1.00000,-1.00000,1.00000,1.00000,1,1,1,1,0,0,0,1,0,0
-0.75000,0.00000,-1.00000,0.50000,0.00000,0.00000,0.00000,0.00000,-1.00000,0.00000,-1.00000,0.00000,0.00000,-0.92500,-0.05719,-0.33333,-0.76430,-0.83333,-0.76430,-0.33333,-0.05719,1.00000,1.00000,1.00000,-0.40000,-1.00000,-1.00000,-1.00000,-1.00000,1.00000,1.00000,1,1,1,1,0,0,0,1,0,0
-0.75000,0.00000,-1.00000,0.50000,0.00000,0.00000,0.00000,0.00000,-1.00000,0.00000,-1.00000,0.00000,0.00000,-0.92500,-0.05719,-0.33333,-0.76430,-0.83333,-0.76430,-0.33333,-0.05719,1.00000,1.00000,1.00000,-0.40000,-1.00000,-1.00000,-1.00000,-1.00000,1.00000,1.00000,1,1,1,1,0,0,0,1,0,0
-0.75000,0.00000,-1.00000,0.50000,0.00000,0.00000,0.00000,0.00000,-1.00000,0.00000,-1.00000,0.00000,0.00000,-0.92500,-0.05719,-0.33333,-0.76430,-0.83333,-0.76430,-0.33333,-0.05719,1.00000,1.00000,1.00000,-0.40000,-1.00000,-1.00000,-1.00000,-1.00000,1.00000,1.00000,1,1,1,1,0,0,0,1,0,0
-0.75000,0.00000,-1.00000,0.50000,0.00000,0.00000,0.00000,0.00000,-1.00000,0.00000,-1.00000,0.00000,0.00000,-0.92500,-0.05719,-0.33333,-0.76430,-0.83333,-0.76430,-0.33333,-0.05719,1.00000,1.00000,1.00000,-0.40000,-1.00000,-1.00000,-1.00000,-1.00000,1.00000,1.00000,1,1,1,1,0,0,0,1,0,0
-0.75000,0.00000,-1.00000,0.50000,0.00000,0.00000,0.00000,0.00000,-1.00000,0.00000,-1.00000,0.00000,0.00000,-0.92500,-0.05719,-0.33333,-0.76430,-0.83333,-0.76430,-0.33333,-0.05719,1.00000,1.00000,1.00000,-0.40000,-1.00000,-1.00000,-1.00000,-1.00000,1.00000,1.00000,1,1,1,1,0,0,0,1,0,0
-0.75000,0.00000,-1.00000,0.50000,0.00000,0.00000,0.00000,0.00000,-1.00000,0.00000,-1.00000,0.00000,0.00000,-0.92500,-0.05719,-0.33333,-0.76430,-0.83333,-0.76430,-0.33333,-0.05719,1.00000,1.00000,1.00000,-0.40000,-1.00000,-1.00000,-1.00000,-1.00000,1.00000,1.00000,1,1,1,1,0,0,0,1,0,0
-0.75000,0.00000,-1.00000,0.50000,0.00000,0.00000,0.00000,0.00000,-1.00000,0.00000,-1.00000,0.00000,0.00000,-0.92500,-0.05719,-0.33333,-0.76430,-0.83333,-0.76430,-0.33333,-0.05719,1.00000,1.00000,1.00000,-0.40000,-1.00000,-1.00000,-1.00000,-1.00000,1.00000,1.00000,1,1,1,1,0,0,0,1,0,0
-0.75000,0.00000,-1.00000,0.50000,0.00000,0.00000,0.00000,0.00000,-1.00000,0.00000,-1.00000,0.00000,0.00000,-0.92500,-0.05719,-0.33333,-0.76430,-0.83333,-0.76430,-0.33333,-0.05719,1.00000,1.00000,1.00000,-0.40000,-1.00000,-1.00000,-1.00000,-1.00000,1.00000,1.00000,1,1,1,1,0,0,0,1,0,0
-0.75000,0.00000,-1.00000,0.50000,0.00000,0.00000,0.00000,0.00000,-1.00000,0.00000,-1.00000,0.00000,0.00000,-0.92500,-0.05719,-0.33333,-0.76430,-0.83333,-0.76430,-0.33333,-0.05719,1.00000,1.00000,1.00000,-0.40000,-1.00000,-1.00000,-1.00000,-1.00000,1.00000,1.00000,1,1,1,1,0,0,0,1,0,0
-0.75000,0.00000,-1.00000,0.50000,0.00000,0.00000,0.00000,0.00000,-1.00000,0.00000,-1.00000,0.00000,0.00000,-0.92500,-0.05719,-0.33333,-0.76430,-0.83333,-0.76430,-0.33333,-0.05719,1.00000,1.00000,1.00000,-0.40000,-1.00000,-1.00000,-1.00000,-1.00000,1.00000,1.00000,1,1,1,1,0,0,0,1,0,0
-0.75000,0.00000,-1.00000,0.50000,0.00000,0.00000,0.00000,0.00000,-1.00000,0.00000,-1.00000,0.00000,0.00000,-0.92500,-0.05719,-0.33333,-0.76430,-0.83333,-0.76430,-0.33333,-0.05719,1.00000,1.00000,1.00000,-0.40000,-1.00000,-1.00000,-1.00000,-1.00000,1.00000,1.00000,1,1,1,1,0,0,0,1,0,0
-0.75000,0.00000,-1.00000,0.50000,0.00000,0.00000,0.00000,0.00000,-1.00000,0.00000,-1.00000,0.00000,0.00000,-0.92500,-0.05719,-0.33333,-0.76430,-0.83333,-0.76430,-0.33333,-0.05719,1.00000,1.00000,1.00000,-0.40000,-1.00000,-1.00000,-1.00000,-1.00000,1.00000,1.00000,1,1,1,1,0,0,0,1,0,0
-0.75000,0.00000,-1.00000,0.50000,0.00000,0.00000,0.00000,0.00000,-1.00000,0.00000,-1.00000,0.00000,0.00000,-0.92500,-0.05719,-0.33333,-0.76430,-0.83333,-0.76430,-0.33333,-0.05719,1.00000,1.00000,1.00000,-0.40000,-1.00000,-1.00000,-1.00000,-1.00000,1.00000,1.00000,1,1,1,1,0,0,0,1,0,0
-0.75000,0.00000,-1.00000,0.50000,0.00000,0.00000,0.00000,0.00000,-1.00000,0.00000,-1.00000,0.00000,0.00000,-0.92500,-0.05719,-0.33333,-0.76430,-0.83333,-0.76430,-0.33333,-0.05719,1.00000,1.00000,1.00000,-0.40000,-1.00000,-1.00000,-1.00000,-1.00000,1.00000,1.00000,1,1,1,1,0,0,0,1,0,0
-0.75000,0.00000,-1.00000,0.50000,0.00000,0.00000,0.00000,0.00000,-1.00000,0.00000,-1.00000,0.00000,0.00000,-0.92500,-0.05719,-0.33333,-0.76430,-0.83333,-0.76430,-0.33333,-0.05719,1.00000,1.00000,1.00000,-0.40000,-1.00000,-1.00000,-1.00000,-1.00000,1.00000,1.00000,1,1,1,1,0,0,0,1,0,0
-0.75000,0.00000,-1.00000,0.50000,0.00000,0.00000,0.00000,0.00000,-1.00000,0.00000,-1.00000,0.00000,0.00000,-0.92500,-0.05719,-0.33333,-0.76430,-0.83333,-0.76430,-0.33333,-0.05719,1.00000,1.00000,1.00000,-0.40000,-1.00000,-1.00000,-1.00000,-1.00000,1.00000,1.00000,1,1,1,1,0,0,0,1,0,0
-0.75000,0.00000,-1.00000,0.50000,0.00000,0.00000,0.00000,0.00000,-1.00000,0.00000,-1.00000,0.00000,0.00000,-0.92500,-0.05719,-0.33333,-0.76430,-0.83333,-0.76430,-0.33333,-0.05719,1.00000,1.00000,1.00000,-0.40000,-1.00000,-1.00000,-1.00000,-1.00000,1.00000,1.00000,1,1,1,1,0,0,0,1,0,0
-0.75000,0.00000,-1.00000,0.50000,0.00000,0.00000,0.00000,0.00000,-1.00000,0.00000,-1.00000,0.00000,0.00000,-0.92500,-0.05719,-0.33333,-0.76430,-0.83333,-0.76430,-0.33333,-0.05719,1.00000,1.00000,1.00000,-0.40000,-1.00000,-1.00000,-1.00000,-1.00000,1.00000,1.00000,1,1,1,1,0,0,0,1,0,0
-0.75000,0.00000,-1.00000,0.50000,0.00000,0.00000,0.00000,0.00000,-1.00000,0.00000,-1.00000,0.00000,0.00000,-0.92500,-0.05719,-0.33333,-0.76430,-0.83333,-0.76430,-0.33333,-0.05719,1.00000,1.00000,1.00000,-0.40000,-1.00000,-1.00000,-1.00000,-1.00000,1.00000,1.00000,1,1,1,1,0,0,0,1,0,0
-0.75000,0.00000,-1.00000,0.50000,0.00000,0.00000,0.00000,0.00000,-1.00000,0.00000,-1.00000,0.00000,0.00000,-0.92500,-0.05719,-0.33333,-0.76430,-0.83333,-0.76430,-0.33333,-0.05719,1.00000,1.00000,1.00000,-0.40000,-1.00000,-1.00000,-1.00000,-1.00000,1.00000,1.00000,1,1,1,1,0,0,0,1,0,0
-0.75000,0.00000,-1.00000,0.50000,0.00000,0.00000,0.00000,0.00000,-1.00000,0.00000,-1.00000,0.00000,0.00000,-0.92500,-0.05719,-0.33333,-0.76430,-0.83333,-0.76430,-0.33333,-0.05719,1.00000,1.00000,1.00000,-0.40000,-1.00000,-1.00000,-1.00000,-1.00000,1.00000,1.00000,1,1,1,1,0,0,0,1,0,0
-0.75000,0.00000,-1.00000,0.50000,0.00000,0.00000,0.00000,0.00000,-1.00000,0.00000,-1.00000,0.00000,0.00000,-0.92500,-0.05719,-0.33333,-0.76430,-0.83333,-0.76430,-0.33333,-0.05719,1.00000,1.00000,1.00000,-0.40000,-1.00000,-1.00000,-1.00000,-1.00000,1.00000,1.00000,1,1,1,1,0,0,0,1,0,0
-0.75000,0.00000,-1.00000,0.50000,0.00000,0.00000,0.00000,0.00000,-1.00000,0.00000,-1.00000,0.00000,0.00000,-0.92500,-0.05719,-0.33333,-0.76430,-0.83333,-0.76430,-0.33333,-0.05719,1.00000,1.00000,1.00000,-0.40000,-1.00000,-1.00000,-1.00000,-1.00000,1.00000,1.00000,1,1,1,1,0,0,0,1,0,0
-0.75000,0.00000,-1.00000,0.50000,0.00000,0.00000,0.00000,0.00000,-1.00000,0.00000,-1.00000,0.00000,0.00000,-0.92500,-0.05719,-0.33333,-0.76430,-0.83333,-0.76430,-0.33333,-0.05719,1.00000,1.00000,1.00000,-0.40000,-1.00000,-1.00000,-1.00000,-1.00000,1.00000,1.00000,1,1,1,1,0,0,0,1,0,0
-0.75000,0.00000,-1.00000,0.50000,0.00000,0.00000,0.00000,0.00000,-1.00000,0.00000,-1.00000,0.00000,0.00000,-0.92500,-0.05719,-0.33333,-0.76430,-0.83333,-0.76430,-0.33333,-0.05719,1.00000,1.00000,1.00000,-0.40000,-1.00000,-1.00000,-1.00000,-1.00000,1.00000,1.00000,1,1,1,1,0,0,0,1,0,0
-0.75000,0.00000,-1.00000,0.50000,0.00000,0.00000,0.00000,0.00000,-1.00000,0.00000,-1.00000,0.00000,0.00000,-0.92500,-0.05719,-0.33333,-0.76430,-0.83333,-0.76430,-0.33333,-0.05719,1.00000,1.00000,1.00000,-0.40000,-1.00000,-1.00000,-1.00000,-1.00000,1.00000,1.00000,1,1,1,1,0,0,0,1,0,0
-0.75000,0.00000,-1.00000,0.50000,0.00000,0.00000,0.00000,0.00000,-1.00000,0.00000,-1.00000,0.00000,0.00000,-0.92500,-0.05719,-0.33333,-0.76430,-0.83333,-0.76430,-0.33333,-0.05719,1.00000,1.00000,1.00000,-0.40000,-1.00000,-1.00000,-1.00000,-1.00000,1.00000,1.00000,1,1,1,1,0,0,0,1,0,0
-0.75000,0.00000,-1.00000,0.50000,0.00000,0.00000,0.00000,0.00000,-1.00000,0.00000,-1.00000,0.00000,0.00000,-0.92500,-0.05719,-0.33333,-0.76430,-0.83333,-0.76430,-0.33333,-0.05719,1.00000,1.00000,1.00000,-0.40000,-1.00000,-1.00000,-1.00000,-1.00000,1.00000,1.00000,1,1,1,1,0,0,0,1,0,0
-0.75000,0.00000,-1.00000,0.50000,0.00000,0.00000,0.00000,0.00000,-1.00000,0.00000,-1.00000,0.00000,0.00000,-0.92500,-0.05719,-0.33333,-0.76430,-0.83333,-0.76430,-0.33333,-0.05719,1.00000,1.00000,1.00000,-0.40000,-1.00000,-1.00000,-1.00000,-1.00000,1.00000,1.00000,1,1,1,1,0,0,0,1,0,0
-0.75000,0.00000,-1.00000,0.50000,0.00000,0.00000,0.00000,0.00000,-1.00000,0.00000,-1.00000,0.00000,0.00000,-0.92500,-0.05719,-0.33333,-0.76430,-0.83333,-0.76430,-0.33333,-0.05719,1.00000,1.00000,1.00000,-0.40000,-1.00000,-1.00000,-1.00000,-1.00000,1.00000,1.00000,1,1,1,1,0,0,0,1,0,0
-0.75000,0.00000,-1.00000,0.50000,0.00000,0.00000,0.00000,0.00000,-1.00000,0.00000,-1.00000,0.00000,0.00000,-0.92500,-0.05719,-0.33333,-0.76430,-0.83333,-0.76430,-0.33333,-0.05719,1.00000,1.00000,1.00000,-0.40000,-1.00000,-1.00000,-1.00000,-1.00000,1.00000,1.00000,1,1,1,1,0,0,0,1,0,0
-0.75000,0.00000,-1.00000,0.50000,0.00000,0.00000,0.00000,0.00000,-1.00000,0.00000,-1.00000,0.00000,0.00000,-0.92500,-0.05719,-0.33333,-0.76430,-0.83333,-0.76430,-0.33333,-0.05719,1.00000,1.00000,1.00000,-0.40000,-1.00000,-1.00000,-1.00000,-1.00000,1.00000,1.00000,1,1,1,1,0,0,0,1,0,0
-0.75000,0.00000,-1.00000,0.50000,0.00000,0.00000,0.00000,0.00000,-1.00000,0.00000,-1.00000,0.00000,0.00000,-0.92500,-0.05719,-0.33333,-0.76430,-0.83333,-0.76430,-0.33333,-0.05719,1.00000,1.00000,1.00000,-0.40000,-1.00000,-1.00000,-1.00000,-1.00000,1.00000,1.00000,1,1,1,1,0,0,0,1,0,0
-0.75000,0.00000,-1.00000,0.50000,0.00000,0.00000,0.00000,0.00000,-1.00000,0.00000,-1.00000,0.00000,0.00000,-0.92500,-0.05719,-0.33333,-0.76430,-0.83333,-0.76430,-0.33333,-0.05719,1.00000,1.00000,1.00000,-0.40000,-1.00000,-1.00000,-1.00000,-1.00000,1.00000,1.00000,1,1,1,1,0,0,0,1,0,0
-0.75000,0.00000,-1.00000,0.50000,0.00000,0.00000,0.00000,0.00000,-1.00000,0.00000,-1.00000,0.00000,0.00000,-0.92500,-0.05719,-0.33333,-0.76430,-0.83333,-0.76430,-0.33333,-0.05719,1.00000,1.00000,1.00000,-0.40000,-1.00000,-1.00000,-1.00000,-1.00000,1.00000,1.00000,1,1,1,1,0,0,0,1,0,0
-0.75000,0.00000,-1.00000,0.50000,0.00000,0.00000,0.00000,0.00000,-1.00000,0.00000,-1.00000,0.00000,0.00000,-0.92500,-0.05719,-0.33333,-0.76430,-0.83333,-0.76430,-0.33333,-0.05719,1.00000,1.00000,1.00000,-0.40000,-1.00000,-1.00000,-1.00000,-1.00000,1.00000,1.00000,1,1,1,1,0,0,0,1,0,0
-0.75000,0.00000,-1.00000,0.50000,0.00000,0.00000,0.00000,0.00000,-1.00000,0.00000,-1.00000,0.00000,0.00000,-0.92500,-0.05719,-0.33333,-0.76430,-0.83333,-0.76430,-0.33333,-0.05719,1.00000,1.00000,1.00000,-0.40000,-1.00000,-1.00000,-1.00000,-1.00000,1.00000,1.00000,1,1,1,1,0,0,0,1,0,0
-0.75000,0.00000,-1.00000,0.50000,0.00000,0.00000,0.00000,0.00000,-1.00000,0.00000,-1.00000,0.00000,0.00000,-0.92500,-0.05719,-0.33333,-0.76430,-0.83333,-0.76430,-0.33333,-0.05719,1.00000,1.00000,1.00000,-0.40000,-1.00000,-1.00000,-1.00000,-1.00000,1.00000,1.00000,1,1,1,1,0,0,0,1,0,0
-0.75000,0.00000,-1.00000,0.50000,0.00000,0.00000,0.00000,0.00000,-1.00000,0.00000,-1.00000,0.00000,0.00000,-0.92500,-0.05719,-0.33333,-0.76430,-0.83333,-0.76430,-0.33333,-0.05719,1.00000,1.00000,1.00000,-0.40000,-1.00000,-1.00000,-1.00000,-1.00000,1.00000,1.00000,1,1,1,1,0,0,0,1,0,0
-0.75000,0.00000,-1.00000,0.50000,0.00000,0.00000,0.00000,0.00000,-1.00000,0.00000,-1.00000,0.00000,0.00000,-0.92500,-0.05719,-0.33333,-0.76430,-0.83333,-0.76430,-0.33333,-0.05719,1.00000,1.00000,1.00000,-0.40000,-1.00000,-1.00000,-1.00000,-1.00000,1.00000,1.00000,1,1,1,1,0,0,0,1,0,0
-0.75000,0.00000,-1.00000,0.50000,0.00000,0.00000,0.00000,0.00000,-1.00000,0.00000,-1.00000,0.00000,0.00000,-0.92500,-0.05719,-0.33333,-0.76430,-0.83333,-0.76430,-0.33333,-0.05719,1.00000,1.00000,1.00000,-0.40000,-1.00000,-1.00000,-1.00000,-1.00000,1.00000,1.00000,1,1,1,1,0,0,0,1,0,0
-0.75000,0.00000,-1.00000,0.50000,0.00000,0.00000,0.00000,0.00000,-1.00000,0.00000,-1.00000,0.00000,0.00000,-0.92500,-0.05719,-0.33333,-0.76430,-0.83333,-0.76430,-0.33333,-0.05719,1.00000,1.00000,1.00000,-0.40000,-1.00000,-1.00000,-1.00000,-1.00000,1.00000,1.00000,1,1,1,1,0,0,0,1,0,0
-0.75000,0.00000,-1.00000,0.50000,0.00000,0.00000,0.00000,0.00000,-1.00000,0.00000,-1.00000,0.00000,0.00000,-0.92500,-0.05719,-0.33333,-0.76430,-0.83333,-0.76430,-0.33333,-0.05719,1.00000,1.00000,1.00000,-0.40000,-1.00000,-1.00000,-1.00000,-1.00000,1.00000,1.00000,1,1,1,1,0,0,0,1,0,0
-0.75000,0.00000,-1.00000,0.50000,0.00000,0.00000,0.00000,0.00000,-1.00000,0.00000,-1.00000,0.00000,0.00000,-0.92500,-0.05719,-0.33333,-0.76430,-0.83333,-0.76430,-0.33333,-0.05719,1.00000,1.00000,1.00000,-0.40000,-1.00000,-1.00000,-1.00000,-1.00000,1.00000,1.00000,1,1,1,1,0,0,0,1,0,0
-0.75000,0.00000,-1.00000,0.50000,0.00000,0.00000,0.00000,0.00000,-1.00000,0.00000,-1.00000,0.00000,0.00000,-0.92500,-0.05719,-0.33333,-0.76430,-0.83333,-0.76430,-0.33333,-0.05719,1.00000,1.00000,1.00000,-0.40000,-1.00000,-1.00000,-1.00000,-1.00000,1.00000,1.00000,1,1,1,1,0,0,0,1,0,0
-0.75000,0.00000,-1.00000,0.50000,0.00000,0.00000,0.00000,0.00000,-1.00000,0.00000,-1.00000,0.00000,0.00000,-0.92500,-0.05719,-0.33333,-0.76430,-0.83333,-0.76430,-0.33333,-0.05719,1.00000,1.00000,1.00000,-0.40000,-1.00000,-1.00000,-1.00000,-1.00000,1.00000,1.00000,1,1,1,1,0,0,0,1,0,0
-0.75000,0.00000,-1.00000,0.50000,0.00000,0.00000,0.00000,0.00000,-1.00000,0.00000,-1.00000,0.00000,0.00000,-0.92500,-0.05719,-0.33333,-0.76430,-0.83333,-0.76430,-0.33333,-0.05719,1.00000,1.00000,1.00000,-0.40000,-1.00000,-1.00000,-1.00000,-1.00000,1.00000,1.00000,1,1,1,1,0,0,0,1,0,0
-0.75000,0.00000,-1.00000,0.50000,0.00000,0.00000,0.00000,0.00000,-1.00000,0.00000,-1.00000,0.00000,0.00000,-0.92500,-0.05719,-0.33333,-0.76430,-0.83333,-0.76430,-0.33333,-0.05719,1.00000,1.00000,1.00000,-0.40000,-1.00000,-1.00000,-1.00000,-1.00000,1.00000,1.00000,1,1,1,1,0,0,0,1,0,0
-0.75000,0.00000,-1.00000,0.50000,0.00000,0.00000,0.00000,0.00000,-1.00000,0.00000,-1.00000,0.00000,0.00000,-0.92500,-0.05719,-0.33333,-0.76430,-0.83333,-0.76430,-0.33333,-0.05719,1.00000,1.00000,1.00000,-0.40000,-1.00000,-1.00000,-1.00000,-1.00000,1.00000,1.00000,1,1,1,1,0,0,0,1,0,0
-0.75000,0.00000,-1.00000,0.50000,0.00000,0.00000,0.00000,0.00000,-1.00000,0.00000,-1.00000,0.00000,0.00000,-0.92500,-0.05719,-0.33333,-0.76430,-0.83333,-0.76430,-0.33333,-0.05719,1.00000,1.00000,1.00000,-0.40000,-1.00000,-1.00000,-1.00000,-1.00000,1.00000,1.00000,1,1,1,1,0,0,0,1,0,0
-0.75000,0.00000,-1.00000,0.50000,0.00000,0.00000,0.00000,0.00000,-1.00000,0.00000,-1.00000,0.00000,0.00000,-0.92500,-0.05719,-0.33333,-0.76430,-0.83333,-0.76430,-0.33333,-0.05719,1.00000,1.00000,1.00000,-0.40000,-1.00000,-1.00000,-1.00000,-1.00000,1.00000,1.00000,1,1,1,1,0,0,0,1,0,0
-0.75000,0.00000,-1.00000,0.50000,0.00000,0.00000,0.00000,0.00000,-1.00000,0.00000,-1.00000,0.00000,0.00000,-0.92500,-0.05719,-0.33333,-0.76430,-0.83333,-0.76430,-0.33333,-0.05719,1.00000,1.00000,1.00000,-0.40000,-1.00000,-1.00000,-1.00000,-1.00000,1.00000,1.00000,1,1,1,1,0,0,0,1,0,0
-0.75000,0.00000,-1.00000,0.50000,0.00000,0.00000,0.00000,0.00000,-1.00000,0.00000,-1.00000,0.00000,0.00000,-0.92500,-0.05719,-0.33333,-0.76430,-0.83333,-0.76430,-0.33333,-0.05719,1.00000,1.00000,1.00000,-0.40000,-1.00000,-1.00000,-1.00000,-1.00000,1.00000,1.00000,1,1,1,1,0,0,0,1,0,0
-0.75000,0.00000,-1.00000,0.50000,0.00000,0.00000,0.00000,0.00000,-1.00000,0.00000,-1.00000,0.00000,0.00000,-0.92500,-0.05719,-0.33333,-0.76430,-0.83333,-0.76430,-0.33333,-0.05719,1.00000,1.00000,1.00000,-0.40000,-1.00000,-1.00000,-1.00000,-1.00000,1.00000,1.00000,1,1,1,1,0,0,0,1,0,0
-0.75000,0.00000,-1.00000,0.50000,0.00000,0.00000,0.00000,0.00000,-1.00000,0.00000,-1.00000,0.00000,0.00000,-0.92500,-0.05719,-0.33333,-0.76430,-0.83333,-0.76430,-0.33333,-0.05719,1.00000,1.00000,1.00000,-0.40000,-1.00000,-1.00000,-1.00000,-1.00000,1.00000,1.00000,1,1,1,1,0,0,0,1,0,0
-0.75000,0.00000,-1.00000,0.50000,0.00000,0.00000,0.00000,0.00000,-1.00000,0.00000,-1.00000,0.00000,0.00000,-0.92500,-0.05719,-0.33333,-0.76430,-0.83333,-0.76430,-0.33333,-0.05719,1.00000,1.00000,1.00000,-0.40000,-1.00000,-1.00000,-1.00000,-1.00000,1.00000,1.00000,1,1,1,1,0,0,0,1,0,0
-0.75000,0.00000,-1.00000,0.50000,0.00000,0.00000,0.00000,0.00000,-1.00000,0.00000,-1.00000,0.00000,0.00000,-0.92500,-0.05719,-0.33333,-0.76430,-0.83333,-0.76430,-0.33333,-0.05719,1.00000,1.00000,1.00000,-0.40000,-1.00000,-1.00000,-1.00000,-1.00000,1.00000,1.00000,1,1,1,1,0,0,0,1,0,0
-0.75000,0.00000,-1.00000,0.50000,0.00000,0.00000,0.00000,0.00000,-1.00000,0.00000,-1.00000,0.00000,0.00000,-0.92500,-0.05719,-0.33333,-0.76430,-0.83333,-0.76430,-0.33333,-0.05719,1.00000,1.00000,1.00000,-0.40000,-1.00000,-1.00000,-1.00000,-1.00000,1.00000,1.00000,1,1,1,1,0,0,0,1,0,0
-0.75000,0.00000,-1.00000,0.50000,0.00000,0.00000,0.00000,0.00000,-1.00000,0.00000,-1.00000,0.00000,0.00000,-0.92500,-0.05719,-0.33333,-0.76430,-0.83333,-0.76430,-0.33333,-0.05719,1.00000,1.00000,1.00000,-0.40000,-1.00000,-1.00000,-1.00000,-1.00000,1.00000,1.00000,1,1,1,1,0,0,0,1,0,0
-0.75000,0.00000,-1.00000,0.50000,0.00000,0.00000,0.00000,0.00000,-1.00000,0.00000,-1.00000,0.00000,0.00000,-0.92500,-0.05719,-0.33333,-0.76430,-0.83333,-0.76430,-0.33333,-0.05719,1.00000,1.00000,1.00000,-0.40000,-1.00000,-1.00000,-1.00000,-1.00000,1.00000,1.00000,1,1,1,1,0,0,0,1,0,0
-0.75000,0.00000,-1.00000,0.50000,0.00000,0.00000,0.00000,0.00000,-1.00000,0.00000,-1.00000,0.00000,0.00000,-0.92500,-0.05719,-0.33333,-0.76430,-0.83333,-0.76430,-0.33333,-0.05719,1.00000,1.00000,1.00000,-0.40000,-1.00000,-1.00000,-1.00000,-1.00000,1.00000,1.00000,1,1,1,1,0,0,0,1,0,0
-0.75000,0.00000,-1.00000,0.50000,0.00000,0.00000,0.00000,0.00000,-1.00000,0.00000,-1.00000,0.00000,0.00000,-0.92500,-0.05719,-0.33333,-0.76430,-0.83333,-0.76430,-0.33333,-0.05719,1.00000,1.00000,1.00000,-0.40000,-1.00000,-1.00000,-1.00000,-1.00000,1.00000,1.00000,1,1,1,1,0,0,0,1,0,0
-0.75000,0.00000,-1.00000,0.50000,0.00000,0.00000,0.00000,0.00000,-1.00000,0.00000,-1.00000,0.00000,0.00000,-0.92500,-0.05719,-0.33333,-0.76430,-0.83333,-0.76430,-0.33333,-0.05719,1.00000,1.00000,1.00000,-0.40000,-1.00000,-1.00000,-1.00000,-1.00000,1.00000,1.00000,1,1,1,1,0,0,0,1,0,0
-0.75000,0.00000,-1.00000,0.50000,0.00000,0.00000,0.00000,0.00000,-1.00000,0.00000,-1.00000,0.00000,0.00000,-0.92500,-0.05719,-0.33333,-0.76430,-0.83333,-0.76430,-0.33333,-0.05719,1.00000,1.00000,1.00000,-0.40000,-1.00000,-1.00000,-1.00000,-1.00000,1.00000,1.00000,1,1,1,1,0,0,0,1,0,0
-0.75000,0.00000,-1.00000,0.50000,0.00000,0.00000,0.00000,0.00000,-1.00000,0.00000,-1.00000,0.00000,0.00000,-0.92500,-0.05719,-0.33333,-0.76430,-0.83333,-0.76430,-0.33333,-0.05719,1.00000,1.00000,1.00000,-0.40000,-1.00000,-1.00000,-1.00000,-1.00000,1.00000,1.00000,1,1,1,1,0,0,0,1,0,0
-0.75000,0.00000,-1.00000,0.50000,0.00000,0.00000,0.00000,0.00000,-1.00000,0.00000,-1.00000,0.00000,0.00000,-0.92500,-0.05719,-0.33333,-0.76430,-0.83333,-0.76430,-0.33333,-0.05719,1.00000,1.00000,1.00000,-0.40000,-1.00000,-1.00000,-1.00000,-1.00000,1.00000,1.00000,1,1,1,1,0,0,0,1,0,0
-0.75000,0.00000,-1.00000,0.50000,0.00000,0.00000,0.00000,0.00000,-1.00000,0.00000,-1.00000,0.00000,0.00000,-0.92500,-0.05719,-0.33333,-0.76430,-0.83333,-0.76430,-0.33333,-0.05719,1.00000,1.00000,1.00000,-0.40000,-1.00000,-1.00000,-1.00000,-1.00000,1.00000,1.00000,1,1,1,1,0,0,0,1,0,0
-0.75000,0.00000,-1.00000,0.50000,0.00000,0.00000,0.00000,0.00000,-1.00000,0.00000,-1.00000,0.00000,0.00000,-0.92500,-0.05719,-0.33333,-0.76430,-0.83333,-0.76430,-0.33333,-0.05719,1.00000,1.00000,1.00000,-0.40000,-1.00000,-1.00000,-1.00000,-1.00000,1.00000,1.00000,1,1,1,1,0,0,0,1,0,0
-0.75000,0.00000,-1.00000,0.50000,0.00000,0.00000,0.00000,0.00000,-1.00000,0.00000,-1.00000,0.00000,0.00000,-0.92500,-0.05719,-0.33333,-0.76430,-0.83333,-0.76430,-0.33333,-0.05719,1.00000,1.00000,1.00000,-0.40000,-1.00000,-1.00000,-1.00000,-1.00000,1.00000,1.00000,1,1,1,1,0,0,0,1,0,0
-0.75000,0.00000,-1.00000,0.50000,0.00000,0.00000,0.00000,0.00000,-1.00000,0.00000,-1.00000,0.00000,0.00000,-0.92500,-0.05719,-0.33333,-0.76430,-0.83333,-0.76430,-0.33333,-0.05719,1.00000,1.00000,1.00000,-0.40000,-1.00000,-1.00000,-1.00000,-1.00000,1.00000,1.00000,1,1,1,1,0,0,0,1,0,0
-0.75000,0.00000,-1.00000,0.50000,0.00000,0.00000,0.00000,0.00000,-1.00000,0.00000,-1.00000,0.00000,0.00000,-0.92500,-0.05719,-0.33333,-0.76430,-0.83333,-0.76430,-0.33333,-0.05719,1.00000,1.00000,1.00000,-0.40000,-1.00000,-1.00000,-1.00000,-1.00000,1.00000,1.00000,1,1,1,1,0,0,0,1,0,0
-0.75000,0.00000,-1.00000,0.50000,0.00000,0.00000,0.00000,0.00000,-1.00000,0.00000,-1.00000,0.00000,0.00000,-0.92500,-0.05719,-0.33333,-0.76430,-0.83333,-0.76430,-0.33333,-0.05719,1.00000,1.00000,1.00000,-0.40000,-1.00000,-1.00000,-1.00000,-1.00000,1.00000,1.00000,1,1,1,1,0,0,0,1,0,0
-0.75000,0.00000,-1.00000,0.50000,0.00000,0.00000,0.00000,0.00000,-1.00000,0.00000,-1.00000,0.00000,0.00000,-0.92500,-0.05719,-0.33333,-0.76430,-0.83333,-0.76430,-0.33333,-0.05719,1.00000,1.00000,1.00000,-0.40000,-1.00000,-1.00000,-1.00000,-1.00000,1.00000,1.00000,1,1,1,1,0,0,0,1,0,0
-0.75000,0.00000,-1.00000,0.50000,0.00000,0.00000,0.00000,0.00000,-1.00000,0.00000,-1.00000,0.00000,0.00000,-0.92500,-0.05719,-0.33333,-0.76430,-0.83333,-0.76430,-0.33333,-0.05719,1.00000,1.00000,1.00000,-0.40000,-1.00000,-1.00000,-1.00000,-1.00000,1.00000,1.00000,1,1,1,1,0,0,0,1,0,0
-0.75000,0.00000,-1.00000,0.50000,0.00000,0.00000,0.00000,0.00000,-1.00000,0.00000,-1.00000,0.00000,0.00000,-0.92500,-0.05719,-0.33333,-0.76430,-0.83333,-0.76430,-0.33333,-0.05719,1.00000,1.00000,1.00000,-0.40000,-1.00000,-1.00000,-1.00000,-1.00000,1.00000,1.00000,1,1,1,1,0,0,0,1,0,0
-0.75000,0.00000,-1.00000,0.50000,0.00000,0.00000,0.00000,0.00000,-1.00000,0.00000,-1.00000,0.00000,0.00000,-0.92500,-0.05719,-0.33333,-0.76430,-0.83333,-0.76430,-0.33333,-0.05719,1.00000,1.00000,1.00000,-0.40000,-1.00000,-1.00000,-1.00000,-1.00000,1.00000,1.00000,1,1,1,1,0,0,0,1,0,0
-0.75000,0.00000,-1.00000,0.50000,0.00000,0.00000,0.00000,0.00000,-1.00000,0.00000,-1.00000,0.00000,0.00000,-0.92500,-0.05719,-0.33333,-0.76430,-0.83333,-0.76430,-0.33333,-0.05719,1.00000,1.00000,1.00000,-0.40000,-1.00000,-1.00000,-1.00000,-1.00000,1.00000,1.00000,1,1,1,1,0,0,0,1,0,0
-0.75000,0.00000,-1.00000,0.50000,0.00000,0.00000,0.00000,0.00000,-1.00000,0.00000,-1.00000,0.00000,0.00000,-0.92500,-0.05719,-0.33333,-0.76430,-0.83333,-0.76430,-0.33333,-0.05719,1.00000,1.00000,1.00000,-0.40000,-1.00000,-1.00000,-1.00000,-1.00000,1.00000,1.00000,1,1,1,1,0,0,0,1,0,0
-0.75000,0.00000,-1.00000,0.50000,0.00000,0.00000,0.00000,0.00000,-1.00000,0.00000,-1.00000,0.00000,0.00000,-0.92500,-0.05719,-0.33333,-0.76430,-0.83333,-0.76430,-0.33333,-0.05719,1.00000,1.00000,1.00000,-0.40000,-1.00000,-1.00000,-1.00000,-1.00000,1.00000,1.00000,1,1,1,1,0,0,0,1,0,0
-0.75000,0.00000,-1.00000,0.50000,0.00000,0.00000,0.00000,0.00000,-1.00000,0.00000,-1.00000,0.00000,0.00000,-0.92500,-0.05719,-0.33333,-0.76430,-0.83333,-0.76430,-0.33333,-0.05719,1.00000,1.00000,1.00000,-0.40000,-1.00000,-1.00000,-1.00000,-1.00000,1.00000,1.00000,1,1,1,1,0,0,0,1,0,0
-0.75000,0.00000,-1.00000,0.50000,0.00000,0.00000,0.00000,0.00000,-1.00000,0.00000,-1.00000,0.00000,0.00000,-0.92500,-0.05719,-0.33333,-0.76430,-0.83333,-0.76430,-0.33333,-0.05719,1.00000,1.00000,1.00000,-0.40000,-1.00000,-1.00000,-1.00000,-1.00000,1.00000,1.00000,1,1,1,1,0,0,0,1,0,0
-0.75000,0.00000,-1.00000,0.50000,0.00000,0.00000,0.00000,0.00000,-1.00000,0.00000,-1.00000,0.00000,0.00000,-0.92500,-0.05719,-0.33333,-0.76430,-0.83333,-0.76430,-0.33333,-0.05719,1.00000,1.00000,1.00000,-0.40000,-1.00000,-1.00000,-1.00000,-1.00000,1.00000,1.00000,1,1,1,1,0,0,0,1,0,0
-0.75000,0.00000,-1.00000,0.50000,0.00000,0.00000,0.00000,0.00000,-1.00000,0.00000,-1.00000,0.00000,0.00000,-0.92500,-0.05719,-0.33333,-0.76430,-0.83333,-0.76430,-0.33333,-0.05719,1.00000,1.00000,1.00000,-0.40000,-1.00000,-1.00000,-1.00000,-1.00000,1.00000,1.00000,1,1,1,1,0,0,0,1,0,0
-0.75000,0.00000,-1.00000,0.50000,0.00000,0.00000,0.00000,0.00000,-1.00000,0.00000,-1.00000,0.00000,0.00000,-0.92500,-0.05719,-0.33333,-0.76430,-0.83333,-0.76430,-0.33333,-0.05719,1.00000,1.00000,1.00000,-0.40000,-1.00000,-1.00000,-1.00000,-1.00000,1.00000,1.00000,1,1,1,1,0,0,0,1,0,0
-0.75000,0.00000,-1.00000,0.50000,0.00000,0.00000,0.00000,0.00000,-1.00000,0.00000,-1.00000,0.00000,0.00000,-0.92500,-0.05719,-0.33333,-0.76430,-0.83333,-0.76430,-0.33333,-0.05719,1.00000,1.00000,1.00000,-0.40000,-1.00000,-1.00000,-1.00000,-1.00000,1.00000,1.00000,1,1,1,1,0,0,0,1,0,0
-0.75000,0.00000,-1.00000,0.50000,0.00000,0.00000,0.00000,0.00000,-1.00000,0.00000,-1.00000,0.00000,0.00000,-0.92500,-0.05719,-0.33333,-0.76430,-0.83333,-0.76430,-0.33333,-0.05719,1.00000,1.00000,1.00000,-0.40000,-1.00000,-1.00000,-1.00000,-1.00000,1.00000,1.00000,1,1,1,1,0,0,0,1,0,0
-0.75000,0.00000,-1.00000,0.50000,0.00000,0.00000,0.00000,0.00000,-1.00000,0.00000,-1.00000,0.00000,0.00000,-0.92500,-0.05719,-0.33333,-0.76430,-0.83333,-0.76430,-0.33333,-0.05719,1.00000,1.00000,1.00000,-0.40000,-1.00000,-1.00000,-1.00000,-1.00000,1.00000,1.00000,1,1,1,1,0,0,0,1,0,0
-0.75000,0.00000,-1.00000,0.50000,0.00000,0.00000,0.00000,0.00000,-1.00000,0.00000,-1.00000,0.00000,0.00000,-0.92500,-0.05719,-0.33333,-0.76430,-0.83333,-0.76430,-0.33333,-0.05719,1.00000,1.00000,1.00000,-0.40000,-1.00000,-1.00000,-1.00000,-1.00000,1.00000,1.00000,1,1,1,1,0,0,0,1,0,0
-0.75000,0.00000,-1.00000,0.50000,0.00000,0.00000,0.00000,0.00000,-1.00000,0.00000,-1.00000,0.00000,0.00000,-0.92500,-0.05719,-0.33333,-0.76430,-0.83333,-0.76430,-0.33333,-0.05719,1.00000,1.00000,1.00000,-0.40000,-1.00000,-1.00000,-1.00000,-1.00000,1.00000,1.00000,1,1,1,1,0,0,0,1,0,0
-0.75000,0.00000,-1.00000,0.50000,0.00000,0.00000,0.00000,0.00000,-1.00000,0.00000,-1.00000,0.00000,0.00000,-0.92500,-0.05719,-0.33333,-0.76430,-0.83333,-0.76430,-0.33333,-0.05719,1.00000,1.00000,1.00000,-0.40000,-1.00000,-1.00000,-1.00000,-1.00000,1.00000,1.00000,1,1,1,1,0,0,0,1,0,0
-0.75000,0.00000,-1.00000,0.50000,0.00000,0.00000,0.00000,0.00000,-1.00000,0.00000,-1.00000,0.00000,0.00000,-0.92500,-0.05719,-0.33333,-0.76430,-0.83333,-0.76430,-0.33333,-0.05719,1.00000,1.00000,1.00000,-0.40000,-1.00000,-1.00000,-1.00000,-1.00000,1.00000,1.00000,1,1,1,1,0,0,0,1,0,0
-0.75000,0.00000,-1.00000,0.50000,0.00000,0.00000,0.00000,0.00000,-1.00000,0.00000,-1.00000,0.00000,0.00000,-0.92500,-0.05719,-0.33333,-0.76430,-0.83333,-0.76430,-0.33333,-0.05719,1.00000,1.00000,1.00000,-0.40000,-1.00000,-1.00000,-1.00000,-1.00000,1.00000,1.00000,1,1,1,1,0,0,0,1,0,0
-0.75000,0.00000,-1.00000,0.50000,0.00000,0.00000,0.00000,0.00000,-1.00000,0.00000,-1.00000,0.00000,0.00000,-0.92500,-0.05719,-0.33333,-0.76430,-0.83333,-0.76430,-0.33333,-0.05719,1.00000,1.00000,1.00000,-0.40000,-1.00000,-1.00000,-1.00000,-1.00000,1.00000,1.00000,1,1,1,1,0,0,0,1,0,0
-0.75000,0.00000,-1.00000,0.50000,0.00000,0.00000,0.00000,0.00000,-1.00000,0.00000,-1.00000,0.00000,0.00000,-0.92500,-0.05719,-0.33333,-0.76430,-0.83333,-0.76430,-0.33333,-0.05719,1.00000,1.00000,1.00000,-0.40000,-1.00000,-1.00000,-1.00000,-1.00000,1.00000,1.00000,1,1,1,1,0,0,0,1,0,0
-0.75000,0.00000,-1.00000,0.50000,0.00000,0.00000,0.00000,0.00000,-1.00000,0.00000,-1.00000,0.00000,0.00000,-0.92500,-0.05719,-0.33333,-0.76430,-0.83333,-0.76430,-0.33333,-0.05719,1.00000,1.00000,1.00000,-0.40000,-1.00000,-1.00000,-1.00000,-1.00000,1.00000,1.00000,1,1,1,1,0,0,0,1,0,0
-0.75000,0.00000,-1.00000,0.50000,0.00000,0.00000,0.00000,0.00000,-1.00000,0.00000,-1.00000,0.00000,0.00000,-0.92500,-0.05719,-0.33333,-0.76430,-0.83333,-0.76430,-0.33333,-0.05719,1.00000,1.00000,1.00000,-0.40000,-1.00000,-1.00000,-1.00000,-1.00000,1.00000,1.00000,1,1,1,1,0,0,0,1,0,0
-0.75000,0.00000,-1.00000,0.50000,0.00000,0.00000,0.00000,0.00000,-1.00000,0.00000,-1.00000,0.00000,0.00000,-0.92500,-0.05719,-0.33333,-0.76430,-0.83333,-0.76430,-0.33333,-0.05719,1.00000,1.00000,1.00000,-0.40000,-1.00000,-1.00000,-1.00000,-1.00000,1.00000,1.00000,1,1,1,1,0,0,0,1,0,0
-0.75000,0.00000,-1.00000,0.50000,0.00000,0.00000,0.00000,0.00000,-1.00000,0.00000,-1.00000,0.00000,0.00000,-0.92500,-0.05719,-0.33333,-0.76430,-0.83333,-0.76430,-0.33333,-0.05719,1.00000,1.00000,1.00000,-0.40000,-1.00000,-1.00000,-1.00000,-1.00000,1.00000,1.00000,1,1,1,1,0,0,0,1,0,0
-0.75000,0.00000,-1.00000,0.50000,0.00000,0.00000,0.00000,0.00000,-1.00000,0.00000,-1.00000,0.00000,0.00000,-0.92500,-0.05719,-0.33333,-0.76430,-0.83333,-0.76430,-0.33333,-0.05719,1.00000,1.00000,1.00000,-0.40000,-1.00000,-1.00000,-1.00000,-1.00000,1.00000,1.00000,1,1,1,1,0,0,0,1,0,0
-0.75000,0.00000,-1.00000,0.50000,0.00000,0.00000,0.00000,0.00000,-1.00000,0.00000,-1.00000,0.00000,0.00000,-0.92500,-0.05719,-0.33333,-0.76430,-0.83333,-0.76430,-0.33333,-0.05719,1.00000,1.00000,1.00000,-0.40000,-1.00000,-1.00000,-1.00000,-1.00000,1.00000,1.00000,1,1,1,1,0,0,0,1,0,0
-0.75000,0.00000,-1.00000,0.50000,0.00000,0.00000,0.00000,0.00000,-1.00000,0.00000,-1.00000,0.00000,0.00000,-0.92500,-0.05719,-0.33333,-0.76430,-0.83333,-0.76430,-0.33333,-0.05719,1.00000,1.00000,1.00000,-0.40000,-1.00000,-1.00000,-1.00000,-1.00000,1.00000,1.00000,1,1,1,1,0,0,0,1,0,0
-0.75000,0.00000,-1.00000,0.50000,0.00000,0.00000,0.00000,0.00000,-1.00000,0.00000,-1.00000,0.00000,0.00000,-0.92500,-0.05719,-0.33333,-0.76430,-0.83333,-0.76430,-0.33333,-0.05719,1.00000,1.00000,1.00000,-0.40000,-1.00000,-1.00000,-1.00000,-1.00000,1.00000,1.00000,1,1,1,1,0,0,0,1,0,0
-0.75000,0.00000,-1.00000,0.50000,0.00000,0.00000,0.00000,0.00000,-1.00000,0.00000,-1.00000,0.00000,0.00000,-0.92500,-0.05719,-0.33333,-0.76430,-0.83333,-0.76430,-0.33333,-0.05719,1.00000,1.00000,1.00000,-0.40000,-1.00000,-1.00000,-1.00000,-1.00000,1.00000,1.00000,1,1,1,1,0,0,0,1,0,0
-0.75000,0.00000,-1.00000,0.50000,0.00000,0.00000,0.00000,0.00000,-1.00000,0.00000,-1.00000,0.00000,0.00000,-0.92500,-0.05719,-0.33333,-0.76430,-0.83333,-0.76430,-0.33333,-0.05719,1.00000,1.00000,1.00000,-0.40000,-1.00000,-1.00000,-1.00000,-1.00000,1.00000,1.00000,1,1,1,1,0,0,0,1,0,0
-0.75000,0.00000,-1.00000,0.50000,0.00000,0.00000,0.00000,0.00000,-1.00000,0.00000,-1.00000,0.00000,0.00000,-0.92500,-0.05719,-0.33333,-0.76430,-0.83333,-0.76430,-0.33333,-0.05719,1.00000,1.00000,1.00000,-0.40000,-1.00000,-1.00000,-1.00000,-1.00000,1.00000,1.00000,1,1,1,1,0,0,0,1,0,0
-0.75000,0.00000,-1.00000,0.50000,0.00000,0.00000,0.00000,0.00000,-1.00000,0.00000,-1.00000,0.00000,0.00000,-0.92500,-0.05719,-0.33333,-0.76430,-0.83333,-0.76430,-0.33333,-0.05719,1.00000,1.00000,1.00000,-0.40000,-1.00000,-1.00000,-1.00000,-1.00000,1.00000,1.00000,1,1,1,1,0,0,0,1,0,0
-0.75000,0.00000,-1.00000,0.50000,0.00000,0.00000,0.00000,0.00000,-1.00000,0.00000,-1.00000,0.00000,0.00000,-0.92500,-0.05719,-0.33333,-0.76430,-0.83333,-0.76430,-0.33333,-0.05719,1.00000,1.00000,1.00000,-0.40000,-1.00000,-1.00000,-1.00000,-1.00000,1.00000,1.00000,1,1,1,1,0,0,0,1,0,0
-0.75000,0.00000,-1.00000,0.50000,0.00000,0.00000,0.00000,0.00000,-1.00000,0.00000,-1.00000,0.00000,0.00000,-0.92500,-0.05719,-0.33333,-0.76430,-0.83333,-0.76430,-0.33333,-0.05719,1.00000,1.00000,1.00000,-0.40000,-1.00000,-1.00000,-1.00000,-1.00000,1.00000,1.00000,1,1,1,1,0,0,0,1,0,0
-0.75000,0.00000,-1.00000,0.50000,0.00000,0.00000,0.00000,0.00000,-1.00000,0.00000,-1.00000,0.00000,0.00000,-0.92500,-0.05719,-0.33333,-0.76430,-0.83333,-0.76430,-0.33333,-0.05719,1.00000,1.00000,1.00000,-0.40000,-1.00000,-1.00000,-1.00000,-1.00000,1.00000,1.00000,1,1,1,1,0,0,0,1,0,0
-0.75000,0.00000,-1.00000,0.50000,0.00000,0.00000,0.00000,0.00000,-1.00000,0.00000,-1.00000,0.00000,0.00000,-0.92500,-0.05719,-0.33333,-0.76430,-0.83333,-0.76430,-0.33333,-0.05719,1.00000,1.00000,1.00000,-0.40000,-1.00000,-1.00000,-1.00000,-1.00000,1.00000,1.00000,1,1,1,1,0,0,0,1,0,0
-0.75000,0.00000,-1.00000,0.50000,0.00000,0.00000,0.00000,0.00000,-1.00000,0.00000,-1.00000,0.00000,0.00000,-0.92500,-0.05719,-0.33333,-0.76430,-0.83333,-0.76430,-0.33333,-0.05719,1.00000,1.00000,1.00000,-0.40000,-1.00000,-1.00000,-1.00000,-1.00000,1.00000,1.00000,1,1,1,1,0,0,0,1,0,0
-0.75000,0.00000,-1.00000,0.50000,0.00000,0.00000,0.00000,0.00000,-1.00000,0.00000,-1.00000,0.00000,0.00000,-0.92500,-0.05719,-0.33333,-0.76430,-0.83333,-0.76430,-0.33333,-0.05719,1.00000,1.00000,1.00000,-0.40000,-1.00000,-1.00000,-1.00000,-1.00000,1.00000,1.00000,1,1,1,1,0,0,0,1,0,0
-0.75000,0.00000,-1.00000,0.50000,0.00000,0.00000,0.00000,0.00000,-1.00000,0.00000,-1.00000,0.00000,0.00000,-0.92500,-0.05719,-0.33333,-0.76430,-0.83333,-0.76430,-0.33333,-0.05719,1.00000,1.00000,1.00000,-0.40000,-1.00000,-1.00000,-1.00000,-1.00000,1.00000,1.00000,1,1,1,1,0,0,0,1,0,0
-0.75000,0.00000,-1.00000,0.50000,0.00000,0.00000,0.00000,0.00000,-1.00000,0.00000,-1.00000,0.00000,0.00000,-0.92500,-0.05719,-0.33333,-0.76430,-0.83333,-0.76430,-0.33333,-0.05719,1.00000,1.00000,1.00000,-0.40000,-1.00000,-1.00000,-1.00000,-1.00000,1.00000,1.00000,1,1,1,1,0,0,0,1,0,0
-0.75000,0.00000,-1.00000,0.50000,0.00000,0.00000,0.00000,0.00000,-1.00000,0.00000,-1.00000,0.00000,0.00000,-0.92500,-0.05719,-0.33333,-0.76430,-0.83333,-0.76430,-0.33333,-0.05719,1.00000,1.00000,1.00000,-0.40000,-1.00000,-1.00000,-1.00000,-1.00000,1.00000,1.00000,1,1,1,1,0,0,0,1,0,0
-0.75000,0.00000,-1.00000,0.50000,0.00000,0.00000,0.00000,0.00000,-1.00000,0.00000,-1.00000,0.00000,0.00000,-0.92500,-0.05719,-0.33333,-0.76430,-0.83333,-0.76430,-0.33333,-0.05719,1.00000,1.00000,1.00000,-0.40000,-1.00000,-1.00000,-1.00000,-1.00000,1.00000,1.00000,1,1,1,1,0,0,0,1,0,0
-0.75000,0.00000,-1.00000,0.50000,0.00000,0.00000,0.00000,0.00000,-1.00000,0.00000,-1.00000,0.00000,0.00000,-0.92500,-0.05719,-0.33333,-0.76430,-0.83333,-0.76430,-0.33333,-0.05719,1.00000,1.00000,1.00000,-0.40000,-1.00000,-1.00000,-1.00000,-1.00000,1.00000,1.00000,1,1,1,1,0,0,0,1,0,0
-0.75000,0.00000,-1.00000,0.50000,0.00000,0.00000,0.00000,0.00000,-1.00000,0.00000,-1.00000,0.00000,0.00000,-0.92500,-0.05719,-0.33333,-0.76430,-0.83333,-0.76430,-0.33333,-0.05719,1.00000,1.00000,1.00000,-0.40000,-1.00000,-1.00000,-1.00000,-1.00000,1.00000,1.00000,1,1,1,1,0,0,0,1,0,0
-0.75000,0.00000,-1.00000,0.50000,0.00000,0.00000,0.00000,0.00000,-1.00000,0.00000,-1.00000,0.00000,0.00000,-0.92500,-0.05719,-0.33333,-0.76430,-0.83333,-0.76430,-0.33333,-0.05719,1.00000,1.00000,1.00000,-0.40000,-1.00000,-1.00000,-1.00000,-1.00000,1.00000,1.00000,1,1,1,1,0,0,0,1,0,0
-0.75000,0.00000,-1.00000,0.50000,0.00000,0.00000,0.00000,0.00000,-1.00000,0.00000,-1.00000,0.00000,0.00000,-0.92500,-0.05719,-0.33333,-0.76430,-0.83333,-0.76430,-0.33333,-0.05719,1.00000,1.00000,1.00000,-0.40000,-1.00000,-1.00000,-1.00000,-1.00000,1.00000,1.00000,1,1,1,1,0,0,0,1,0,0
-0.75000,0.00000,-1.00000,0.50000,0.00000,0.00000,0.00000,0.00000,-1.00000,0.00000,-1.00000,0.00000,0.00000,-0.92500,-0.05719,-0.33333,-0.76430,-0.83333,-0.76430,-0.33333,-0.05719,1.00000,1.00000,1.00000,-0.40000,-1.00000,-1.00000,-1.00000,-1.00000,1.00000,1.00000,1,1,1,1,0,0,0,1,0,0
-0.75000,0.00000,-1.00000,0.50000,0.00000,0.00000,0.00000,0.00000,-1.00000,0.00000,-1.00000,0.00000,0.00000,-0.92500,-0.05719,-0.33333,-0.76430,-0.83333,-0.76430,-0.33333,-0.05719,1.00000,1.00000,1.00000,-0.40000,-1.00000,-1.00000,-1.00000,-1.00000,1.00000,1.00000,1,1,1,1,0,0,0,1,0,0
-0.75000,0.00000,-1.00000,0.50000,0.00000,0.00000,0.00000,0.00000,-1.00000,0.00000,-1.00000,0.00000,0.00000,-0.92500,-0.05719,-0.33333,-0.76430,-0.83333,-0.76430,-0.33333,-0.05719,1.00000,1.00000,1.00000,-0.40000,-1.00000,-1.00000,-1.00000,-1.00000,1.00000,1.00000,1,1,1,1,0,0,0,1,0,0
-0.75000,0.00000,-1.00000,0.50000,0.00000,0.00000,0.00000,0.00000,-1.00000,0.00000,-1.00000,0.00000,0.00000,-0.92500,-0.05719,-0.33333,-0.76430,-0.83333,-0.76430,-0.33333,-0.05719,1.00000,1.00000,1.00000,-0.40000,-1.00000,-1.00000,-1.00000,-1.00000,1.00000,1.00000,1,1,1,1,0,0,0,1,0,0
-0.75000,0.00000,-1.00000,0.50000,0.00000,0.00000,0.00000,0.00000,-1.00000,0.00000,-1.00000,0.00000,0.00000,-0.92500,-0.05719,-0.33333,-0.76430,-0.83333,-0.76430,-0.33333,-0.05719,1.00000,1.00000,1.00000,-0.40000,-1.00000,-1.00000,-1.00000,-1.00000,1.00000,1.00000,1,1,1,1,0,0,0,1,0,0
-0.75000,0.00000,-1.00000,0.50000,0.00000,0.00000,0.00000,0.00000,-1.00000,0.00000,-1.00000,0.00000,0.00000,-0.92500,-0.05719,-0.33333,-0.76430,-0.83333,-0.76430,-0.33333,-0.05719,1.00000,1.00000,1.00000,-0.40000,-1.00000,-1.00000,-1.00000,-1.00000,1.00000,1.00000,1,1,1,1,0,0,0,1,0,0
-0.75000,0.00000,-1.00000,0.50000,0.00000,0.00000,0.00000,0.00000,-1.00000,0.00000,-1.00000,0.00000,0.00000,-0.92500,-0.05719,-0.33333,-0.76430,-0.83333,-0.76430,-0.33333,-0.05719,1.00000,1.00000,1.00000,-0.40000,-1.00000,-1.00000,-1.00000,-1.00000,1.00000,1.00000,1,1,1,1,0,0,0,1,0,0
-0.75000,0.00000,-1.00000,0.50000,0.00000,0.00000,0.00000,0.00000,-1.00000,0.00000,-1.00000,0.00000,0.00000,-0.92500,-0.05719,-0.33333,-0.76430,-0.83333,-0.76430,-0.33333,-0.05719,1.00000,1.00000,1.00000,-0.40000,-1.00000,-1.00000,-1.00000,-1.00000,1.00000,1.00000,1,1,1,1,0,0,0,1,0,0
-0.75000,0.00000,-1.00000,0.50000,0.00000,0.00000,0.00000,0.00000,-1.00000,0.00000,-1.00000,0.00000,0.00000,-0.92500,-0.05719,-0.33333,-0.76430,-0.83333,-0.76430,-0.33333,-0.05719,1.00000,1.00000,1.00000,-0.40000,-1.00000,-1.00000,-1.00000,-1.00000,1.00000,1.00000,1,1,1,1,0,0,0,1,0,0
-0.75000,0.00000,-1.00000,0.50000,0.00000,0.00000,0.00000,0.00000,-1.00000,0.00000,-1.00000,0.00000,0.00000,-0.92500,-0.05719,-0.33333,-0.76430,-0.83333,-0.76430,-0.33333,-0.05719,1.00000,1.00000,1.00000,-0.40000,-1.00000,-1.00000,-1.00000,-1.00000,1.00000,1.00000,1,1,1,1,0,0,0,1,0,0
-0.75000,0.00000,-1.00000,0.50000,0.00000,0.00000,0.00000,0.00000,-1.00000,0.00000,-1.00000,0.00000,0.00000,-0.92500,-0.05719,-0.33333,-0.76430,-0.83333,-0.76430,-0.33333,-0.05719,1.00000,1.00000,1.00000,-0.40000,-1.00000,-1.00000,-1.00000,-1.00000,1.00000,1.00000,1,1,1,1,0,0,0,1,0,0
-0.75000,0.00000,-1.00000,0.50000,0.00000,0.00000,0.00000,0.00000,-1.00000,0.00000,-1.00000,0.00000,0.00000,-0.92500,-0.05719,-0.33333,-0.76430,-0.83333,-0.76430,-0.33333,-0.05719,1.00000,1.00000,1.00000,-0.40000,-1.00000,-1.00000,-1.00000,-1.00000,1.00000,1.00000,1,1,1,1,0,0,0,1,0,0
-0.75000,0.00000,-1.00000,0.50000,0.00000,0.00000,0.00000,0.00000,-1.00000,0.00000,-1.00000,0.00000,0.00000,-0.92500,-0.05719,-0.33333,-0.76430,-0.83333,-0.76430,-0.33333,-0.05719,1.00000,1.00000,1.00000,-0.40000,-1.00000,-1.00000,-1.00000,-1.00000,1.00000,1.00000,1,1,1,1,0,0,0,1,0,0
-0.75000,0.00000,-1.00000,0.50000,0.00000,0.00000,0.00000,0.00000,-1.00000,0.00000,-1.00000,0.00000,0.00000,-0.92500,-0.05719,-0.33333,-0.76430,-0.83333,-0.76430,-0.33333,-0.05719,1.00000,1.00000,1.00000,-0.40000,-1.00000,-1.00000,-1.00000,-1.00000,1.00000,1.00000,1,1,1,1,0,0,0,1,0,0
-0.75000,0.00000,-1.00000,0.50000,0.00000,0.00000,0.00000,0.00000,-1.00000,0.00000,-1.00000,0.00000,0.00000,-0.92500,-0.05719,-0.33333,-0.76430,-0.83333,-0.76430,-0.33333,-0.05719,1.00000,1.00000,1.00000,-0.40000,-1.00000,-1.00000,-1.00000,-1.00000,1.00000,1.00000,1,1,1,1,0,0,0,1,0,0
-0.75000,0.00000,-1.00000,0.50000,0.00000,0.00000,0.00000,0.00000,-1.00000,0.00000,-1.00000,0.00000,0.00000,-0.92500,-0.05719,-0.33333,-0.76430,-0.83333,-0.76430,-0.33333,-0.05719,1.00000,1.00000,1.00000,-0.40000,-1.00000,-1.00000,-1.00000,-1.00000,1.00000,1.00000,1,1,1,1,0,0,0,1,0,0
-0.75000,0.00000,-1.00000,0.50000,0.00000,0.00000,0.00000,0.00000,-1.00000,0.00000,-1.00000,0.00000,0.00000,-0.92500,-0.05719,-0.33333,-0.76430,-0.83333,-0.76430,-0.33333,-0.05719,1.00000,1.00000,1.00000,-0.40000,-1.00000,-1.00000,-1.00000,-1.00000,1.00000,1.00000,1,1,1,1,0,0,0,1,0,0
-0.75000,0.00000,-1.00000,0.50000,0.00000,0.00000,0.00000,0.00000,-1.00000,0.00000,-1.00000,0.00000,0.00000,-0.92500,-0.05719,-0.33333,-0.76430,-0.83333,-0.76430,-0.33333,-0.05719,1.00000,1.00000,1.00000,-0.40000,-1.00000,-1.00000,-1.00000,-1.00000,1.00000,1.00000,1,1,1,1,0,0,0,1,0,0
-0.75000,0.00000,-1.00000,0.50000,0.00000,0.00000,0.00000,0.00000,-1.00000,0.00000,-1.00000,0.00000,0.00000,-0.92500,-0.05719,-0.33333,-0.76430,-0.83333,-0.76430,-0.33333,-0.05719,1.00000,1.00000,1.00000,-0.40000,-1.00000,-1.00000,-1.00000,-1.00000,1.00000,1.00000,1,1,1,1,0,0,0,1,0,0
-0.75000,0.00000,-1.00000,0.50000,0.00000,0.00000,0.00000,0.00000,-1.00000,0.00000,-1.00000,0.00000,0.00000,-0.92500,-0.05719,-0.33333,-0.76430,-0.83333,-0.76430,-0.33333,-0.05719,1.00000,1.00000,1.00000,-0.40000,-1.00000,-1.00000,-1.00000,-1.00000,1.00000,1.00000,1,1,1,1,0,0,0,1,0,0
-0.75000,0.00000,-1.00000,0.50000,0.00000,0.00000,0.00000,0.00000,-1.00000,0.00000,-1.00000,0.00000,0.00000,-0.92500,-0.05719,-0.33333,-0.76430,-0.83333,-0.76430,-0.33333,-0.05719,1.00000,1.00000,1.00000,-0.40000,-1.00000,-1.00000,-1.00000,-1.00000,1.00000,1.00000,1,1,1,1,0,0,0,1,0,0
-0.75000,0.00000,-1.00000,0.50000,0.00000,0.00000,0.00000,0.00000,-1.00000,0.00000,-1.00000,0.00000,0.00000,-0.92500,-0.05719,-0.33333,-0.76430,-0.83333,-0.76430,-0.33333,-0.05719,1.00000,1.00000,1.00000,-0.40000,-1.00000,-1.00000,-1.00000,-1.00000,1.00000,1.00000,1,1,1,1,0,0,0,1,0,0
-0.75000,0.00000,-1.00000,0.50000,0.00000,0.00000,0.00000,0.00000,-1.00000,0.00000,-1.00000,0.00000,0.00000,-0.92500,-0.05719,-0.33333,-0.76430,-0.83333,-0.76430,-0.33333,-0.05719,1.00000,1.00000,1.00000,-0.40000,-1.00000,-1.00000,-1.00000,-1.00000,1.00000,1.00000,1,1,1,1,0,0,0,1,0,0
-0.75000,0.00000,-1.00000,0.50000,0.00000,0.00000,0.00000,0.00000,-1.00000,0.00000,-1.00000,0.00000,0.00000,-0.92500,-0.05719,-0.33333,-0.76430,-0.83333,-0.76430,-0.33333,-0.05719,1.00000,1.00000,1.00000,-0.40000,-1.00000,-1.00000,-1.00000,-1.00000,1.00000,1.00000,1,1,1,1,0,0,0,1,0,0
-0.75000,0.00000,-1.00000,0.50000,0.00000,0.00000,0.00000,0.00000,-1.00000,0.00000,-1.00000,0.00000,0.00000,-0.92500,-0.05719,-0.33333,-0.76430,-0.83333,-0.76430,-0.33333,-0.05719,1.00000,1.00000,1.00000,-0.40000,-1.00000,-1.00000,-1.00000,-1.00000,1.00000,1.00000,1,1,1,1,0,0,0,1,0,0
-0.75000,0.00000,-1.00000,0.50000,0.00000,0.00000,0.00000,0.00000,-1.00000,0.00000,-1.00000,0.00000,0.00000,-0.92500,-0.05719,-0.33333,-0.76430,-0.83333,-0.76430,-0.33333,-0.05719,1.00000,1.00000,1.00000,-0.40000,-1.00000,-1.00000,-1.00000,-1.00000,1.00000,1.00000,1,1,1,1,0,0,0,1,0,0
-0.75000,0.00000,-1.00000,0.50000,0.00000,0.00000,0.00000,0.00000,-1.00000,0.00000,-1.00000,0.00000,0.00000,-0.92500,-0.05719,-0.33333,-0.76430,-0.83333,-0.76430,-0.33333,-0.05719,1.00000,1.00000,1.00000,-0.40000,-1.00000,-1.00000,-1.00000,-1.00000,1.00000,1.00000,1,1,1,1,0,0,0,1,0,0
-0.75000,0.00000,-1.00000,0.50000,0.00000,0.00000,0.00000,0.00000,-1.00000,0.00000,-1.00000,0.00000,0.00000,-0.92500,-0.05719,-0.33333,-0.76430,-0.83333,-0.76430,-0.33333,-0.05719,1.00000,1.00000,1.00000,-0.40000,-1.00000,-1.00000,-1.00000,-1.00000,1.00000,1.00000,1,1,1,1,0,0,0,1,0,0
-0.75000,0.00000,-1.00000,0.50000,0.00000,0.00000,0.00000,0.00000,-1.00000,0.00000,-1.00000,0.00000,0.00000,-0.92500,-0.05719,-0.33333,-0.76430,-0.83333,-0.76430,-0.33333,-0.05719,1.00000,1.00000,1.00000,-0.40000,-1.00000,-1.00000,-1.00000,-1.00000,1.00000,1.00000,1,1,1,1,0,0,0,1,0,0
-0.75000,0.00000,-1.00000,0.50000,0.00000,0.00000,0.00000,0.00000,-1.00000,0.00000,-1.00000,0.00000,0.00000,-0.92500,-0.05719,-0.33333,-0.76430,-0.83333,-0.76430,-0.33333,-0.05719,1.00000,1.00000,1.00000,-0.40000,-1.00000,-1.00000,-1.00000,-1.00000,1.00000,1.00000,1,1,1,1,0,0,0,1,0,0
-0.75000,0.00000,-1.00000,0.50000,0.00000,0.00000,0.00000,0.00000,-1.00000,0.00000,-1.00000,0.00000,0.00000,-0.92500,-0.05719,-0.33333,-0.76430,-0.83333,-0.76430,-0.33333,-0.05719,1.00000,1.00000,1.00000,-0.40000,-1.00000,-1.00000,-1.00000,-1.00000,1.00000,1.00000,1,1,1,1,0,0,0,1,0,0
-0.75000,0.00000,-1.00000,0.50000,0.00000,0.00000,0.00000,0.00000,-1.00000,0.00000,-1.00000,0.00000,0.00000,-0.92500,-0.05719,-0.33333,-0.76430,-0.83333,-0.76430,-0.33333,-0.05719,1.00000,1.00000,1.00000,-0.40000,-1.00000,-1.00000,-1.00000,-1.00000,1.00000,1.00000,1,1,1,1,0,0,0,1,0,0
-0.75000,0.00000,-1.00000,0.50000,0.00000,0.00000,0.00000,0.00000,-1.00000,0.00000,-1.00000,0.00000,0.00000,-0.92500,-0.05719,-0.33333,-0.76430,-0.83333,-0.76430,-0.33333,-0.05719,1.00000,1.00000,1.00000,-0.40000,-1.00000,-1.00000,-1.00000,-1.00000,1.00000,1.00000,1,1,1,1,0,0,0,1,0,0
-0.75000,0.00000,-1.00000,0.50000,0.00000,0.00000,0.00000,0.00000,-1.00000,0.00000,-1.00000,0.00000,0.00000,-0.92500,-0.05719,-0.33333,-0.76430,-0.83333,-0.76430,-0.33333,-0.05719,1.00000,1.00000,1.00000,-0.40000,-1.00000,-1.00000,-1.00000,-1.00000,1.00000,1.00000,1,1,1,1,0,0,0,1,0,0
-0.75000,0.00000,-1.00000,0.50000,0.00000,0.00000,0.00000,0.00000,-1.00000,0.00000,-1.00000,0.00000,0.00000,-0.92500,-0.05719,-0.33333,-0.76430,-0.83333,-0.76430,-0.33333,-0.05719,1.00000,1.00000,1.00000,-0.40000,-1.00000,-1.00000,-1.00000,-1.00000,1.00000,1.00000,1,1,1,1,0,0,0,1,0,0
-0.75000,0.00000,-1.00000,0.50000,0.00000,0.00000,0.00000,0.00000,-1.00000,0.00000,-1.00000,0.00000,0.00000,-0.92500,-0.05719,-0.33333,-0.76430,-0.83333,-0.76430,-0.33333,-0.05719,1.00000,1.00000,1.00000,-0.40000,-1.00000,-1.00000,-1.00000,-1.00000,1.00000,1.00000,1,1,1,1,0,0,0,1,0,0
-0.75000,0.00000,-1.00000,0.50000,0.00000,0.00000,0.00000,0.00000,-1.00000,0.00000,-1.00000,0.00000,0.00000,-0.92500,-0.05719,-0.33333,-0.76430,-0.83333,-0.76430,-0.33333,-0.05719,1.00000,1.00000,1.00000,-0.40000,-1.00000,-1.00000,-1.00000,-1.00000,1.00000,1.00000,1,1,1,1,0,0,0,1,0,0
-0.75000,0.00000,-1.00000,0.50000,0.00000,0.00000,0.00000,0.00000,-1.00000,0.00000,-1.00000,0.00000,0.00000,-0.92500,-0.05719,-0.33333,-0.76430,-0.83333,-0.76430,-0.33333,-0.05719,1.00000,1.00000,1.00000,-0.40000,-1.00000,-1.00000,-1.00000,-1.00000,1.00000,1.00000,1,1,1,1,0,0,0,1,0,0
-0.75000,0.00000,-1.00000,0.50000,0.00000,0.00000,0.00000,0.00000,-1.00000,0.00000,-1.00000,0.00000,0.00000,-0.92500,-0.05719,-0.33333,-0.76430,-0.83333,-0.76430,-0.33333,-0.05719,1.00000,1.00000,1.00000,-0.40000,-1.00000,-1.00000,-1.00000,-1.00000,1.00000,1.00000,1,1,1,1,0,0,0,1,0,0
-0.75000,0.00000,-1.00000,0.50000,0.00000,0.00000,0.00000,0.00000,-1.00000,0.00000,-1.00000,0.00000,0.00000,-0.92500,-0.05719,-0.33333,-0.76430,-0.83333,-0.76430,-0.33333,-0.05719,1.00000,1.00000,1.00000,-0.40000,-1.00000,-1.00000,-1.00000,-1.00000,1.00000,1.00000,1,1,1,1,0,0,0,1,0,0
-0.75000,0.00000,-1.00000,0.50000,0.00000,0.00000,0.00000,0.00000,-1.00000,0.00000,-1.00000,0.00000,0.00000,-0.92500,-0.05719,-0.33333,-0.76430,-0.83333,-0.76430,-0.33333,-0.05719,1.00000,1.00000,1.00000,-0.40000,-1.00000,-1.00000,-1.00000,-1.00000,1.00000,1.00000,1,1,1,1,0,0,0,1,0,0
-0.75000,0.00000,-1.00000,0.50000,0.00000,0.00000,0.00000,0.00000,-1.00000,0.00000,-1.00000,0.00000,0.00000,-0.92500,-0.05719,-0.33333,-0.76430,-0.83333,-0.76430,-0.33333,-0.05719,1.00000,1.00000,1.00000,-0.40000,-1.00000,-1.00000,-1.00000,-1.00000,1.00000,1.00000,1,1,1,1,0,0,0,1,0,0
-0.75000,0.00000,-1.00000,0.50000,0.00000,0.00000,0.00000,0.00000,-1.00000,0.00000,-1.00000,0.00000,0.00000,-0.92500,-0.05719,-0.33333,-0.76430,-0.83333,-0.76430,-0.33333,-0.05719,1.00000,1.00000,1.00000,-0.40000,-1.00000,-1.00000,-1.00000,-1.00000,1.00000,1.00000,1,1,1,1,0,0,0,1,0,0
-0.75000,0.00000,-1.00000,0.50000,0.00000,0.00000,0.00000,0.00000,-1.00000,0.00000,-1.00000,0.00000,0.00000,-0.92500,-0.05719,-0.33333,-0.76430,-0.83333,-0.76430,-0.33333,-0.05719,1.00000,1.00000,1.00000,-0.40000,-1.00000,-1.00000,-1.00000,-1.00000,1.00000,1.00000,1,1,1,1,0,0,0,1,0,0
-0.75000,0.00000,-1.00000,0.50000,0.00000,0.00000,0.00000,0.00000,-1.00000,0.00000,-1.00000,0.00000,0.00000,-0.92500,-0.05719,-0.33333,-0.76430,-0.83333,-0.76430,-0.33333,-0.05719,1.00000,1.00000,1.00000,-0.40000,-1.00000,-1.00000,-1.00000,-1.00000,1.00000,1.00000,1,1,1,1,0,0,0,1,0,0
-0.75000,0.00000,-1.00000,0.50000,0.00000,0.00000,0.00000,0.00000,-1.00000,0.00000,-1.00000,0.00000,0.00000,-0.92500,-0.05719,-0.33333,-0.76430,-0.83333,-0.76430,-0.33333,-0.05719,1.00000,1.00000,1.00000,-0.40000,-1.00000,-1.00000,-1.00000,-1.00000,1.00000,1.00000,1,1,1,1,0,0,0,1,0,0
-0.75000,0.00000,-1.00000,0.50000,0.00000,0.00000,0.00000,0.00000,-1.00000,0.00000,-1.00000,0.00000,0.00000,-0.92500,-0.05719,-0.33333,-0.76430,-0.83333,-0.76430,-0.33333,-0.05719,1.00000,1.00000,1.00000,-0.40000,-1.00000,-1.00000,-1.00000,-1.00000,1.00000,1.00000,1,1,1,1,0,0,0,1,0,0
-0.75000,0.00000,-1.00000,0.50000,0.00000,0.00000,0.00000,0.00000,-1.00000,0.00000,-1.00000,0.00000,0.00000,-0.92500,-0.05719,-0.33333,-0.76430,-0.83333,-0.76430,-0.33333,-0.05719,1.00000,1.00000,1.00000,-0.40000,-1.00000,-1.00000,-1.00000,-1.00000,1.00000,1.00000,1,1,1,1,0,0,0,1,0,0
-0.75000,0.00000,-1.00000,0.50000,0.00000,0.00000,0.00000,0.00000,-1.00000,0.00000,-1.00000,0.00000,0.00000,-0.92500,-0.05719,-0.33333,-0.76430,-0.83333,-0.76430,-0.33333,-0.05719,1.00000,1.00000,1.00000,-0.40000,-1.00000,-1.00000,-1.00000,-1.00000,1.00000,1.00000,1,1,1,1,0,0,0,1,0,0
-0.75000,0.00000,-1.00000,0.50000,0.00000,0.00000,0.00000,0.00000,-1.00000,0.00000,-1.00000,0.00000,0.00000,-0.92500,-0.05719,-0.33333,-0.76430,-0.83333,-0.76430,-0.33333,-0.05719,1.00000,1.00000,1.00000,-0.40000,-1.00000,-1.00000,-1.00000,-1.00000,1.00000,1.00000,1,1,1,1,0,0,0,1,0,0
-0.75000,0.00000,-1.00000,0.50000,0.00000,0.00000,0.00000,0.00000,-1.00000,0.00000,-1.00000,0.00000,0.00000,-0.92500,-0.05719,-0.33333,-0.76430,-0.83333,-0.76430,-0.33333,-0.05719,1.00000,1.00000,1.00000,-0.40000,-1.00000,-1.00000,-1.00000,-1.00000,1.00000,1.00000,1,1,1,1,0,0,0,1,0,0
-0.75000,0.00000,-1.00000,0.50000,0.00000,0.00000,0.00000,0.00000,-1.00000,0.00000,-1.00000,0.00000,0.00000,-0.92500,-0.05719,-0.33333,-0.76430,-0.83333,-0.76430,-0.33333,-0.05719,1.00000,1.00000,1.00000,-0.40000,-1.00000,-1.00000,-1.00000,-1.00000,1.00000,1.00000,1,1,1,1,0,0,0,1,0,0
-0.75000,0.00000,-1.00000,0.50000,0.00000,0.00000,0.00000,0.00000,-1.00000,0.00000,-1.00000,0.00000,0.00000,-0.92500,-0.05719,-0.33333,-0.76430,-0.83333,-0.76430,-0.33333,-0.05719,1.00000,1.00000,1.00000,-0.40000,-1.00000,-1.00000,-1.00000,-1.00000,1.00000,1.00000,1,1,1,1,0,0,0,1,0,0
-0.75000,0.00000,-1.00000,0.50000,0.00000,0.00000,0.00000,0.00000,-1.00000,0.00000,-1.00000,0.00000,0.00000,-0.92500,-0.05719,-0.33333,-0.76430,-0.83333,-0.76430,-0.33333,-0.05719,1.00000,1.00000,1.00000,-0.40000,-1.00000,-1.00000,-1.00000,-1.00000,1.00000,1.00000,1,1,1,1,0,0,0,1,0,0
-0.75000,0.00000,-1.00000,0.50000,0.00000,0.00000,0.00000,0.00000,-1.00000,0.00000,-1.00000,0.00000,0.00000,-0.92500,-0.05719,-0.33333,-0.76430,-0.83333,-0.76430,-0.33333,-0.05719,1.00000,1.00000,1.00000,-0.40000,-1.00000,-1.00000,-1.00000,-1.00000,1.00000,1.00000,1,1,1,1,0,0,0,1,0,0
-0.75000,0.00000,-1.00000,0.50000,0.00000,0.00000,0.00000,0.00000,-1.00000,0.00000,-1.00000,0.00000,0.00000,-0.92500,-0.05719,-0.33333,-0.76430,-0.83333,-0.76430,-0.33333,-0.05719,1.00000,1.00000,1.00000,-0.40000,-1.00000,-1.00000,-1.00000,-1.00000,1.00000,1.00000,1,1,1,1,0,0,0,1,0,0
-0.75000,0.00000,-1.00000,0.50000,0.00000,0.00000,0.00000,0.00000,-1.00000,0.00000,-1.00000,0.00000,0.00000,-0.92500,-0.05719,-0.33333,-0.76430,-0.83333,-0.76430,-0.33333,-0.05719,1.00000,1.00000,1.00000,-0.40000,-1.00000,-1.00000,-1.00000,-1.00000,1.00000,1.00000,1,1,1,1,0,0,0,1,0,0
-0.75000,0.00000,-1.00000,0.50000,0.00000,0.00000,0.00000,0.00000,-1.00000,0.00000,-1.00000,0.00000,0.00000,-0.92500,-0.05719,-0.33333,-0.76430,-0.83333,-0.76430,-0.33333,-0.05719,1.00000,1.00000,1.00000,-0.40000,-1.00000,-1.00000,-1.00000,-1.00000,1.00000,1.00000,1,1,1,1,0,0,0,1,0,0
-0.75000,0.00000,-1.00000,0.50000,0.00000,0.00000,0.00000,0.00000,-1.00000,0.00000,-1.00000,0.00000,0.00000,-0.92500,-0.05719,-0.33333,-0.76430,-0.83333,-0.76430,-0.33333,-0.05719,1.00000,1.00000,1.00000,-0.40000,-1.00000,-1.00000,-1.00000,-1.00000,1.00000,1.00000,1,1,1,1,0,0,0,1,0,0
-0.75000,0.00000,-1.00000,0.50000,0.00000,0.00000,0.00000,0.00000,-1.00000,0.00000,-1.00000,0.00000,0.00000,-0.92500,-0.05719,-0.33333,-0.76430,-0.83333,-0.76430,-0.33333,-0.05719,1.00000,1.00000,1.00000,-0.40000,-1.00000,-1.00000,-1.00000,-1.00000,1.00000,1.00000,1,1,1,1,0,0,0,1,0,0
-0.75000,0.00000,-1.00000,0.50000,0.00000,0.00000,0.00000,0.00000,-1.00000,0.00000,-1.00000,0.00000,0.00000,-0.92500,-0.05719,-0.33333,-0.76430,-0.83333,-0.76430,-0.33333,-0.05719,1.00000,1.00000,1.00000,-0.40000,-1.00000,-1.00000,-1.00000,-1.00000,1.00000,1.00000,1,1,1,1,0,0,0,1,0,0
-0.75000,0.00000,-1.00000,0.50000,0.00000,0.00000,0.00000,0.00000,-1.00000,0.00000,-1.00000,0.00000,0.00000,-0.92500,-0.05719,-0.33333,-0.76430,-0.83333,-0.76430,-0.33333,-0.05719,1.00000,1.00000,1.00000,-0.40000,-1.00000,-1.00000,-1.00000,-1.00000,1.00000,1.00000,1,1,1,1,0,0,0,1,0,0
-0.75000,0.00000,-1.00000,0.50000,0.00000,0.00000,0.00000,0.00000,-1.00000,0.00000,-1.00000,0.00000,0.00000,-0.92500,-0.05719,-0.33333,-0.76430,-0.83333,-0.76430,-0.33333,-0.05719,1.00000,1.00000,1.00000,-0.40000,-1.00000,-1.00000,-1.00000,-1.00000,1.00000,1.00000,1,1,1,1,0,0,0,1,0,0
-0.75000,0.00000,-1.00000,0.50000,0.00000,0.00000,0.00000,0.00000,-1.00000,0.00000,-1.00000,0.00000,0.00000,-0.92500,-0.05719,-0.33333,-0.76430,-0.83333,-0.76430,-0.33333,-0.05719,1.00000,1.00000,1.00000,-0.40000,-1.00000,-1.00000,-1.00000,-1.00000,1.00000,1.00000,1,1,1,1,0,0,0,1,0,0
-0.75000,0.00000,-1.00000,0.50000,0.00000,0.00000,0.00000,0.00000,-1.00000,0.00000,-1.00000,0.00000,0.00000,-0.92500,-0.05719,-0.33333,-0.76430,-0.83333,-0.76430,-0.33333,-0.05719,1.00000,1.00000,1.00000,-0.40000,-1.00000,-1.00000,-1.00000,-1.00000,1.00000,1.00000,1,1,1,1,0,0,0,1,0,0
-0.75000,0.00000,-1.00000,0.50000,0.00000,0.00000,0.00000,0.00000,-1.00000,0.00000,-1.00000,0.00000,0.00000,-0.92500,-0.05719,-0.33333,-0.76430,-0.83333,-0.76430,-0.33333,-0.05719,1.00000,1.00000,1.00000,-0.40000,-1.00000,-1.00000,-1.00000,-1.00000,1.00000,1.00000,1,1,1,1,0,0,0,1,0,0
-0.75000,0.00000,-1.00000,0.50000,0.00000,0.00000,0.00000,0.00000,-1.00000,0.00000,-1.00000,0.00000,0.00000,-0.92500,-0.05719,-0.33333,-0.76430,-0.83333,-0.76430,-0.33333,-0.05719,1.00000,1.00000,1.00000,-0.40000,-1.00000,-1.00000,-1.00000,-1.00000,1.00000,1.00000,1,1,1,1,0,0,0,1,0,0
-0.75000,0.00000,-1.00000,0.50000,0.00000,0.00000,0.00000,0.00000,-1.00000,0.00000,-1.00000,0.00000,0.00000,-0.92500,-0.05719,-0.33333,-0.76430,-0.83333,-0.76430,-0.33333,-0.05719,1.00000,1.00000,1.00000,-0.40000,-1.00000,-1.00000,-1.00000,-1.00000,1.00000,1.00000,1,1,1,1,0,0,0,1,0,0
-0.75000,0.00000,-1.00000,0.50000,0.00000,0.00000,0.00000,0.00000,-1.00000,0.00000,-1.00000,0.00000,0.00000,-0.92500,-0.05719,-0.33333,-0.76430,-0.83333,-0.76430,-0.33333,-0.05719,1.00000,1.00000,1.00000,-0.40000,-1.00000,-1.00000,-1.00000,-1.00000,1.00000,1.00000,1,1,1,1,0,0,0,1,0,0
-0.75000,0.00000,-1.00000,0.50000,0.00000,0.00000,0.00000,0.00000,-1.00000,0.00000,-1.00000,0.00000,0.00000,-0.92500,-0.05719,-0.33333,-0.76430,-0.83333,-0.76430,-0.33333,-0.05719,1.00000,1.00000,1.00000,-0.40000,-1.00000,-1.00000,-1.00000,-1.00000,1.00000,1.00000,1,1,1,1,0,0,0,1,0,0
-0.75000,0.00000,-1.00000,0.50000,0.00000,0.00000,0.00000,0.00000,-1.00000,0.00000,-1.00000,0.00000,0.00000,-0.92500,-0.05719,-0.33333,-0.76430,-0.83333,-0.76430,-0.33333,-0.05719,1.00000,1.00000,1.00000,-0.40000,-1.00000,-1.00000,-1.00000,-1.00000,1.00000,1.00000,1,1,1,1,0,0,0,1,0,0
-0.75000,0.00000,-1.00000,0.50000,0.00000,0.00000,0.00000,0.00000,-1.00000,0.00000,-1.00000,0.00000,0.00000,-0.92500,-0.05719,-0.33333,-0.76430,-0.83333,-0.76430,-0.33333,-0.05719,1.00000,1.00000,1.00000,-0.40000,-1.00000,-1.00000,-1.00000,-1.00000,1.00000,1.00000,1,1,1,1,0,0,0,1,0,0
-0.75000,0.00000,-1.00000,0.50000,0.00000,0.00000,0.00000,0.00000,-1.00000,0.00000,-1.00000,0.00000,0.00000,-0.92500,-0.05719,-0.33333,-0.76430,-0.83333,-0.76430,-0.33333,-0.05719,1.00000,1.00000,1.00000,-0.40000,-1.00000,-1.00000,-1.00000,-1.00000,1.00000,1.00000,1,1,1,1,0,0,0,1,0,0
-0.75000,0.00000,-1.00000,0.50000,0.00000,0.00000,0.00000,0.00000,-1.00000,0.00000,-1.00000,0.00000,0.00000,-0.92500,-0.05719,-0.33333,-0.76430,-0.83333,-0.76430,-0.33333,-0.05719,1.00000,1.00000,1.00000,-0.40000,-1.00000,-1.00000,-1.00000,-1.00000,1.00000,1.00000,1,1,1,1,0,0,0,1,0,0
-0.75000,0.00000,-1.00000,0.50000,0.00000,0.00000,0.00000,0.00000,-1.00000,0.00000,-1.00000,0.00000,0.00000,-0.92500,-0.05719,-0.33333,-0.76430,-0.83333,-0.76430,-0.33333,-0.05719,1.00000,1.00000,1.00000,-0.40000,-1.00000,-1.00000,-1.00000,-1.00000,1.00000,1.00000,1,1,1,1,0,0,0,1,0,0
-0.75000,0.00000,-1.00000,0.50000,0.00000,0.00000,0.00000,0.00000,-1.00000,0.00000,-1.00000,0.00000,0.00000,-0.92500,-0.05719,-0.33333,-0.76430,-0.83333,-0.76430,-0.33333,-0.05719,1.00000,1.00000,1.00000,-0.40000,-1.00000,-1.00000,-1.00000,-1.00000,1.00000,1.00000,1,1,1,1,0,0,0,1,0,0
-0.75000,0.00000,-1.00000,0.50000,0.00000,0.00000,0.00000,0.00000,-1.00000,0.00000,-1.00000,0.00000,0.00000,-0.92500,-0.05719,-0.33333,-0.76430,-0.83333,-0.76430,-0.33333,-0.05719,1.00000,1.00000,1.00000,-0.40000,-1.00000,-1.00000,-1.00000,-1.00000,1.00000,1.00000,1,1,1,1,0,0,0,1,0,0
-0.75000,0.00000,-1.00000,0.50000,0.00000,0.00000,0.00000,0.00000,-1.00000,0.00000,-1.00000,0.00000,0.00000,-0.92500,-0.05719,-0.33333,-0.76430,-0.83333,-0.76430,-0.33333,-0.05719,1.00000,1.00000,1.00000,-0.40000,-1.00000,-1.00000,-1.00000,-1.00000,1.00000,1.00000,1,1,1,1,0,0,0,1,0,0
-0.75000,0.00000,-1.00000,0.50000,0.00000,0.00000,0.00000,0.00000,-1.00000,0.00000,-1.00000,0.00000,0.00000,-0.92500,-0.05719,-0.33333,-0.76430,-0.83333,-0.76430,-0.33333,-0.05719,1.00000,1.00000,1.00000,-0.40000,-1.00000,-1.00000,-1.00000,-1.00000,1.00000,1.00000,1,1,1,1,0,0,0,1,0,0
-0.75000,0.00000,-1.00000,0.50000,0.00000,0.00000,0.00000,0.00000,-1.00000,0.00000,-1.00000,0.00000,0.00000,-0.92500,-0.05719,-0.33333,-0.76430,-0.83333,-0.76430,-0.33333,-0.05719,1.00000,1.00000,1.00000,-0.40000,-1.00000,-1.00000,-1.00000,-1.00000,1.00000,1.00000,1,1,1,1,0,0,0,1,0,0
-0.75000,0.00000,-1.00000,0.50000,0.00000,0.00000,0.00000,0.00000,-1.00000,0.00000,-1.00000,0.00000,0.00000,-0.92500,-0.05719,-0.33333,-0.76430,-0.83333,-0.76430,-0.33333,-0.05719,1.00000,1.00000,1.00000,-0.40000,-1.00000,-1.00000,-1.00000,-1.00000,1.00000,1.00000,1,1,1,1,0,0,0,1,0,0
-0.75000,0.00000,-1.00000,0.50000,0.00000,0.00000,0.00000,0.00000,-1.00000,0.00000,-1.00000,0.00000,0.00000,-0.92500,-0.05719,-0.33333,-0.76430,-0.83333,-0.76430,-0.33333,-0.05719,1.00000,1.00000,1.00000,-0.40000,-1.00000,-1.00000,-1.00000,-1.00000,1.00000,1.00000,1,1,1,1,0,0,0,1,0,0
-0.75000,0.00000,-1.00000,0.50000,0.00000,0.00000,0.00000,0.00000,-1.00000,0.00000,-1.00000,0.00000,0.00000,-0.92500,-0.05719,-0.33333,-0.76430,-0.83333,-0.76430,-0.33333,-0.05719,1.00000,1.00000,1.00000,-0.40000,-1.00000,-1.00000,-1.00000,-1.00000,1.00000,1.00000,1,1,1,1,0,0,0,1,0,0
-0.75000,0.00000,-1.00000,0.50000,0.00000,0.00000,0.00000,0.00000,-1.00000,0.00000,-1.00000,0.00000,0.00000,-0.92500,-0.05719,-0.33333,-0.76430,-0.83333,-0.76430,-0.33333,-0.05719,1.00000,1.00000,1.00000,-0.40000,-1.00000,-1.00000,-1.00000,-1.00000,1.00000,1.00000,1,1,1,1,0,0,0,1,0,0
-0.80000,0.00000,-1.00000,0.50000,0.00000,0.00000,0.00000,0.00000,-1.00000,0.00000,-1.00000,0.00000,0.00000,-0.69500,-0.88215,-0.55833,-0.81144,-0.86667,-0.81144,-0.55833,-0.88215,1.00000,1.00000,1.00000,-0.40000,-1.00000,-1.00000,-1.00000,-1.00000,1.00000,1.00000,2,1,1,1,0,0,0,1,0,0
-0.78500,0.00000,-1.00000,0.50000,0.00000,0.00000,0.00000,0.00000,-1.00000,0.00000,-1.00000,0.00000,0.00000,-0.70500,-0.88215,-0.55833,-0.79730,-0.85667,-0.79730,-0.55833,-0.88215,1.00000,1.00000,1.00000,-0.40000,-1.00000,-1.00000,-1.00000,-1.00000,1.00000,1.00000,2,1,1,1,0,0,0,1,0,0
-0.77000,0.00000,-1.00000,0.50000,0.00000,0.00000,0.00000,0.00000,-1.00000,0.00000,-1.00000,0.00000,0.00000,-0.71500,-0.88215,-0.55833,-0.78315,-0.84667,-0.78315,-0.55833,-0.88215,1.00000,1.00000,1.00000,-0.40000,-1.00000,-1.00000,-1.00000,-1.00000,1.00000,1.00000,2,1,1,1,0,0,0,1,0,0
-0.75500,0.00000,-1.00000,0.50000,0.00000,0.00000,0.00000,0.00000,-1.00000,0.00000,-1.00000,0.00000,0.00000,-0.72500,-0.88215,-0.55833,-0.76901,-0.83667,-0.76901,-0.55833,-0.88215,1.00000,1.00000,1.00000,-0.40000,-1.00000,-1.00000,-1.00000,-1.00000,1.00000,1.00000,2,1,1,1,0,0,0,1,0,0
-0.74000,0.00000,-1.00000,0.50000,0.00000,0.00000,0.00000,0.00000,-1.00000,0.00000,-1.00000,0.00000,0.00000,-0.73500,-0.37539,-0.55833,-0.75487,-0.82667,-0.75487,-0.55833,-0.37539,1.00000,1.00000,1.00000,-0.40000,-1.00000,-1.00000,-1.00000,-1.00000,1.00000,1.00000,2,1,1,1,0,0,0,1,0,0
-0.72500,0.00000,-1.00000,0.50000,0.00000,0.00000,0.00000,0.00000,-1.00000,0.00000,-1.00000,0.00000,0.00000,-0.74500,-0.37539,-0.55833,-0.74073,-0.81667,-0.74073,-0.55833,-0.37539,1.00000,1.00000,1.00000,-0.40000,-1.00000,-1.00000,-1.00000,-1.00000,1.00000,1.00000,2,1,1,1,0,0,0,1,0,0
-0.71000,0.00000,-1.00000,0.50000,0.00000,0.00000,0.00000,0.00000,-1.00000,0.00000,-1.00000,0.00000,0.00000,-0.75500,-0.37539,-0.55833,-0.72659,-0.80667,-0.72659,-0.55833,-0.37539,1.00000,1.00000,1.00000,-0.40000,-1.00000,-1.00000,-1.00000,-1.00000,1.00000,1.00000,2,1,1,1,0,0,0,1,0,0
-0.69500,0.00000,-1.00000,0.50000,0.00000,0.00000,0.00000,0.00000,-1.00000,0.00000,-1.00000,0.00000,0.00000,-0.76500,-0.37539,-0.55833,-0.71244,-0.79667,-0.71244,-0.55833,-0.37539,1.00000,1.00000,1.00000,-0.40000,-1.00000,-1.00000,-1.00000,-1.00000,1.00000,1.00000,2,1,1,1,0,0,0,1,0,0
-0.68000,0.00000,-1.00000,0.50000,0.00000,0.00000,0.00000,0.00000,-1.00000,0.00000,-1.00000,0.00000,0.00000,-0.77500,-0.37539,-0.55833,-0.69830,-0.78667,-0.69830,-0.55833,-0.37539,1.00000,1.00000,1.00000,-0.40000,-1.00000,-1.00000,-1.00000,-1.00000,1.00000,1.00000,2,1,1,1,0,0,0,1,0,0
-0.66500,0.00000,-1.00000,0.50000,0.00000,0.00000,0.00000,0.00000,-1.00000,0.00000,-1.00000,0.00000,0.00000,-0.78500,-0.69594,-0.91667,-0.68416,-0.77667,-0.68416,-0.91667,-0.69594,1.00000,1.00000,1.00000,-0.40000,-1.00000,-1.00000,-1.00000,-1.00000,1.00000,1.00000,2,1,1,1,0,0,0,1,0,0
-0.65000,0.00000,-1.00000,0.50000,0.00000,0.00000,0.00000,0.00000,-1.00000,0.00000,-1.00000,0.00000,0.00000,-0.79500,-0.71009,-0.91667,-0.67002,-0.76667,-0.67002,-0.91667,-0.71009,1.00000,1.00000,1.00000,-0.40000,-1.00000,-1.00000,-1.00000,-1.00000,1.00000,1.00000,2,1,1,1,0,0,0,1,0,0
-0.63500,0.00000,-1.00000,0.50000,0.00000,0.00000,0.00000,0.00000,-1.00000,0.00000,-1.00000,0.00000,0.00000,-0.80500,-0.72423,-0.91667,-0.65587,-0.75667,-0.65587,-0.91667,-0.72423,1.00000,1.00000,1.00000,-0.40000,-1.00000,-1.00000,-1.00000,-1.00000,1.00000,1.00000,2,1,1,1,0,0,0,1,0,0
-0.62000,0.00000,-1.00000,0.50000,0.00000,0.00000,0.00000,0.00000,-1.00000,0.00000,-1.00000,0.00000,0.00000,-0.81500,-0.73837,-0.55833,-0.64173,-0.74667,-0.64173,-0.55833,-0.73837,1.00000,1.00000,1.00000,-0.40000,-1.00000,-1.00000,-1.00000,-1.00000,1.00000,1.00000,2,1,1,1,0,0,0,1,0,0
-0.60500,0.00000,-1.00000,0.50000,0.00000,0.00000,0.00000,0.00000,-1.00000,0.00000,-1.00000,0.00000,0.00000,-0.82500,-0.75251,-0.55833,-0.62759,-0.73667,-0.62759,-0.55833,-0.75251,1.00000,1.00000,1.00000,-0.40000,-1.00000,-1.00000,-1.00000,-1.00000,1.00000,1.00000,2,1,1,1,0,0,0,1,0,0
-0.59000,0.00000,-1.00000,0.50000,0.00000,0.00000,0.00000,0.00000,-1.00000,0.00000,-1.00000,0.00000,0.00000,-0.83500,-0.76665,-0.55833,-0.61345,-0.72667,-0.61345,-0.55833,-0.76665,1.00000,1.00000,1.00000,-0.40000,-1.00000,-1.00000,-1.00000,-1.00000,1.00000,1.00000,2,1,1,1,0,0,0,1,0,0
-0.57500,0.00000,-1.00000,0.50000,0.00000,0.00000,0.00000,0.00000,-1.00000,0.00000,-1.00000,0.00000,0.00000,-0.84500,-0.78080,-0.55833,-0.59931,-0.71667,-0.59931,-0.55833,-0.78080,1.00000,1.00000,1.00000,-0.40000,-1.00000,-1.00000,-1.00000,-1.00000,1.00000,1.00000,2,1,1,1,0,0,0,1,0,0
-0.56000,0.00000,-1.00000,0.50000,0.00000,0.00000,0.00000,0.00000,-1.00000,0.00000,-1.00000,0.00000,0.00000,-0.85500,-0.79494,-0.55833,-0.58516,-0.70667,-0.58516,-0.55833,-0.79494,1.00000,1.00000,1.00000,-0.40000,-1.00000,-1.00000,-1.00000,-1.00000,1.00000,1.00000,2,1,1,1,0,0,0,1,0,0
-0.54500,0.00000,-1.00000,0.50000,0.00000,0.00000,0.00000,0.00000,-1.00000,0.00000,-1.00000,0.00000,0.00000,-0.86500,-0.80908,-0.55833,-0.88215,-0.69667,-0.88215,-0.55833,-0.80908,1.00000,1.00000,1.00000,-0.40000,-1.00000,-1.00000,-1.00000,-1.00000,1.00000,1.00000,2,1,1,1,0,0,0,1,0,0
-0.53000,0.00000,-1.00000,0.50000,0.00000,0.00000,0.00000,0.00000,-1.00000,0.00000,-1.00000,0.00000,0.00000,-0.87500,-0.82322,-0.55833,-0.88215,-0.68667,-0.88215,-0.55833,-0.82322,1.00000,1.00000,1.00000,-0.40000,-1.00000,-1.00000,-1.00000,-1.00000,1.00000,1.00000,2,1,1,1,0,0,0,1,0,0
-0.51500,0.00000,-1.00000,0.50000,0.00000,0.00000,0.00000,0.00000,-1.00000,0.00000,-1.00000,0.00000,0.00000,-0.88500,-0.83737,-0.55833,-0.88215,-0.67667,-0.88215,-0.55833,-0.83737,1.00000,1.00000,1.00000,-0.40000,-1.00000,-1.00000,-1.00000,-1.00000,1.00000,1.00000,2,1,1,1,0,0,0,1,0,0
-0.50000,0.00000,-1.00000,0.50000,0.00000,0.00000,0.00000,0.00000,-1.00000,0.00000,-1.00000,0.00000,0.00000,-0.89500,-0.85151,-0.55833,-0.88215,-0.66667,-0.88215,-0.55833,-0.85151,1.00000,1.00000,1.00000,-0.40000,-1.00000,-1.00000,-1.00000,-1.00000,1.00000,1.00000,2,1,1,1,0,0,0,1,0,0
-0.48500,0.00000,-1.00000,0.50000,0.00000,0.00000,0.00000,0.00000,-1.00000,0.00000,-1.00000,0.00000,0.00000,-0.90500,-0.86565,-0.55833,-0.86801,-0.65667,-0.86801,-0.55833,-0.86565,1.00000,1.00000,1.00000,-0.40000,-1.00000,-1.00000,-1.00000,-1.00000,1.00000,1.00000,2,1,1,1,0,0,0,1,0,0
-0.47000,0.00000,-1.00000,0.50000,0.00000,0.00000,0.00000,0.00000,-1.00000,0.00000,-1.00000,0.00000,0.00000,-0.91500,-0.87979,-0.55833,-0.85386,-0.64667,-0.85386,-0.55833,-0.87979,1.00000,1.00000,1.00000,-0.40000,-1.00000,-1.00000,-1.00000,-1.00000,1.00000,1.00000,2,1,1,1,0,0,0,1,0,0
-0.45500,0.00000,-1.00000,0.50000,0.00000,0.00000,0.00000,0.00000,-1.00000,0.00000,-1.00000,0.00000,0.00000,-0.92500,-0.89393,-0.55833,-0.83972,-0.63667,-0.83972,-0.55833,-0.89393,1.00000,1.00000,1.00000,-0.40000,-1.00000,-1.00000,-1.00000,-1.00000,1.00000,1.00000,2,1,1,1,0,0,0,1,0,0
-0.44000,0.00000,-1.00000,0.50000,0.00000,0.00000,0.00000,0.00000,-1.00000,0.00000,-1.00000,0.00000,0.00000,-0.93500,-0.90808,-0.55833,-0.82558,-0.62667,-0.82558,-0.55833,-0.90808,1.00000,1.00000,1.00000,-0.40000,-1.00000,-1.00000,-1.00000,-1.00000,1.00000,1.00000,2,1,1,1,0,0,0,1,0,0
-0.42500,0.00000,-1.00000,0.50000,0.00000,0.00000,0.00000,0.00000,-1.00000,0.00000,-1.00000,0.00000,0.00000,-0.94500,-0.92222,-0.55833,-0.81144,-0.61667,-0.81144,-0.55833,-0.92222,1.00000,1.00000,1.00000,-0.40000,-1.00000,-1.00000,-1.00000,-1.00000,1.00000,1.00000,2,1,1,1,0,0,0,1,0,0
-0.41000,0.00000,-1.00000,0.50000,0.00000,0.00000,0.00000,0.00000,-1.00000,0.00000,-1.00000,0.00000,0.00000,-0.95500,-0.93636,-0.55833,-0.79730,-0.60667,-0.79730,-0.55833,-0.93636,1.00000,1.00000,1.00000,-0.40000,-1.00000,-1.00000,-1.00000,-1.00000,1.00000,1.00000,2,1,1,1,0,0,0,1,0,0
-0.39500,0.00000,-1.00000,0.50000,0.00000,0.00000,0.00000,0.00000,-1.00000,0.00000,-1.00000,0.00000,0.00000,-0.96500,-0.95050,-0.55833,-0.78315,-0.59667,-0.78315,-0.55833,-0.95050,1.00000,1.00000,1.00000,-0.40000,-1.00000,-1.00000,-1.00000,-1.00000,1.00000,1.00000,2,1,1,1,0,0,0,1,0,0
-0.38000,0.00000,-1.00000,0.50000,0.00000,0.00000,0.00000,0.00000,-1.00000,0.00000,-1.00000,0.00000,0.00000,-0.97500,-0.96464,-0.55833,-0.76901,-0.58667,-0.76901,-0.55833,-0.96464,1.00000,1.00000,1.00000,-0.40000,-1.00000,-1.00000,-1.00000,-1.00000,1.00000,1.00000,2,1,1,1,0,0,0,1,0,0
-0.36500,0.00000,-1.00000,0.50000,0.00000,0.00000,0.00000,0.00000,-1.00000,0.00000,-1.00000,0.00000,0.00000,-0.98500,-0.97879,-0.55833,-0.75487,-0.57667,-0.75487,-0.55833,-0.97879,1.00000,1.00000,1.00000,-0.40000,-1.00000,-1.00000,-1.00000,-1.00000,1.00000,1.00000,2,1,1,1,0,0,0,1,0,0
-0.36125,0.00000,-1.00000,0.50000,0.00000,0.00000,0.00000,0.00000,-1.00000,0.00000,-1.00000,0.00000,0.00000,-0.98750,-0.98232,-0.55833,-0.75133,-0.57417,-0.75133,-0.55833,-0.98232,1.00000,1.00000,1.00000,-0.40000,-1.00000,-1.00000,-1.00000,-1.00000,1.00000,1.00000,2,1,1,1,0,0,0,1,0,0
-0.36125,0.00000,-1.00000,0.50000,0.00000,0.00000,0.00000,0.00000,-1.00000,0.00000,-1.00000,0.00000,0.00000,-0.98750,-0.98232,-0.55833,-0.75133,-0.57417,-0.75133,-0.55833,-0.98232,1.00000,1.00000,1.00000,-0.40000,-1.00000,-1.00000,-1.00000,-1.00000,1.00000,1.00000,2,1,1,1,0,0,0,1,0,0
-0.36125,0.00000,-1.00000,0.50000,0.00000,0.00000,0.00000,0.00000,-1.00000,0.00000,-1.00000,0.00000,0.00000,-0.98750,-0.98232,-0.55833,-0.75133,-0.57417,-0.75133,-0.55833,-0.98232,1.00000,1.00000,1.00000,-0.40000,-1.00000,-1.00000,-1.00000,-1.00000,1.00000,1.00000,2,1,1,1,0,0,0,1,0,0
-0.36125,0.00000,-1.00000,0.50000,0.00000,0.00000,0.00000,0.00000,-1.00000,0.00000,-1.00000,0.00000,0.00000,-0.98750,-0.98232,-0.55833,-0.75133,-0.57417,-0.75133,-0.55833,-0.98232,1.00000,1.00000,1.00000,-0.40000,-1.00000,-1.00000,-1.00000,-1.00000,1.00000,1.00000,2,1,0,1,0,0,0,1,0,0
-0.36125,0.00224,-1.00000,0.44270,0.00000,0.00000,0.00000,0.00000,-1.00000,0.00000,-1.00000,0.00000,0.00000,-0.98729,-0.98480,-0.93018,-0.46151,-0.56717,-0.78616,-0.55222,-0.97804,1.00000,1.00000,1.00000,-0.40000,-1.00000,-1.00000,-1.00000,-1.00000,1.00000,1.00000,2,1,2,1,0,0,0,1,0,0
-0.36125,0.00359,-1.00000,0.50000,0.00000,0.00000,0.00000,0.00000,-1.00000,0.00000,-1.00000,0.00000,0.00000,-0.98750,-0.98232,-0.55654,-0.75133,-0.57417,-0.75133,-0.56013,-0.98232,1.00000,1.00000,1.00000,-0.40000,-1.00000,-1.00000,-1.00000,-1.00000,1.00000,1.00000,2,1,0,1,0,0,0,1,0,0
-0.36125,0.00583,-1.00000,0.44270,0.00000,0.00000,0.00000,0.00000,-1.00000,0.00000,-1.00000,0.00000,0.00000,-0.98729,-0.98480,-0.93018,-0.45933,-0.56717,-0.78616,-0.55404,-0.97804,1.00000,1.00000,1.00000,-0.40000,-1.00000,-1.00000,-1.00000,-1.00000,1.00000,1.00000,2,1,2,1,0,0,0,1,0,0
-0.36125,0.00718,-1.00000,0.50000,0.00000,0.00000,0.00000,0.00000,-1.00000,0.00000,-1.00000,0.00000,0.00000,-0.98750,-0.98232,-0.55474,-0.75133,-0.57417,-0.75133,-0.56192,-0.98232,1.00000,1.00000,1.00000,-0.40000,-1.00000,-1.00000,-1.00000,-1.00000,1.00000,1.00000,2,1,0,1,0,0,0,1,0,0
-0.36125,0.00942,-1.00000,0.44270,0.00000,0.00000,0.00000,0.00000,-1.00000,0.00000,-1.00000,0.00000,0.00000,-0.98729,-0.98480,-0.93018,-0.69103,-0.56717,-0.78616,-0.55587,-0.97804,1.00000,1.00000,1.00000,-0.40000,-1.00000,-1.00000,-1.00000,-1.00000,1.00000,1.00000,2,1,2,1,0,0,0,1,0,0
-0.36125,0.01077,-1.00000,0.50000,0.00000,0.00000,0.00000,0.00000,-1.00000,0.00000,-1.00000,0.00000,0.00000,-0.98750,-0.98232,-0.55295,-0.75133,-0.57417,-0.75133,-0.56372,-0.98232,1.00000,1.00000,1.00000,-0.40000,-1.00000,-1.00000,-1.00000,-1.00000,1.00000,1.00000,2,1,0,1,0,0,0,1,0,0
-0.36125,0.01301,-1.00000,0.44270,0.00000,0.00000,0.00000,0.00000,-1.00000,0.00000,-1.00000,0.00000,0.00000,-0.98729,-0.98480,-0.93018,-0.69103,-0.56717,-0.78616,-0.55769,-0.97804,1.00000,1.00000,1.00000,-0.40000,-1.00000,-1.00000,-1.00000,-1.00000,1.00000,1.00000,2,1,2,1,0,0,0,1,0,0
-0.36125,0.01436,-1.00000,0.50000,0.00000,0.00000,0.00000,0.00000,-1.00000,0.00000,-1.00000,0.00000,0.00000,-0.98750,-0.98232,-0.55115,-0.75133,-0.57417,-0.75133,-0.56551,-0.98232,1.00000,1.00000,1.00000,-0.40000,-1.00000,-1.00000,-1.00000,-1.00000,1.00000,1.00000,2,1,0,1,0,0,0,1,0,0
-0.36125,0.01660,-1.00000,0.44270,0.00000,0.00000,0.00000,0.00000,-1.00000,0.00000,-1.00000,0.00000,0.00000,-0.98729,-0.98480,-0.93018,-0.69103,-0.56717,-0.78616,-0.55952,-0.97804,1.00000,1.00000,1.00000,-0.40000,-1.00000,-1.00000,-1.00000,-1.00000,1.00000,1.00000,2,1,2,1,0,0,0,1,0,0
-0.36125,0.01795,-1.00000,0.50000,0.00000,0.00000,0.00000,0.00000,-1.00000,0.00000,-1.00000,0.00000,0.00000,-0.98750,-0.98232,-0.54936,-0.75133,-0.57417,-0.75133,-0.56731,-0.98232,1.00000,1.00000,1.00000,-0.40000,-1.00000,-1.00000,-1.00000,-1.00000,1.00000,1.00000,2,1,0,1,0,0,0,1,0,0
-0.36125,0.02019,-1.00000,0.44270,0.00000,0.00000,0.00000,0.00000,-1.00000,0.00000,-1.00000,0.00000,0.00000,-0.98729,-0.98480,-0.93018,-0.69103,-0.56717,-0.78616,-0.56134,-0.97804,1.00000,1.00000,1.00000,-0.40000,-1.00000,-1.00000,-1.00000,-1.00000,1.00000,1.00000,2,1,2,1,0,0,0,1,0,0
-0.36125,0.02154,-1.00000,0.50000,0.00000,0.00000,0.00000,0.00000,-1.00000,0.00000,-1.00000,0.00000,0.00000,-0.98750,-0.98232,-0.54756,-0.75133,-0.57417,-0.75133,-0.56910,-0.98232,1.00000,1.00000,1.00000,-0.40000,-1.00000,-1.00000,-1.00000,-1.00000,1.00000,1.00000,2,1,0,1,0,0,0,1,0,0
-0.36125,0.02378,-1.00000,0.44270,0.00000,0.00000,0.00000,0.00000,-1.00000,0.00000,-1.00000,0.00000,0.00000,-0.98729,-0.98480,-0.93018,-0.69103,-0.56717,-0.78616,-0.56317,-0.97804,1.00000,1.00000,1.00000,-0.40000,-1.00000,-1.00000,-1.00000,-1.00000,1.00000,1.00000,2,1,2,1,0,0,0,1,0,0
-0.36125,0.02513,-1.00000,0.50000,0.00000,0.00000,0.00000,0.00000,-1.00000,0.00000,-1.00000,0.00000,0.00000,-0.98750,-0.98232,-0.54577,-0.75133,-0.57417,-0.75133,-0.57090,-0.98232,1.00000,1.00000,1.00000,-0.40000,-1.00000,-1.00000,-1.00000,-1.00000,1.00000,1.00000,2,1,0,1,0,0,0,1,0,0
-0.36125,0.02737,-1.00000,0.44270,0.00000,0.00000,0.00000,0.00000,-1.00000,0.00000,-1.00000,0.00000,0.00000,-0.98729,-0.98480,-0.93018,-0.69103,-0.56717,-0.78616,-0.56499,-0.97804,1.00000,1.00000,1.00000,-0.40000,-1.00000,-1.00000,-1.00000,-1.00000,1.00000,1.00000,2,1,2,1,0,0,0,1,0,0
-0.36125,0.02872,-1.00000,0.50000,0.00000,0.00000,0.00000,0.00000,-1.00000,0.00000,-1.00000,0.00000,0.00000,-0.98750,-0.98232,-0.54397,-0.75133,-0.57417,-0.75133,-0.57269,-0.98232,1.00000,1.00000,1.00000,-0.40000,-1.00000,-1.00000,-1.00000,-1.00000,1.00000,1.00000,2,1,0,1,0,0,0,1,0,0
-0.36125,0.03096,-1.00000,0.44270,0.00000,0.00000,0.00000,0.00000,-1.00000,0.00000,-1.00000,0.00000,0.00000,-0.98729,-0.98480,-0.93018,-0.69103,-0.56717,-0.78616,-0.56681,-0.97804,1.00000,1.00000,1.00000,-0.40000,-1.00000,-1.00000,-1.00000,-1.00000,1.00000,1.00000,2,1,2,1,0,0,0,1,0,0
-0.36125,0.03231,-1.00000,0.50000,0.00000,0.00000,0.00000,0.00000,-1.00000,0.00000,-1.00000,0.00000,0.00000,-0.98750,-0.98232,-0.54218,-0.75133,-0.57417,-0.75133,-0.57449,-0.98232,1.00000,1.00000,1.00000,-0.40000,-1.00000,-1.00000,-1.00000,-1.00000,1.00000,1.00000,2,1,0,1,0,0,0,1,0,0
-0.36125,0.03455,-1.00000,0.44270,0.00000,0.00000,0.00000,0.00000,-1.00000,0.00000,-1.00000,0.00000,0.00000,-0.98729,-0.98480,-0.93018,-0.69103,-0.56717,-0.78616,-0.56864,-0.97804,1.00000,1.00000,1.00000,-0.40000,-1.00000,-1.00000,-1.00000,-1.00000,1.00000,1.00000,2,1,2,1,0,0,0,1,0,0
-0.36125,0.03590,-1.00000,0.50000,0.00000,0.00000,0.00000,0.00000,-1.00000,0.00000,-1.00000,0.00000,0.00000,-0.98750,-0.98232,-0.54038,-0.75133,-0.57417,-0.75133,-0.57628,-0.98232,1.00000,1.00000,1.00000,-0.40000,-1.00000,-1.00000,-1.00000,-1.00000,1.00000,1.00000,2,1,0,1,0,0,0,1,0,0
-0.36125,0.03814,-1.00000,0.44270,0.00000,0.00000,0.00000,0.00000,-1.00000,0.00000,-1.00000,0.00000,0.00000,-0.98729,-0.98480,-0.93018,-0.69103,-0.56717,-0.78616,-0.57046,-0.97804,1.00000,1.00000,1.00000,-0.40000,-1.00000,-1.00000,-1.00000,-1.00000,1.00000,1.00000,2,1,2,1,0,0,0,1,0,0
-0.36125,0.03949,-1.00000,0.50000,0.00000,0.00000,0.00000,0.00000,-1.00000,0.00000,-1.00000,0.00000,0.00000,-0.98750,-0.98232,-0.53859,-0.75133,-0.57417,-0.75133,-0.57808,-0.98232,1.00000,1.00000,1.00000,-0.40000,-1.00000,-1.00000,-1.00000,-1.00000,1.00000,1.00000,2,1,0,1,0,0,0,1,0,0
-0.36125,0.04173,-1.00000,0.44270,0.00000,0.00000,0.00000,0.00000,-1.00000,0.00000,-1.00000,0.00000,0.00000,-0.98729,-0.98480,-0.93018,-0.69103,-0.56717,-0.78616,-0.57229,-0.97804,1.00000,1.00000,1.00000,-0.40000,-1.00000,-1.00000,-1.00000,-1.00000,1.00000,1.00000,2,1,2,1,0,0,0,1,0,0
-0.36125,0.04308,-1.00000,0.50000,0.00000,0.00000,0.00000,0.00000,-1.00000,0.00000,-1.00000,0.00000,0.00000,-0.98750,-0.98232,-0.53680,-0.75133,-0.57417,-0.75133,-0.57987,-0.98232,1.00000,1.00000,1.00000,-0.40000,-1.00000,-1.00000,-1.00000,-1.00000,1.00000,1.00000,2,1,0,1,0,0,0,1,0,0
-0.36125,0.04532,-1.00000,0.44270,0.00000,0.00000,0.00000,0.00000,-1.00000,0.00000,-1.00000,0.00000,0.00000,-0.98729,-0.98480,-0.93018,-0.69103,-0.56717,-0.78616,-0.57411,-0.97804,1.00000,1.00000,1.00000,-0.40000,-1.00000,-1.00000,-1.00000,-1.00000,1.00000,1.00000,2,1,2,1,0,0,0,1,0,0
-0.36125,0.04667,-1.00000,0.50000,0.00000,0.00000,0.00000,0.00000,-1.00000,0.00000,-1.00000,0.00000,0.00000,-0.98750,-0.98232,-0.53500,-0.75133,-0.57417,-0.75133,-0.58167,-0.98232,1.00000,1.00000,1.00000,-0.40000,-1.00000,-1.00000,-1.00000,-1.00000,1.00000,1.00000,2,1,0,1,0,0,0,1,0,0
-0.36125,0.04891,-1.00000,0.44270,0.00000,0.00000,0.00000,0.00000,-1.00000,0.00000,-1.00000,0.00000,0.00000,-0.98729,-0.98480,-0.93018,-0.69103,-0.56717,-0.78616,-0.57594,-0.97804,1.00000,1.00000,1.00000,-0.40000,-1.00000,-1.00000,-1.00000,-1.00000,1.00000,1.00000,2,1,2,1,0,0,0,1,0,0
-0.36125,0.05026,-1.00000,0.50000,0.00000,0.00000,0.00000,0.00000,-1.00000,0.00000,-1.00000,0.00000,0.00000,-0.98750,-0.98232,-0.53321,-0.75133,-0.57417,-0.75133,-0.58346,-0.98232,1.00000,1.00000,1.00000,-0.40000,-1.00000,-1.00000,-1.00000,-1.00000,1.00000,1.00000,2,1,0,1,0,0,0,1,0,0
-0.36125,0.05250,-1.00000,0.44270,0.00000,0.00000,0.00000,0.00000,-1.00000,0.00000,-1.00000,0.00000,0.00000,-0.98729,-0.98480,-0.93018,-0.69103,-0.56717,-0.78616,-0.57776,-0.97804,1.00000,1.00000,1.00000,-0.40000,-1.00000,-1.00000,-1.00000,-1.00000,1.00000,1.00000,2,1,2,1,0,0,0,1,0,0
-0.36125,0.05385,-1.00000,0.50000,0.00000,0.00000,0.00000,0.00000,-1.00000,0.00000,-1.00000,0.00000,0.00000,-0.98750,-0.98232,-0.53141,-0.75133,-0.57417,-0.75133,-0.58526,-0.98232,1.00000,1.00000,1.00000,-0.40000,-1.00000,-1.00000,-1.00000,-1.00000,1.00000,1.00000,2,1,0,1,0,0,0,1,0,0
-0.36125,0.05609,-1.00000,0.44270,0.00000,0.00000,0.00000,0.00000,-1.00000,0.00000,-1.00000,0.00000,0.00000,-0.98729,-0.98480,-0.93018,-0.69103,-0.56717,-0.78616,-0.57958,-0.97804,1.00000,1.00000,1.00000,-0.40000,-1.00000,-1.00000,-1.00000,-1.00000,1.00000,1.00000,2,1,2,1,0,0,0,1,0,0
-0.36125,0.05743,-1.00000,0.50000,0.00000,0.00000,0.00000,0.00000,-1.00000,0.00000,-1.00000,0.00000,0.00000,-0.98750,-0.98232,-0.52962,-0.75133,-0.57417,-0.75133,-0.58705,-0.98232,1.00000,1.00000,1.00000,-0.40000,-1.00000,-1.00000,-1.00000,-1.00000,1.00000,1.00000,2,1,1,1,0,0,0,1,0,0
-0.36125,0.05743,-1.00000,0.50000,0.00000,0.00000,0.00000,0.00000,-1.00000,0.00000,-1.00000,0.00000,0.00000,-0.98750,-0.98232,-0.52962,-0.75133,-0.57417,-0.75133,-0.58705,-0.98232,1.00000,1.00000,1.00000,-0.40000,-1.00000,-1.00000,-1.00000,-1.00000,1.00000,1.00000,2,1,1,1,0,0,0,1,0,0
-0.36125,0.05743,-1.00000,0.50000,0.00000,0.00000,0.00000,0.00000,-1.00000,0.00000,-1.00000,0.00000,0.00000,-0.98750,-0.98232,-0.52962,-0.75133,-0.57417,-0.75133,-0.58705,-0.98232,1.00000,1.00000,1.00000,-0.40000,-1.00000,-1.00000,-1.00000,-1.00000,1.00000,1.00000,2,1,2,1,0,0,0,1,0,0
-0.36125,0.05519,-1.00000,0.55730,0.00000,0.00000,0.00000,0.00000,-1.00000,0.00000,-1.00000,0.00000,0.00000,-0.98729,-0.97804,-0.52303,-0.78616,-0.56717,-0.49643,-0.93018,-0.98480,1.00000,1.00000,1.00000,-0.40000,-1.00000,-1.00000,-1.00000,-1.00000,1.00000,1.00000,2,1,0,1,0,0,0,1,0,0
-0.36125,0.05385,-1.00000,0.50000,0.00000,0.00000,0.00000,0.00000,-1.00000,0.00000,-1.00000,0.00000,0.00000,-0.98750,-0.98232,-0.53141,-0.75133,-0.57417,-0.75133,-0.58526,-0.98232,1.00000,1.00000,1.00000,-0.40000,-1.00000,-1.00000,-1.00000,-1.00000,1.00000,1.00000,2,1,2,1,0,0,0,1,0,0
-0.36125,0.05160,-1.00000,0.55730,0.00000,0.00000,0.00000,0.00000,-1.00000,0.00000,-1.00000,0.00000,0.00000,-0.98729,-0.97804,-0.52486,-0.78616,-0.56717,-0.49425,-0.93018,-0.98480,1.00000,1.00000,1.00000,-0.40000,-1.00000,-1.00000,-1.00000,-1.00000,1.00000,1.00000,2,1,0,1,0,0,0,1,0,0
-0.36125,0.05026,-1.00000,0.50000,0.00000,0.00000,0.00000,0.00000,-1.00000,0.00000,-1.00000,0.00000,0.00000,-0.98750,-0.98232,-0.53321,-0.75133,-0.57417,-0.75133,-0.58346,-0.98232,1.00000,1.00000,1.00000,-0.40000,-1.00000,-1.00000,-1.00000,-1.00000,1.00000,1.00000,2,1,2,1,0,0,0,1,0,0
-0.36125,0.04801,-1.00000,0.55730,0.00000,0.00000,0.00000,0.00000,-1.00000,0.00000,-1.00000,0.00000,0.00000,-0.98729,-0.97804,-0.52668,-0.78616,-0.56717,-0.49207,-0.93018,-0.98480,1.00000,1.00000,1.00000,-0.40000,-1.00000,-1.00000,-1.00000,-1.00000,1.00000,1.00000,2,1,0,1,0,0,0,1,0,0
-0.36125,0.04667,-1.00000,0.50000,0.00000,0.00000,0.00000,0.00000,-1.00000,0.00000,-1.00000,0.00000,0.00000,-0.98750,-0.98232,-0.53500,-0.75133,-0.57417,-0.75133,-0.58167,-0.98232,1.00000,1.00000,1.00000,-0.40000,-1.00000,-1.00000,-1.00000,-1.00000,1.00000,1.00000,2,1,2,1,0,0,0,1,0,0
-0.36125,0.04442,-1.00000,0.55730,0.00000,0.00000,0.00000,0.00000,-1.00000,0.00000,-1.00000,0.00000,0.00000,-0.98729,-0.97804,-0.52850,-0.78616,-0.56717,-0.48989,-0.93018,-0.98480,1.00000,1.00000,1.00000,-0.40000,-1.00000,-1.00000,-1.00000,-1.00000,1.00000,1.00000,2,1,0,1,0,0,0,1,0,0
-0.36125,0.04308,-1.00000,0.50000,0.00000,0.00000,0.00000,0.00000,-1.00000,0.00000,-1.00000,0.00000,0.00000,-0.98750,-0.98232,-0.53680,-0.75133,-0.57417,-0.75133,-0.57987,-0.98232,1.00000,1.00000,1.00000,-0.40000,-1.00000,-1.00000,-1.00000,-1.00000,1.00000,1.00000,2,1,2,1,0,0,0,1,0,0
-0.36125,0.04083,-1.00000,0.55730,0.00000,0.00000,0.00000,0.00000,-1.00000,0.00000,-1.00000,0.00000,0.00000,-0.98729,-0.97804,-0.53033,-0.78616,-0.56717,-0.48770,-0.93018,-0.98480,1.00000,1.00000,1.00000,-0.40000,-1.00000,-1.00000,-1.00000,-1.00000,1.00000,1.00000,2,1,0,1,0,0,0,1,0,0
-0.36125,0.03949,-1.00000,0.50000,0.00000,0.00000,0.00000,0.00000,-1.00000,0.00000,-1.00000,0.00000,0.00000,-0.98750,-0.98232,-0.53859,-0.75133,-0.57417,-0.75133,-0.57808,-0.98232,1.00000,1.00000,1.00000,-0.40000,-1.00000,-1.00000,-1.00000,-1.00000,1.00000,1.00000,2,1,2,1,0,0,0,1,0,0
-0.36125,0.03724,-1.00000,0.55730,0.00000,0.00000,0.00000,0.00000,-1.00000,0.00000,-1.00000,0.00000,0.00000,-0.98729,-0.97804,-0.53215,-0.78616,-0.56717,-0.48552,-0.93018,-0.98480,1.00000,1.00000,1.00000,-0.40000,-1.00000,-1.00000,-1.00000,-1.00000,1.00000,1.00000,2,1,0,1,0,0,0,1,0,0
-0.36125,0.03590,-1.00000,0.50000,0.00000,0.00000,0.00000,0.00000,-1.00000,0.00000,-1.00000,0.00000,0.00000,-0.98750,-0.98232,-0.54038,-0.75133,-0.57417,-0.75133,-0.57628,-0.98232,1.00000,1.00000,1.00000,-0.40000,-1.00000,-1.00000,-1.00000,-1.00000,1.00000,1.00000,2,1,2,1,0,0,0,1,0,0
-0.36125,0.03365,-1.00000,0.55730,0.00000,0.00000,0.00000,0.00000,-1.00000,0.00000,-1.00000,0.00000,0.00000,-0.98729,-0.97804,-0.53398,-0.78616,-0.56717,-0.48334,-0.93018,-0.98480,1.00000,1.00000,1.00000,-0.40000,-1.00000,-1.00000,-1.00000,-1.00000,1.00000,1.00000,2,1,0,1,0,0,0,1,0,0
-0.36125,0.03231,-1.00000,0.50000,0.00000,0.00000,0.00000,0.00000,-1.00000,0.00000,-1.00000,0.00000,0.00000,-0.98750,-0.98232,-0.54218,-0.75133,-0.57417,-0.75133,-0.57449,-0.98232,1.00000,1.00000,1.00000,-0.40000,-1.00000,-1.00000,-1.00000,-1.00000,1.00000,1.00000,2,1,2,1,0,0,0,1,0,0
-0.36125,0.03006,-1.00000,0.55730,0.00000,0.00000,0.00000,0.00000,-1.00000,0.00000,-1.00000,0.00000,0.00000,-0.98729,-0.97804,-0.53580,-0.78616,-0.56717,-0.48115,-0.93018,-0.98480,1.00000,1.00000,1.00000,-0.40000,-1.00000,-1.00000,-1.00000,-1.00000,1.00000,1.00000,2,1,0,1,0,0,0,1,0,0
-0.36125,0.02872,-1.00000,0.50000,0.00000,0.00000,0.00000,0.00000,-1.00000,0.00000,-1.00000,0.00000,0.00000,-0.98750,-0.98232,-0.54397,-0.75133,-0.57417,-0.75133,-0.57269,-0.98232,1.00000,1.00000,1.00000,-0.40000,-1.00000,-1.00000,-1.00000,-1.00000,1.00000,1.00000,2,1,2,1,0,0,0,1,0,0
-0.36125,0.02648,-1.00000,0.55730,0.00000,0.00000,0.00000,0.00000,-1.00000,0.00000,-1.00000,0.00000,0.00000,-0.98729,-0.97804,-0.53763,-0.78616,-0.56717,-0.47897,-0.93018,-0.98480,1.00000,1.00000,1.00000,-0.40000,-1.00000,-1.00000,-1.00000,-1.00000,1.00000,1.00000,2,1,0,1,0,0,0,1,0,0
-0.36125,0.02513,-1.00000,0.50000,0.00000,0.00000,0.00000,0.00000,-1.00000,0.00000,-1.00000,0.00000,0.00000,-0.98750,-0.98232,-0.54577,-0.75133,-0.57417,-0.75133,-0.57090,-0.98232,1.00000,1.00000,1.00000,-0.40000,-1.00000,-1.00000,-1.00000,-1.00000,1.00000,1.00000,2,1,2,1,0,0,0,1,0,0
-0.36125,0.02289,-1.00000,0.55730,0.00000,0.00000,0.00000,0.00000,-1.00000,0.00000,-1.00000,0.00000,0.00000,-0.98729,-0.97804,-0.53945,-0.78616,-0.56717,-0.47679,-0.93018,-0.98480,1.00000,1.00000,1.00000,-0.40000,-1.00000,-1.00000,-1.00000,-1.00000,1.00000,1.00000,2,1,0,1,0,0,0,1,0,0
-0.36125,0.02154,-1.00000,0.50000,0.00000,0.00000,0.00000,0.00000,-1.00000,0.00000,-1.00000,0.00000,0.00000,-0.98750,-0.98232,-0.54756,-0.75133,-0.57417,-0.75133,-0.56910,-0.98232,1.00000,1.00000,1.00000,-0.40000,-1.00000,-1.00000,-1.00000,-1.00000,1.00000,1.00000,2,1,1,1,0,0,0,1,0,0
-0.36125,0.02154,-1.00000,0.50000,0.00000,0.00000,0.00000,0.00000,-1.00000,0.00000,-1.00000,0.00000,0.00000,-0.98750,-0.98232,-0.54756,-0.75133,-0.57417,-0.75133,-0.56910,-0.98232,1.00000,1.00000,1.00000,-0.40000,-1.00000,-1.00000,-1.00000,-1.00000,1.00000,1.00000,2,1,0,1,0,0,0,1,0,0
-0.36125,0.02378,-1.00000,0.44270,0.00000,0.00000,0.00000,0.00000,-1.00000,0.00000,-1.00000,0.00000,0.00000,-0.98729,-0.98480,-0.93018,-0.69103,-0.56717,-0.78616,-0.56317,-0.97804,1.00000,1.00000,1.00000,-0.40000,-1.00000,-1.00000,-1.00000,-1.00000,1.00000,1.00000,2,1,2,1,0,0,0,1,0,0
-0.36125,0.02513,-1.00000,0.50000,0.00000,0.00000,0.00000,0.00000,-1.00000,0.00000,-1.00000,0.00000,0.00000,-0.98750,-0.98232,-0.54577,-0.75133,-0.57417,-0.75133,-0.57090,-0.98232,1.00000,1.00000,1.00000,-0.40000,-1.00000,-1.00000,-1.00000,-1.00000,1.00000,1.00000,2,1,0,1,0,0,0,1,0,0
-0.36125,0.02737,-1.00000,0.44270,0.00000,0.00000,0.00000,0.00000,-1.00000,0.00000,-1.00000,0.00000,0.00000,-0.98729,-0.98480,-0.93018,-0.69103,-0.56717,-0.78616,-0.56499,-0.97804,1.00000,1.00000,1.00000,-0.40000,-1.00000,-1.00000,-1.00000,-1.00000,1.00000,1.00000,2,1,2,1,0,0,0,1,0,0
-0.36125,0.02872,-1.00000,0.50000,0.00000,0.00000,0.00000,0.00000,-1.00000,0.00000,-1.00000,0.00000,0.00000,-0.98750,-0.98232,-0.54397,-0.75133,-0.57417,-0.75133,-0.57269,-0.98232,1.00000,1.00000,1.00000,-0.40000,-1.00000,-1.00000,-1.00000,-1.00000,1.00000,1.00000,2,1,0,1,0,0,0,1,0,0
-0.36125,0.03096,-1.00000,0.44270,0.00000,0.00000,0.00000,0.00000,-1.00000,0.00000,-1.00000,0.00000,0.00000,-0.98729,-0.98480,-0.93018,-0.69103,-0.56717,-0.78616,-0.56681,-0.97804,1.00000,1.00000,1.00000,-0.40000,-1.00000,-1.00000,-1.00000,-1.00000,1.00000,1.00000,2,1,2,1,0,0,0,1,0,0
-0.36125,0.03231,-1.00000,0.50000,0.00000,0.00000,0.00000,0.00000,-1.00000,0.00000,-1.00000,0.00000,0.00000,-0.98750,-0.98232,-0.54218,-0.75133,-0.57417,-0.75133,-0.57449,-0.98232,1.00000,1.00000,1.00000,-0.40000,-1.00000,-1.00000,-1.00000,-1.00000,1.00000,1.00000,2,1,0,1,0,0,0,1,0,0
-0.36125,0.03455,-1.00000,0.44270,0.00000,0.00000,0.00000,0.00000,-1.00000,0.00000,-1.00000,0.00000,0.00000,-0.98729,-0.98480,-0.93018,-0.69103,-0.56717,-0.78616,-0.56864,-0.97804,1.00000,1.00000,1.00000,-0.40000,-1.00000,-1.00000,-1.00000,-1.00000,1.00000,1.00000,2,1,2,1,0,0,0,1,0,0
-0.36125,0.03590,-1.00000,0.50000,0.00000,0.00000,0.00000,0.00000,-1.00000,0.00000,-1.00000,0.00000,0.00000,-0.98750,-0.98232,-0.54038,-0.75133,-0.57417,-0.75133,-0.57628,-0.98232,1.00000,1.00000,1.00000,-0.40000,-1.00000,-1.00000,-1.00000,-1.00000,1.00000,1.00000,2,1,0,1,0,0,0,1,0,0
-0.36125,0.03814,-1.00000,0.44270,0.00000,0.00000,0.00000,0.00000,-1.00000,0.00000,-1.00000,0.00000,0.00000,-0.98729,-0.98480,-0.93018,-0.69103,-0.56717,-0.78616,-0.57046,-0.97804,1.00000,1.00000,1.00000,-0.40000,-1.00000,-1.00000,-1.00000,-1.00000,1.00000,1.00000,2,1,2,1,0,0,0,1,0,0
-0.36125,0.03949,-1.00000,0.50000,0.00000,0.00000,0.00000,0.00000,-1.00000,0.00000,-1.00000,0.00000,0.00000,-0.98750,-0.98232,-0.53859,-0.75133,-0.57417,-0.75133,-0.57808,-0.98232,1.00000,1.00000,1.00000,-0.40000,-1.00000,-1.00000,-1.00000,-1.00000,1.00000,1.00000,2,1,0,1,0,0,0,1,0,0
-0.36125,0.04173,-1.00000,0.44270,0.00000,0.00000,0.00000,0.00000,-1.00000,0.00000,-1.00000,0.00000,0.00000,-0.98729,-0.98480,-0.93018,-0.69103,-0.56717,-0.78616,-0.57229,-0.97804,1.00000,1.00000,1.00000,-0.40000,-1.00000,-1.00000,-1.00000,-1.00000,1.00000,1.00000,2,1,2,1,0,0,0,1,0,0
-0.36125,0.04308,-1.00000,0.50000,0.00000,0.00000,0.00000,0.00000,-1.00000,0.00000,-1.00000,0.00000,0.00000,-0.98750,-0.98232,-0.53680,-0.75133,-0.57417,-0.75133,-0.57987,-0.98232,1.00000,1.00000,1.00000,-0.40000,-1.00000,-1.00000,-1.00000,-1.00000,1.00000,1.00000,2,1,0,1,0,0,0,1,0,0
-0.36125,0.04532,-1.00000,0.44270,0.00000,0.00000,0.00000,0.00000,-1.00000,0.00000,-1.00000,0.00000,0.00000,-0.98729,-0.98480,-0.93018,-0.69103,-0.56717,-0.78616,-0.57411,-0.97804,1.00000,1.00000,1.00000,-0.40000,-1.00000,-1.00000,-1.00000,-1.00000,1.00000,1.00000,2,1,2,1,0,0,0,1,0,0
-0.36125,0.04667,-1.00000,0.50000,0.00000,0.00000,0.00000,0.00000,-1.00000,0.00000,-1.00000,0.00000,0.00000,-0.98750,-0.98232,-0.53500,-0.75133,-0.57417,-0.75133,-0.58167,-0.98232,1.00000,1.00000,1.00000,-0.40000,-1.00000,-1.00000,-1.00000,-1.00000,1.00000,1.00000,2,1,0,1,0,0,0,1,0,0
-0.36125,0.04891,-1.00000,0.44270,0.00000,0.00000,0.00000,0.00000,-1.00000,0.00000,-1.00000,0.00000,0.00000,-0.98729,-0.98480,-0.93018,-0.69103,-0.56717,-0.78616,-0.57594,-0.97804,1.00000,1.00000,1.00000,-0.40000,-1.00000,-1.00000,-1.00000,-1.00000,1.00000,1.00000,2,1,2,1,0,0,0,1,0,0
-0.36125,0.05026,-1.00000,0.50000,0.00000,0.00000,0.00000,0.00000,-1.00000,0.00000,-1.00000,0.00000,0.00000,-0.98750,-0.98232,-0.53321,-0.75133,-0.57417,-0.75133,-0.58346,-0.98232,1.00000,1.00000,1.00000,-0.40000,-1.00000,-1.00000,-1.00000,-1.00000,1.00000,1.00000,2,1,0,1,0,0,0,1,0,0
-0.36125,0.05250,-1.00000,0.44270,0.00000,0.00000,0.00000,0.00000,-1.00000,0.00000,-1.00000,0.00000,0.00000,-0.98729,-0.98480,-0.93018,-0.69103,-0.56717,-0.78616,-0.57776,-0.97804,1.00000,1.00000,1.00000,-0.40000,-1.00000,-1.00000,-1.00000,-1.00000,1.00000,1.00000,2,1,2,1,0,0,0,1,0,0
-0.36125,0.05385,-1.00000,0.50000,0.00000,0.00000,0.00000,0.00000,-1.00000,0.00000,-1.00000,0.00000,0.00000,-0.98750,-0.98232,-0.53141,-0.75133,-0.57417,-0.75133,-0.58526,-0.98232,1.00000,1.00000,1.00000,-0.40000,-1.00000,-1.00000,-1.00000,-1.00000,1.00000,1.00000,2,1,0,1,0,0,0,1,0,0
-0.36125,0.05609,-1.00000,0.44270,0.00000,0.00000,0.00000,0.00000,-1.00000,0.00000,-1.00000,0.00000,0.00000,-0.98729,-0.98480,-0.93018,-0.69103,-0.56717,-0.78616,-0.57958,-0.97804,1.00000,1.00000,1.00000,-0.40000,-1.00000,-1.00000,-1.00000,-1.00000,1.00000,1.00000,2,1,2,1,0,0,0,1,0,0
-0.36125,0.05743,-1.00000,0.50000,0.00000,0.00000,0.00000,0.00000,-1.00000,0.00000,-1.00000,0.00000,0.00000,-0.98750,-0.98232,-0.52962,-0.75133,-0.57417,-0.75133,-0.58705,-0.98232,1.00000,1.00000,1.00000,-0.40000,-1.00000,-1.00000,-1.00000,-1.00000,1.00000,1.00000,2,1,1,1,0,0,0,1,0,0
-0.36125,0.05743,-1.00000,0.50000,0.00000,0.00000,0.00000,0.00000,-1.00000,0.00000,-1.00000,0.00000,0.00000,-0.98750,-0.98232,-0.52962,-0.75133,-0.57417,-0.75133,-0.58705,-0.98232,1.00000,1.00000,1.00000,-0.40000,-1.00000,-1.00000,-1.00000,-1.00000,1.00000,1.00000,2,1,2,1,0,0,0,1,0,0
-0.36125,0.05519,-1.00000,0.55730,0.00000,0.00000,0.00000,0.00000,-1.00000,0.00000,-1.00000,0.00000,0.00000,-0.98729,-0.97804,-0.52303,-0.78616,-0.56717,-0.49643,-0.93018,-0.98480,1.00000,1.00000,1.00000,-0.40000,-1.00000,-1.00000,-1.00000,-1.00000,1.00000,1.00000,2,1,0,1,0,0,0,1,0,0
-0.36125,0.05385,-1.00000,0.50000,0.00000,0.00000,0.00000,0.00000,-1.00000,0.00000,-1.00000,0.00000,0.00000,-0.98750,-0.98232,-0.53141,-0.75133,-0.57417,-0.75133,-0.58526,-0.98232,1.00000,1.00000,1.00000,-0.40000,-1.00000,-1.00000,-1.00000,-1.00000,1.00000,1.00000,2,1,2,1,0,0,0,1,0,0
-0.36125,0.05160,-1.00000,0.55730,0.00000,0.00000,0.00000,0.00000,-1.00000,0.00000,-1.00000,0.00000,0.00000,-0.98729,-0.97804,-0.52486,-0.78616,-0.56717,-0.49425,-0.93018,-0.98480,1.00000,1.00000,1.00000,-0.40000,-1.00000,-1.00000,-1.00000,-1.00000,1.00000,1.00000,2,1,0,1,0,0,0,1,0,0
-0.36125,0.05026,-1.00000,0.50000,0.00000,0.00000,0.00000,0.00000,-1.00000,0.00000,-1.00000,0.00000,0.00000,-0.98750,-0.98232,-0.53321,-0.75133,-0.57417,-0.75133,-0.58346,-0.98232,1.00000,1.00000,1.00000,-0.40000,-1.00000,-1.00000,-1.00000,-1.00000,1.00000,1.00000,2,1,2,1,0,0,0,1,0,0
-0.36125,0.04801,-1.00000,0.55730,0.00000,0.00000,0.00000,0.00000,-1.00000,0.00000,-1.00000,0.00000,0.00000,-0.98729,-0.97804,-0.52668,-0.78616,-0.56717,-0.49207,-0.93018,-0.98480,1.00000,1.00000,1.00000,-0.40000,-1.00000,-1.00000,-1.00000,-1.00000,1.00000,1.00000,2,1,0,1,0,0,0,1,0,0
-0.36125,0.04667,-1.00000,0.50000,0.00000,0.00000,0.00000,0.00000,-1.00000,0.00000,-1.00000,0.00000,0.00000,-0.98750,-0.98232,-0.53500,-0.75133,-0.57417,-0.75133,-0.58167,-0.98232,1.00000,1.00000,1.00000,-0.40000,-1.00000,-1.00000,-1.00000,-1.00000,1.00000,1.00000,2,1,2,1,0,0,0,1,0,0
-0.36125,0.04442,-1.00000,0.55730,0.00000,0.00000,0.00000,0.00000,-1.00000,0.00000,-1.00000,0.00000,0.00000,-0.98729,-0.97804,-0.52850,-0.78616,-0.56717,-0.48989,-0.93018,-0.98480,1.00000,1.00000,1.00000,-0.40000,-1.00000,-1.00000,-1.00000,-1.00000,1.00000,1.00000,2,1,0,1,0,0,0,1,0,0
-0.36125,0.04308,-1.00000,0.50000,0.00000,0.00000,0.00000,0.00000,-1.00000,0.00000,-1.00000,0.00000,0.00000,-0.98750,-0.98232,-0.53680,-0.75133,-0.57417,-0.75133,-0.57987,-0.98232,1.00000,1.00000,1.00000,-0.40000,-1.00000,-1.00000,-1.00000,-1.00000,1.00000,1.00000,2,1,2,1,0,0,0,1,0,0
-0.36125,0.04083,-1.00000,0.55730,0.00000,0.00000,0.00000,0.00000,-1.00000,0.00000,-1.00000,0.00000,0.00000,-0.98729,-0.97804,-0.53033,-0.78616,-0.56717,-0.48770,-0.93018,-0.98480,1.00000,1.00000,1.00000,-0.40000,-1.00000,-1.00000,-1.00000,-1.00000,1.00000,1.00000,2,1,0,1,0,0,0,1,0,0
-0.36125,0.03949,-1.00000,0.50000,0.00000,0.00000,0.00000,0.00000,-1.00000,0.00000,-1.00000,0.00000,0.00000,-0.98750,-0.98232,-0.53859,-0.75133,-0.57417,-0.75133,-0.57808,-0.98232,1.00000,1.00000,1.00000,-0.40000,-1.00000,-1.00000,-1.00000,-1.00000,1.00000,1.00000,2,1,2,1,0,0,0,1,0,0
-0.36125,0.03724,-1.00000,0.55730,0.00000,0.00000,0.00000,0.00000,-1.00000,0.00000,-1.00000,0.00000,0.00000,-0.98729,-0.97804,-0.53215,-0.78616,-0.56717,-0.48552,-0.93018,-0.98480,1.00000,1.00000,1.00000,-0.40000,-1.00000,-1.00000,-1.00000,-1.00000,1.00000,1.00000,2,1,0,1,0,0,0,1,0,0
-0.36125,0.03590,-1.00000,0.50000,0.00000,0.00000,0.00000,0.00000,-1.00000,0.00000,-1.00000,0.00000,0.00000,-0.98750,-0.98232,-0.54038,-0.75133,-0.57417,-0.75133,-0.57628,-0.98232,1.00000,1.00000,1.00000,-0.40000,-1.00000,-1.00000,-1.00000,-1.00000,1.00000,1.00000,2,1,2,1,0,0,0,1,0,0
-0.36125,0.03365,-1.00000,0.55730,0.00000,0.00000,0.00000,0.00000,-1.00000,0.00000,-1.00000,0.00000,0.00000,-0.98729,-0.97804,-0.53398,-0.78616,-0.56717,-0.48334,-0.93018,-0.98480,1.00000,1.00000,1.00000,-0.40000,-1.00000,-1.00000,-1.00000,-1.00000,1.00000,1.00000,2,1,0,1,0,0,0,1,0,0
-0.36125,0.03231,-1.00000,0.50000,0.00000,0.00000,0.00000,0.00000,-1.00000,0.00000,-1.00000,0.00000,0.00000,-0.98750,-0.98232,-0.54218,-0.75133,-0.57417,-0.75133,-0.57449,-0.98232,1.00000,1.00000,1.00000,-0.40000,-1.00000,-1.00000,-1.00000,-1.00000,1.00000,1.00000,2,1,2,1,0,0,0,1,0,0
-0.36125,0.03006,-1.00000,0.55730,0.00000,0.00000,0.00000,0.00000,-1.00000,0.00000,-1.00000,0.00000,0.00000,-0.98729,-0.97804,-0.53580,-0.78616,-0.56717,-0.48115,-0.93018,-0.98480,1.00000,1.00000,1.00000,-0.40000,-1.00000,-1.00000,-1.00000,-1.00000,1.00000,1.00000,2,1,0,1,0,0,0,1,0,0
-0.36125,0.02872,-1.00000,0.50000,0.00000,0.00000,0.00000,0.00000,-1.00000,0.00000,-1.00000,0.00000,0.00000,-0.98750,-0.98232,-0.54397,-0.75133,-0.57417,-0.75133,-0.57269,-0.98232,1.00000,1.00000,1.00000,-0.40000,-1.00000,-1.00000,-1.00000,-1.00000,1.00000,1.00000,2,1,2,1,0,0,0,1,0,0
-0.36125,0.02648,-1.00000,0.55730,0.00000,0.00000,0.00000,0.00000,-1.00000,0.00000,-1.00000,0.00000,0.00000,-0.98729,-0.97804,-0.53763,-0.78616,-0.56717,-0.47897,-0.93018,-0.98480,1.00000,1.00000,1.00000,-0.40000,-1.00000,-1.00000,-1.00000,-1.00000,1.00000,1.00000,2,1,0,1,0,0,0,1,0,0
-0.36125,0.02513,-1.00000,0.50000,0.00000,0.00000,0.00000,0.00000,-1.00000,0.00000,-1.00000,0.00000,0.00000,-0.98750,-0.98232,-0.54577,-0.75133,-0.57417,-0.75133,-0.57090,-0.98232,1.00000,1.00000,1.00000,-0.40000,-1.00000,-1.00000,-1.00000,-1.00000,1.00000,1.00000,2,1,2,1,0,0,0,1,0,0
-0.36125,0.02289,-1.00000,0.55730,0.00000,0.00000,0.00000,0.00000,-1.00000,0.00000,-1.00000,0.00000,0.00000,-0.98729,-0.97804,-0.53945,-0.78616,-0.56717,-0.47679,-0.93018,-0.98480,1.00000,1.00000,1.00000,-0.40000,-1.00000,-1.00000,-1.00000,-1.00000,1.00000,1.00000,2,1,0,1,0,0,0,1,0,0
-0.36125,0.02154,-1.00000,0.50000,0.00000,0.00000,0.00000,0.00000,-1.00000,0.00000,-1.00000,0.00000,0.00000,-0.98750,-0.98232,-0.54756,-0.75133,-0.57417,-0.75133,-0.56910,-0.98232,1.00000,1.00000,1.00000,-0.40000,-1.00000,-1.00000,-1.00000,-1.00000,1.00000,1.00000,2,1,1,1,0,0,0,1,0,0
-0.36125,0.02154,-1.00000,0.50000,0.00000,0.00000,0.00000,0.00000,-1.00000,0.00000,-1.00000,0.00000,0.00000,-0.98750,-0.98232,-0.54756,-0.75133,-0.57417,-0.75133,-0.56910,-0.98232,1.00000,1.00000,1.00000,-0.40000,-1.00000,-1.00000,-1.00000,-1.00000,1.00000,1.00000,2,1,0,1,0,0,0,1,0,0
-0.36125,0.02378,-1.00000,0.44270,0.00000,0.00000,0.00000,0.00000,-1.00000,0.00000,-1.00000,0.00000,0.00000,-0.98729,-0.98480,-0.93018,-0.69103,-0.56717,-0.78616,-0.56317,-0.97804,1.00000,1.00000,1.00000,-0.40000,-1.00000,-1.00000,-1.00000,-1.00000,1.00000,1.00000,2,1,2,1,0,0,0,1,0,0
-0.36125,0.02513,-1.00000,0.50000,0.00000,0.00000,0.00000,0.00000,-1.00000,0.00000,-1.00000,0.00000,0.00000,-0.98750,-0.98232,-0.54577,-0.75133,-0.57417,-0.75133,-0.57090,-0.98232,1.00000,1.00000,1.00000,-0.40000,-1.00000,-1.00000,-1.00000,-1.00000,1.00000,1.00000,2,1,0,1,0,0,0,1,0,0
-0.36125,0.02737,-1.00000,0.44270,0.00000,0.00000,0.00000,0.00000,-1.00000,0.00000,-1.00000,0.00000,0.00000,-0.98729,-0.98480,-0.93018,-0.69103,-0.56717,-0.78616,-0.56499,-0.97804,1.00000,1.00000,1.00000,-0.40000,-1.00000,-1.00000,-1.00000,-1.00000,1.00000,1.00000,2,1,2,1,0,0,0,1,0,0
-0.36125,0.02872,-1.00000,0.50000,0.00000,0.00000,0.00000,0.00000,-1.00000,0.00000,-1.00000,0.00000,0.00000,-0.98750,-0.98232,-0.54397,-0.75133,-0.57417,-0.75133,-0.57269,-0.98232,1.00000,1.00000,1.00000,-0.40000,-1.00000,-1.00000,-1.00000,-1.00000,1.00000,1.00000,2,1,0,1,0,0,0,1,0,0
-0.36125,0.03096,-1.00000,0.44270,0.00000,0.00000,0.00000,0.00000,-1.00000,0.00000,-1.00000,0.00000,0.00000,-0.98729,-0.98480,-0.93018,-0.69103,-0.56717,-0.78616,-0.56681,-0.97804,1.00000,1.00000,1.00000,-0.40000,-1.00000,-1.00000,-1.00000,-1.00000,1.00000,1.00000,2,1,2,1,0,0,0,1,0,0
-0.36125,0.03231,-1.00000,0.50000,0.00000,0.00000,0.00000,0.00000,-1.00000,0.00000,-1.00000,0.00000,0.00000,-0.98750,-0.98232,-0.54218,-0.75133,-0.57417,-0.75133,-0.57449,-0.98232,1.00000,1.00000,1.00000,-0.40000,-1.00000,-1.00000,-1.00000,-1.00000,1.00000,1.00000,2,1,0,1,0,0,0,1,0,0
-0.36125,0.03455,-1.00000,0.44270,0.00000,0.00000,0.00000,0.00000,-1.00000,0.00000,-1.00000,0.00000,0.00000,-0.98729,-0.98480,-0.93018,-0.69103,-0.56717,-0.78616,-0.56864,-0.97804,1.00000,1.00000,1.00000,-0.40000,-1.00000,-1.00000,-1.00000,-1.00000,1.00000,1.00000,2,1,2,1,0,0,0,1,0,0
-0.36125,0.03590,-1.00000,0.50000,0.00000,0.00000,0.00000,0.00000,-1.00000,0.00000,-1.00000,0.00000,0.00000,-0.98750,-0.98232,-0.54038,-0.75133,-0.57417,-0.75133,-0.57628,-0.98232,1.00000,1.00000,1.00000,-0.40000,-1.00000,-1.00000,-1.00000,-1.00000,1.00000,1.00000,2,1,0,1,0,0,0,1,0,0
-0.36125,0.03814,-1.00000,0.44270,0.00000,0.00000,0.00000,0.00000,-1.00000,0.00000,-1.00000,0.00000,0.00000,-0.98729,-0.98480,-0.93018,-0.69103,-0.56717,-0.78616,-0.57046,-0.97804,1.00000,1.00000,1.00000,-0.40000,-1.00000,-1.00000,-1.00000,-1.00000,1.00000,1.00000,2,1,2,1,0,0,0,1,0,0
-0.36125,0.03949,-1.00000,0.50000,0.00000,0.00000,0.00000,0.00000,-1.00000,0.00000,-1.00000,0.00000,0.00000,-0.98750,-0.98232,-0.53859,-0.75133,-0.57417,-0.75133,-0.57808,-0.98232,1.00000,1.00000,1.00000,-0.40000,-1.00000,-1.00000,-1.00000,-1.00000,1.00000,1.00000,2,1,0,1,0,0,0,1,0,0
-0.36125,0.04173,-1.00000,0.44270,0.00000,0.00000,0.00000,0.00000,-1.00000,0.00000,-1.00000,0.00000,0.00000,-0.98729,-0.98480,-0.93018,-0.69103,-0.56717,-0.78616,-0.57229,-0.97804,1.00000,1.00000,1.00000,-0.40000,-1.00000,-1.00000,-1.00000,-1.00000,1.00000,1.00000,2,1,2,1,0,0,0,1,0,0
-0.36125,0.04308,-1.00000,0.50000,0.00000,0.00000,0.00000,0.00000,-1.00000,0.00000,-1.00000,0.00000,0.00000,-0.98750,-0.98232,-0.53680,-0.75133,-0.57417,-0.75133,-0.57987,-0.98232,1.00000,1.00000,1.00000,-0.40000,-1.00000,-1.00000,-1.00000,-1.00000,1.00000,1.00000,2,1,0,1,0,0,0,1,0,0
-0.36125,0.04532,-1.00000,0.44270,0.00000,0.00000,0.00000,0.00000,-1.00000,0.00000,-1.00000,0.00000,0.00000,-0.98729,-0.98480,-0.93018,-0.69103,-0.56717,-0.78616,-0.57411,-0.97804,1.00000,1.00000,1.00000,-0.40000,-1.00000,-1.00000,-1.00000,-1.00000,1.00000,1.00000,2,1,2,1,0,0,0,1,0,0
-0.36125,0.04667,-1.00000,0.50000,0.00000,0.00000,0.00000,0.00000,-1.00000,0.00000,-1.00000,0.00000,0.00000,-0.98750,-0.98232,-0.53500,-0.75133,-0.57417,-0.75133,-0.58167,-0.98232,1.00000,1.00000,1.00000,-0.40000,-1.00000,-1.00000,-1.00000,-1.00000,1.00000,1.00000,2,1,0,1,0,0,0,1,0,0
-0.36125,0.04891,-1.00000,0.44270,0.00000,0.00000,0.00000,0.00000,-1.00000,0.00000,-1.00000,0.00000,0.00000,-0.98729,-0.98480,-0.93018,-0.69103,-0.56717,-0.78616,-0.57594,-0.97804,1.00000,1.00000,1.00000,-0.40000,-1.00000,-1.00000,-1.00000,-1.00000,1.00000,1.00000,2,1,2,1,0,0,0,1,0,0
-0.36125,0.05026,-1.00000,0.50000,0.00000,0.00000,0.00000,0.00000,-1.00000,0.00000,-1.00000,0.00000,0.00000,-0.98750,-0.98232,-0.53321,-0.75133,-0.57417,-0.75133,-0.58346,-0.98232,1.00000,1.00000,1.00000,-0.40000,-1.00000,-1.00000,-1.00000,-1.00000,1.00000,1.00000,2,1,0,1,0,0,0,1,0,0
-0.36125,0.05250,-1.00000,0.44270,0.00000,0.00000,0.00000,0.00000,-1.00000,0.00000,-1.00000,0.00000,0.00000,-0.98729,-0.98480,-0.93018,-0.69103,-0.56717,-0.78616,-0.57776,-0.97804,1.00000,1.00000,1.00000,-0.40000,-1.00000,-1.00000,-1.00000,-1.00000,1.00000,1.00000,2,1,2,1,0,0,0,1,0,0
-0.36125,0.05385,-1.00000,0.50000,0.00000,0.00000,0.00000,0.00000,-1.00000,0.00000,-1.00000,0.00000,0.00000,-0.98750,-0.98232,-0.53141,-0.75133,-0.57417,-0.75133,-0.58526,-0.98232,1.00000,1.00000,1.00000,-0.40000,-1.00000,-1.00000,-1.00000,-1.00000,1.00000,1.00000,2,1,0,1,0,0,0,1,0,0
-0.36125,0.05609,-1.00000,0.44270,0.00000,0.00000,0.00000,0.00000,-1.00000,0.00000,-1.00000,0.00000,0.00000,-0.98729,-0.98480,-0.93018,-0.69103,-0.56717,-0.78616,-0.57958,-0.97804,1.00000,1.00000,1.00000,-0.40000,-1.00000,-1.00000,-1.00000,-1.00000,1.00000,1.00000,2,1,2,1,0,0,0,1,0,0
-0.36125,0.05743,-1.00000,0.50000,0.00000,0.00000,0.00000,0.00000,-1.00000,0.00000,-1.00000,0.00000,0.00000,-0.98750,-0.98232,-0.52962,-0.75133,-0.57417,-0.75133,-0.58705,-0.98232,1.00000,1.00000,1.00000,-0.40000,-1.00000,-1.00000,-1.00000,-1.00000,1.00000,1.00000,2,1,1,1,0,0,0,1,0,0
-0.36125,0.05743,-1.00000,0.50000,0.00000,0.00000,0.00000,0.00000,-1.00000,0.00000,-1.00000,0.00000,0.00000,-0.98750,-0.98232,-0.52962,-0.75133,-0.57417,-0.75133,-0.58705,-0.98232,1.00000,1.00000,1.00000,-0.40000,-1.00000,-1.00000,-1.00000,-1.00000,1.00000,1.00000,2,1,2,1,0,0,0,1,0,0
-0.36125,0.05519,-1.00000,0.55730,0.00000,0.00000,0.00000,0.00000,-1.00000,0.00000,-1.00000,0.00000,0.00000,-0.98729,-0.97804,-0.52303,-0.78616,-0.56717,-0.49643,-0.93018,-0.98480,1.00000,1.00000,1.00000,-0.40000,-1.00000,-1.00000,-1.00000,-1.00000,1.00000,1.00000,2,1,0,1,0,0,0,1,0,0
-0.36125,0.05385,-1.00000,0.50000,0.00000,0.00000,0.00000,0.00000,-1.00000,0.00000,-1.00000,0.00000,0.00000,-0.98750,-0.98232,-0.53141,-0.75133,-0.57417,-0.75133,-0.58526,-0.98232,1.00000,1.00000,1.00000,-0.40000,-1.00000,-1.00000,-1.00000,-1.00000,1.00000,1.00000,2,1,2,1,0,0,0,1,0,0
-0.36125,0.05160,-1.00000,0.55730,0.00000,0.00000,0.00000,0.00000,-1.00000,0.00000,-1.00000,0.00000,0.00000,-0.98729,-0.97804,-0.52486,-0.78616,-0.56717,-0.49425,-0.93018,-0.98480,1.00000,1.00000,1.00000,-0.40000,-1.00000,-1.00000,-1.00000,-1.00000,1.00000,1.00000,2,1,0,1,0,0,0,1,0,0
-0.36125,0.05026,-1.00000,0.50000,0.00000,0.00000,0.00000,0.00000,-1.00000,0.00000,-1.00000,0.00000,0.00000,-0.98750,-0.98232,-0.53321,-0.75133,-0.57417,-0.75133,-0.58346,-0.98232,1.00000,1.00000,1.00000,-0.40000,-1.00000,-1.00000,-1.00000,-1.00000,1.00000,1.00000,2,1,2,1,0,0,0,1,0,0
-0.36125,0.04801,-1.00000,0.55730,0.00000,0.00000,0.00000,0.00000,-1.00000,0.00000,-1.00000,0.00000,0.00000,-0.98729,-0.97804,-0.52668,-0.78616,-0.56717,-0.49207,-0.93018,-0.98480,1.00000,1.00000,1.00000,-0.40000,-1.00000,-1.00000,-1.00000,-1.00000,1.00000,1.00000,2,1,0,1,0,0,0,1,0,0
-0.36125,0.04667,-1.00000,0.50000,0.00000,0.00000,0.00000,0.00000,-1.00000,0.00000,-1.00000,0.00000,0.00000,-0.98750,-0.98232,-0.53500,-0.75133,-0.57417,-0.75133,-0.58167,-0.98232,1.00000,1.00000,1.00000,-0.40000,-1.00000,-1.00000,-1.00000,-1.00000,1.00000,1.00000,2,1,2,1,0,0,0,1,0,0
-0.36125,0.04442,-1.00000,0.55730,0.00000,0.00000,0.00000,0.00000,-1.00000,0.00000,-1.00000,0.00000,0.00000,-0.98729,-0.97804,-0.52850,-0.78616,-0.56717,-0.48989,-0.93018,-0.98480,1.00000,1.00000,1.00000,-0.40000,-1.00000,-1.00000,-1.00000,-1.00000,1.00000,1.00000,2,1,0,1,0,0,0,1,0,0
-0.36125,0.04308,-1.00000,0.50000,0.00000,0.00000,0.00000,0.00000,-1.00000,0.00000,-1.00000,0.00000,0.00000,-0.98750,-0.98232,-0.53680,-0.75133,-0.57417,-0.75133,-0.57987,-0.98232,1.00000,1.00000,1.00000,-0.40000,-1.00000,-1.00000,-1.00000,-1.00000,1.00000,1.00000,2,1,2,1,0,0,0,1,0,0
-0.36125,0.04083,-1.00000,0.55730,0.00000,0.00000,0.00000,0.00000,-1.00000,0.00000,-1.00000,0.00000,0.00000,-0.98729,-0.97804,-0.53033,-0.78616,-0.56717,-0.48770,-0.93018,-0.98480,1.00000,1.00000,1.00000,-0.40000,-1.00000,-1.00000,-1.00000,-1.00000,1.00000,1.00000,2,1,0,1,0,0,0,1,0,0
-0.36125,0.03949,-1.00000,0.50000,0.00000,0.00000,0.00000,0.00000,-1.00000,0.00000,-1.00000,0.00000,0.00000,-0.98750,-0.98232,-0.53859,-0.75133,-0.57417,-0.75133,-0.57808,-0.98232,1.00000,1.00000,1.00000,-0.40000,-1.00000,-1.00000,-1.00000,-1.00000,1.00000,1.00000,2,1,2,1,0,0,0,1,0,0
-0.36125,0.03724,-1.00000,0.55730,0.00000,0.00000,0.00000,0.00000,-1.00000,0.00000,-1.00000,0.00000,0.00000,-0.98729,-0.97804,-0.53215,-0.78616,-0.56717,-0.48552,-0.93018,-0.98480,1.00000,1.00000,1.00000,-0.40000,-1.00000,-1.00000,-1.00000,-1.00000,1.00000,1.00000,2,1,0,1,0,0,0,1,0,0
-0.36125,0.03590,-1.00000,0.50000,0.00000,0.00000,0.00000,0.00000,-1.00000,0.00000,-1.00000,0.00000,0.00000,-0.98750,-0.98232,-0.54038,-0.75133,-0.57417,-0.75133,-0.57628,-0.98232,1.00000,1.00000,1.00000,-0.40000,-1.00000,-1.00000,-1.00000,-1.00000,1.00000,1.00000,2,1,2,1,0,0,0,1,0,0
-0.36125,0.03365,-1.00000,0.55730,0.00000,0.00000,0.00000,0.00000,-1.00000,0.00000,-1.00000,0.00000,0.00000,-0.98729,-0.97804,-0.53398,-0.78616,-0.56717,-0.48334,-0.93018,-0.98480,1.00000,1.00000,1.00000,-0.40000,-1.00000,-1.00000,-1.00000,-1.00000,1.00000,1.00000,2,1,0,1,0,0,0,1,0,0
-0.36125,0.03231,-1.00000,0.50000,0.00000,0.00000,0.00000,0.00000,-1.00000,0.00000,-1.00000,0.00000,0.00000,-0.98750,-0.98232,-0.54218,-0.75133,-0.57417,-0.75133,-0.57449,-0.98232,1.00000,1.00000,1.00000,-0.40000,-1.00000,-1.00000,-1.00000,-1.00000,1.00000,1.00000,2,1,2,1,0,0,0,1,0,0
-0.36125,0.03006,-1.00000,0.55730,0.00000,0.00000,0.00000,0.00000,-1.00000,0.00000,-1.00000,0.00000,0.00000,-0.98729,-0.97804,-0.53580,-0.78616,-0.56717,-0.48115,-0.93018,-0.98480,1.00000,1.00000,1.00000,-0.40000,-1.00000,-1.00000,-1.00000,-1.00000,1.00000,1.00000,2,1,0,1,0,0,0,1,0,0
-0.36125,0.02872,-1.00000,0.50000,0.00000,0.00000,0.00000,0.00000,-1.00000,0.00000,-1.00000,0.00000,0.00000,-0.98750,-0.98232,-0.54397,-0.75133,-0.57417,-0.75133,-0.57269,-0.98232,1.00000,1.00000,1.00000,-0.40000,-1.00000,-1.00000,-1.00000,-1.00000,1.00000,1.00000,2,1,2,1,0,0,0,1,0,0
-0.36125,0.02648,-1.00000,0.55730,0.00000,0.00000,0.00000,0.00000,-1.00000,0.00000,-1.00000,0.00000,0.00000,-0.98729,-0.97804,-0.53763,-0.78616,-0.56717,-0.47897,-0.93018,-0.98480,1.00000,1.00000,1.00000,-0.40000,-1.00000,-1.00000,-1.00000,-1.00000,1.00000,1.00000,2,1,0,1,0,0,0,1,0,0
-0.36125,0.02513,-1.00000,0.50000,0.00000,0.00000,0.00000,0.00000,-1.00000,0.00000,-1.00000,0.00000,0.00000,-0.98750,-0.98232,-0.54577,-0.75133,-0.57417,-0.75133,-0.57090,-0.98232,1.00000,1.00000,1.00000,-0.40000,-1.00000,-1.00000,-1.00000,-1.00000,1.00000,1.00000,2,1,2,1,0,0,0,1,0,0
-0.36125,0.02289,-1.00000,0.55730,0.00000,0.00000,0.00000,0.00000,-1.00000,0.00000,-1.00000,0.00000,0.00000,-0.98729,-0.97804,-0.53945,-0.78616,-0.56717,-0.47679,-0.93018,-0.98480,1.00000,1.00000,1.00000,-0.40000,-1.00000,-1.00000,-1.00000,-1.00000,1.00000,1.00000,2,1,0,1,0,0,0,1,0,0
-0.36125,0.02154,-1.00000,0.50000,0.00000,0.00000,0.00000,0.00000,-1.00000,0.00000,-1.00000,0.00000,0.00000,-0.98750,-0.98232,-0.54756,-0.75133,-0.57417,-0.75133,-0.56910,-0.98232,1.00000,1.00000,1.00000,-0.40000,-1.00000,-1.00000,-1.00000,-1.00000,1.00000,1.00000,2,1,1,1,0,0,0,1,0,0
-0.36125,0.02154,-1.00000,0.50000,0.00000,0.00000,0.00000,0.00000,-1.00000,0.00000,-1.00000,0.00000,0.00000,-0.98750,-0.98232,-0.54756,-0.75133,-0.57417,-0.75133,-0.56910,-0.98232,1.00000,1.00000,1.00000,-0.40000,-1.00000,-1.00000,-1.00000,-1.00000,1.00000,1.00000,2,1,0,1,0,0,0,1,0,0
-0.36125,0.02378,-1.00000,0.44270,0.00000,0.00000,0.00000,0.00000,-1.00000,0.00000,-1.00000,0.00000,0.00000,-0.98729,-0.98480,-0.93018,-0.69103,-0.56717,-0.78616,-0.56317,-0.97804,1.00000,1.00000,1.00000,-0.40000,-1.00000,-1.00000,-1.00000,-1.00000,1.00000,1.00000,2,1,2,1,0,0,0,1,0,0
-0.36125,0.02513,-1.00000,0.50000,0.00000,0.00000,0.00000,0.00000,-1.00000,0.00000,-1.00000,0.00000,0.00000,-0.98750,-0.98232,-0.54577,-0.75133,-0.57417,-0.75133,-0.57090,-0.98232,1.00000,1.00000,1.00000,-0.40000,-1.00000,-1.00000,-1.00000,-1.00000,1.00000,1.00000,2,1,0,1,0,0,0,1,0,0
-0.36125,0.02737,-1.00000,0.44270,0.00000,0.00000,0.00000,0.00000,-1.00000,0.00000,-1.00000,0.00000,0.00000,-0.98729,-0.98480,-0.93018,-0.69103,-0.56717,-0.78616,-0.56499,-0.97804,1.00000,1.00000,1.00000,-0.40000,-1.00000,-1.00000,-1.00000,-1.00000,1.00000,1.00000,2,1,2,1,0,0,0,1,0,0
-0.36125,0.02872,-1.00000,0.50000,0.00000,0.00000,0.00000,0.00000,-1.00000,0.00000,-1.00000,0.00000,0.00000,-0.98750,-0.98232,-0.54397,-0.75133,-0.57417,-0.75133,-0.57269,-0.98232,1.00000,1.00000,1.00000,-0.40000,-1.00000,-1.00000,-1.00000,-1.00000,1.00000,1.00000,2,1,0,1,0,0,0,1,0,0
-0.36125,0.03096,-1.00000,0.44270,0.00000,0.00000,0.00000,0.00000,-1.00000,0.00000,-1.00000,0.00000,0.00000,-0.98729,-0.98480,-0.93018,-0.69103,-0.56717,-0.78616,-0.56681,-0.97804,1.00000,1.00000,1.00000,-0.40000,-1.00000,-1.00000,-1.00000,-1.00000,1.00000,1.00000,2,1,2,1,0,0,0,1,0,0
-0.36125,0.03231,-1.00000,0.50000,0.00000,0.00000,0.00000,0.00000,-1.00000,0.00000,-1.00000,0.00000,0.00000,-0.98750,-0.98232,-0.54218,-0.75133,-0.57417,-0.75133,-0.57449,-0.98232,1.00000,1.00000,1.00000,-0.40000,-1.00000,-1.00000,-1.00000,-1.00000,1.00000,1.00000,2,1,0,1,0,0,0,1,0,0
-0.36125,0.03455,-1.00000,0.44270,0.00000,0.00000,0.00000,0.00000,-1.00000,0.00000,-1.00000,0.00000,0.00000,-0.98729,-0.98480,-0.93018,-0.69103,-0.56717,-0.78616,-0.56864,-0.97804,1.00000,1.00000,1.00000,-0.40000,-1.00000,-1.00000,-1.00000,-1.00000,1.00000,1.00000,2,1,2,1,0,0,0,1,0,0
-0.36125,0.03590,-1.00000,0.50000,0.00000,0.00000,0.00000,0.00000,-1.00000,0.00000,-1.00000,0.00000,0.00000,-0.98750,-0.98232,-0.54038,-0.75133,-0.57417,-0.75133,-0.57628,-0.98232,1.00000,1.00000,1.00000,-0.40000,-1.00000,-1.00000,-1.00000,-1.00000,1.00000,1.00000,2,1,0,1,0,0,0,1,0,0
-0.36125,0.03814,-1.00000,0.44270,0.00000,0.00000,0.00000,0.00000,-1.00000,0.00000,-1.00000,0.00000,0.00000,-0.98729,-0.98480,-0.93018,-0.69103,-0.56717,-0.78616,-0.57046,-0.97804,1.00000,1.00000,1.00000,-0.40000,-1.00000,-1.00000,-1.00000,-1.00000,1.00000,1.00000,2,1,2,1,0,0,0,1,0,0
-0.36125,0.03949,-1.00000,0.50000,0.00000,0.00000,0.00000,0.00000,-1.00000,0.00000,-1.00000,0.00000,0.00000,-0.98750,-0.98232,-0.53859,-0.75133,-0.57417,-0.75133,-0.57808,-0.98232,1.00000,1.00000,1.00000,-0.40000,-1.00000,-1.00000,-1.00000,-1.00000,1.00000,1.00000,2,1,0,1,0,0,0,1,0,0
-0.36125,0.04173,-1.00000,0.44270,0.00000,0.00000,0.00000,0.00000,-1.00000,0.00000,-1.00000,0.00000,0.00000,-0.98729,-0.98480,-0.93018,-0.69103,-0.56717,-0.78616,-0.57229,-0.97804,1.00000,1.00000,1.00000,-0.40000,-1.00000,-1.00000,-1.00000,-1.00000,1.00000,1.00000,2,1,2,1,0,0,0,1,0,0
-0.36125,0.04308,-1.00000,0.50000,0.00000,0.00000,0.00000,0.00000,-1.00000,0.00000,-1.00000,0.00000,0.00000,-0.98750,-0.98232,-0.53680,-0.75133,-0.57417,-0.75133,-0.57987,-0.98232,1.00000,1.00000,1.00000,-0.40000,-1.00000,-1.00000,-1.00000,-1.00000,1.00000,1.00000,2,1,0,1,0,0,0,1,0,0
-0.36125,0.04532,-1.00000,0.44270,0.00000,0.00000,0.00000,0.00000,-1.00000,0.00000,-1.00000,0.00000,0.00000,-0.98729,-0.98480,-0.93018,-0.69103,-0.56717,-0.78616,-0.57411,-0.97804,1.00000,1.00000,1.00000,-0.40000,-1.00000,-1.00000,-1.00000,-1.00000,1.00000,1.00000,2,1,2,1,0,0,0,1,0,0
-0.36125,0.04667,-1.00000,0.50000,0.00000,0.00000,0.00000,0.00000,-1.00000,0.00000,-1.00000,0.00000,0.00000,-0.98750,-0.98232,-0.53500,-0.75133,-0.57417,-0.75133,-0.58167,-0.98232,1.00000,1.00000,1.00000,-0.40000,-1.00000,-1.00000,-1.00000,-1.00000,1.00000,1.00000,2,1,0,1,0,0,0,1,0,0
-0.36125,0.04891,-1.00000,0.44270,0.00000,0.00000,0.00000,0.00000,-1.00000,0.00000,-1.00000,0.00000,0.00000,-0.98729,-0.98480,-0.93018,-0.69103,-0.56717,-0.78616,-0.57594,-0.97804,1.00000,1.00000,1.00000,-0.40000,-1.00000,-1.00000,-1.00000,-1.00000,1.00000,1.00000,2,1,2,1,0,0,0,1,0,0
-0.36125,0.05026,-1.00000,0.50000,0.00000,0.00000,0.00000,0.00000,-1.00000,0.00000,-1.00000,0.00000,0.00000,-0.98750,-0.98232,-0.53321,-0.75133,-0.57417,-0.75133,-0.58346,-0.98232,1.00000,1.00000,1.00000,-0.40000,-1.00000,-1.00000,-1.00000,-1.00000,1.00000,1.00000,2,1,0,1,0,0,0,1,0,0
-0.36125,0.05250,-1.00000,0.44270,0.00000,0.00000,0.00000,0.00000,-1.00000,0.00000,-1.00000,0.00000,0.00000,-0.98729,-0.98480,-0.93018,-0.69103,-0.56717,-0.78616,-0.57776,-0.97804,1.00000,1.00000,1.00000,-0.40000,-1.00000,-1.00000,-1.00000,-1.00000,1.00000,1.00000,2,1,2,1,0,0,0,1,0,0
-0.36125,0.05385,-1.00000,0.50000,0.00000,0.00000,0.00000,0.00000,-1.00000,0.00000,-1.00000,0.00000,0.00000,-0.98750,-0.98232,-0.53141,-0.75133,-0.57417,-0.75133,-0.58526,-0.98232,1.00000,1.00000,1.00000,-0.40000,-1.00000,-1.00000,-1.00000,-1.00000,1.00000,1.00000,2,1,0,1,0,0,0,1,0,0
-0.36125,0.05609,-1.00000,0.44270,0.00000,0.00000,0.00000,0.00000,-1.00000,0.00000,-1.00000,0.00000,0.00000,-0.98729,-0.98480,-0.93018,-0.69103,-0.56717,-0.78616,-0.57958,-0.97804,1.00000,1.00000,1.00000,-0.40000,-1.00000,-1.00000,-1.00000,-1.00000,1.00000,1.00000,2,1,2,1,0,0,0,1,0,0
-0.36125,0.05743,-1.00000,0.50000,0.00000,0.00000,0.00000,0.00000,-1.00000,0.00000,-1.00000,0.00000,0.00000,-0.98750,-0.98232,-0.52962,-0.75133,-0.57417,-0.75133,-0.58705,-0.98232,1.00000,1.00000,1.00000,-0.40000,-1.00000,-1.00000,-1.00000,-1.00000,1.00000,1.00000,2,1,1,1,0,0,0,1,0,0
-0.36125,0.05743,-1.00000,0.50000,0.00000,0.00000,0.00000,0.00000,-1.00000,0.00000,-1.00000,0.00000,0.00000,-0.98750,-0.98232,-0.52962,-0.75133,-0.57417,-0.75133,-0.58705,-0.98232,1.00000,1.00000,1.00000,-0.40000,-1.00000,-1.00000,-1.00000,-1.00000,1.00000,1.00000,2,1,2,1,0,0,0,1,0,0
-0.36125,0.05519,-1.00000,0.55730,0.00000,0.00000,0.00000,0.00000,-1.00000,0.00000,-1.00000,0.00000,0.00000,-0.98729,-0.97804,-0.52303,-0.78616,-0.56717,-0.49643,-0.93018,-0.98480,1.00000,1.00000,1.00000,-0.40000,-1.00000,-1.00000,-1.00000,-1.00000,1.00000,1.00000,2,1,0,1,0,0,0,1,0,0
-0.36125,0.05385,-1.00000,0.50000,0.00000,0.00000,0.00000,0.00000,-1.00000,0.00000,-1.00000,0.00000,0.00000,-0.98750,-0.98232,-0.53141,-0.75133,-0.57417,-0.75133,-0.58526,-0.98232,1.00000,1.00000,1.00000,-0.40000,-1.00000,-1.00000,-1.00000,-1.00000,1.00000,1.00000,2,1,2,1,0,0,0,1,0,0
-0.36125,0.05160,-1.00000,0.55730,0.00000,0.00000,0.00000,0.00000,-1.00000,0.00000,-1.00000,0.00000,0.00000,-0.98729,-0.97804,-0.52486,-0.78616,-0.56717,-0.49425,-0.93018,-0.98480,1.00000,1.00000,1.00000,-0.40000,-1.00000,-1.00000,-1.00000,-1.00000,1.00000,1.00000,2,1,0,1,0,0,0,1,0,0
-0.36125,0.05026,-1.00000,0.50000,0.00000,0.00000,0.00000,0.00000,-1.00000,0.00000,-1.00000,0.00000,0.00000,-0.98750,-0.98232,-0.53321,-0.75133,-0.57417,-0.75133,-0.58346,-0.98232,1.00000,1.00000,1.00000,-0.40000,-1.00000,-1.00000,-1.00000,-1.00000,1.00000,1.00000,2,1,2,1,0,0,0,1,0,0
-0.36125,0.04801,-1.00000,0.55730,0.00000,0.00000,0.00000,0.00000,-1.00000,0.00000,-1.00000,0.00000,0.00000,-0.98729,-0.97804,-0.52668,-0.78616,-0.56717,-0.49207,-0.93018,-0.98480,1.00000,1.00000,1.00000,-0.40000,-1.00000,-1.00000,-1.00000,-1.00000,1.00000,1.00000,2,1,0,1,0,0,0,1,0,0
-0.36125,0.04667,-1.00000,0.50000,0.00000,0.00000,0.00000,0.00000,-1.00000,0.00000,-1.00000,0.00000,0.00000,-0.98750,-0.98232,-0.53500,-0.75133,-0.57417,-0.75133,-0.58167,-0.98232,1.00000,1.00000,1.00000,-0.40000,-1.00000,-1.00000,-1.00000,-1.00000,1.00000,1.00000,2,1,2,1,0,0,0,1,0,0
-0.80000,0.00000,-1.00000,0.50000,0.00000,0.00000,0.00000,0.00000,-1.00000,0.00000,-1.00000,0.00000,0.00000,-0.69500,-0.88215,-0.55833,-0.81144,-0.86667,-0.81144,-0.55833,-0.88215,1.00000,1.00000,1.00000,-0.40000,-1.00000,-1.00000,-1.00000,-1.00000,1.00000,1.00000,2,1,1,1,0,0,0,1,0,0
-0.78500,0.00000,-1.00000,0.50000,0.00000,0.00000,0.00000,0.00000,-1.00000,0.00000,-1.00000,0.00000,0.00000,-0.70500,-0.88215,-0.55833,-0.79730,-0.85667,-0.79730,-0.55833,-0.88215,1.00000,1.00000,1.00000,-0.40000,-1.00000,-1.00000,-1.00000,-1.00000,1.00000,1.00000,2,1,1,1,0,0,0,1,0,0
-0.77000,0.00000,-1.00000,0.50000,0.00000,0.00000,0.00000,0.00000,-1.00000,0.00000,-1.00000,0.00000,0.00000,-0.71500,-0.88215,-0.55833,-0.78315,-0.84667,-0.78315,-0.55833,-0.88215,1.00000,1.00000,1.00000,-0.40000,-1.00000,-1.00000,-1.00000,-1.00000,1.00000,1.00000,2,1,1,1,0,0,0,1,0,0
-0.75500,0.00000,-1.00000,0.50000,0.00000,0.00000,0.00000,0.00000,-1.00000,0.00000,-1.00000,0.00000,0.00000,-0.72500,-0.88215,-0.55833,-0.76901,-0.83667,-0.76901,-0.55833,-0.88215,1.00000,1.00000,1.00000,-0.40000,-1.00000,-1.00000,-1.00000,-1.00000,1.00000,1.00000,2,1,1,1,0,0,0,1,0,0
-0.74000,0.00000,-1.00000,0.50000,0.00000,0.00000,0.00000,0.00000,-1.00000,0.00000,-1.00000,0.00000,0.00000,-0.73500,-0.37539,-0.55833,-0.75487,-0.82667,-0.75487,-0.55833,-0.37539,1.00000,1.00000,1.00000,-0.40000,-1.00000,-1.00000,-1.00000,-1.00000,1.00000,1.00000,2,1,1,1,0,0,0,1,0,0
-0.72500,0.00000,-1.00000,0.50000,0.00000,0.00000,0.00000,0.00000,-1.00000,0.00000,-1.00000,0.00000,0.00000,-0.74500,-0.37539,-0.55833,-0.74073,-0.81667,-0.74073,-0.55833,-0.37539,1.00000,1.00000,1.00000,-0.40000,-1.00000,-1.00000,-1.00000,-1.00000,1.00000,1.00000,2,1,1,1,0,0,0,1,0,0
-0.71000,0.00000,-1.00000,0.50000,0.00000,0.00000,0.00000,0.00000,-1.00000,0.00000,-1.00000,0.00000,0.00000,-0.75500,-0.37539,-0.55833,-0.72659,-0.80667,-0.72659,-0.55833,-0.37539,1.00000,1.00000,1.00000,-0.40000,-1.00000,-1.00000,-1.00000,-1.00000,1.00000,1.00000,2,1,1,1,0,0,0,1,0,0
-0.69500,0.00000,-1.00000,0.50000,0.00000,0.00000,0.00000,0.00000,-1.00000,0.00000,-1.00000,0.00000,0.00000,-0.76500,-0.37539,-0.55833,-0.71244,-0.79667,-0.71244,-0.55833,-0.37539,1.00000,1.00000,1.00000,-0.40000,-1.00000,-1.00000,-1.00000,-1.00000,1.00000,1.00000,2,1,1,1,0,0,0,1,0,0
-0.68000,0.00000,-1.00000,0.50000,0.00000,0.00000,0.00000,0.00000,-1.00000,0.00000,-1.00000,0.00000,0.00000,-0.77500,-0.37539,-0.55833,-0.69830,-0.78667,-0.69830,-0.55833,-0.37539,1.00000,1.00000,1.00000,-0.40000,-1.00000,-1.00000,-1.00000,-1.00000,1.00000,1.00000,2,1,1,1,0,0,0,1,0,0
-0.66500,0.00000,-1.00000,0.50000,0.00000,0.00000,0.00000,0.00000,-1.00000,0.00000,-1.00000,0.00000,0.00000,-0.78500,-0.69594,-0.91667,-0.68416,-0.77667,-0.68416,-0.91667,-0.69594,1.00000,1.00000,1.00000,-0.40000,-1.00000,-1.00000,-1.00000,-1.00000,1.00000,1.00000,2,1,1,1,0,0,0,1,0,0
-0.65000,0.00000,-1.00000,0.50000,0.00000,0.00000,0.00000,0.00000,-1.00000,0.00000,-1.00000,0.00000,0.00000,-0.79500,-0.71009,-0.91667,-0.67002,-0.76667,-0.67002,-0.91667,-0.71009,1.00000,1.00000,1.00000,-0.40000,-1.00000,-1.00000,-1.00000,-1.00000,1.00000,1.00000,2,1,1,1,0,0,0,1,0,0
-0.63500,0.00000,-1.00000,0.50000,0.00000,0.00000,0.00000,0.00000,-1.00000,0.00000,-1.00000,0.00000,0.00000,-0.80500,-0.72423,-0.91667,-0.65587,-0.75667,-0.65587,-0.91667,-0.72423,1.00000,1.00000,1.00000,-0.40000,-1.00000,-1.00000,-1.00000,-1.00000,1.00000,1.00000,2,1,1,1,0,0,0,1,0,0
-0.62000,0.00000,-1.00000,0.50000,0.00000,0.00000,0.00000,0.00000,-1.00000,0.00000,-1.00000,0.00000,0.00000,-0.81500,-0.73837,-0.55833,-0.64173,-0.74667,-0.64173,-0.55833,-0.73837,1.00000,1.00000,1.00000,-0.40000,-1.00000,-1.00000,-1.00000,-1.00000,1.00000,1.00000,2,1,1,1,0,0,0,1,0,0
-0.60500,0.00000,-1.00000,0.50000,0.00000,0.00000,0.00000,0.00000,-1.00000,0.00000,-1.00000,0.00000,0.00000,-0.82500,-0.75251,-0.55833,-0.62759,-0.73667,-0.62759,-0.55833,-0.75251,1.00000,1.00000,1.00000,-0.40000,-1.00000,-1.00000,-1.00000,-1.00000,1.00000,1.00000,2,1,1,1,0,0,0,1,0,0
-0.59000,0.00000,-1.00000,0.50000,0.00000,0.00000,0.00000,0.00000,-1.00000,0.00000,-1.00000,0.00000,0.00000,-0.83500,-0.76665,-0.55833,-0.61345,-0.72667,-0.61345,-0.55833,-0.76665,1.00000,1.00000,1.00000,-0.40000,-1.00000,-1.00000,-1.00000,-1.00000,1.00000,1.00000,2,1,1,1,0,0,0,1,0,0
-0.57500,0.00000,-1.00000,0.50000,0.00000,0.00000,0.00000,0.00000,-1.00000,0.00000,-1.00000,0.00000,0.00000,-0.84500,-0.78080,-0.55833,-0.59931,-0.71667,-0.59931,-0.55833,-0.78080,1.00000,1.00000,1.00000,-0.40000,-1.00000,-1.00000,-1.00000,-1.00000,1.00000,1.00000,2,1,1,1,0,0,0,1,0,0
-0.56000,0.00000,-1.00000,0.50000,0.00000,0.00000,0.00000,0.00000,-1.00000,0.00000,-1.00000,0.00000,0.00000,-0.85500,-0.79494,-0.55833,-0.58516,-0.70667,-0.58516,-0.55833,-0.79494,1.00000,1.00000,1.00000,-0.40000,-1.00000,-1.00000,-1.00000,-1.00000,1.00000,1.00000,2,1,1,1,0,0,0,1,0,0
-0.54500,0.00000,-1.00000,0.50000,0.00000,0.00000,0.00000,0.00000,-1.00000,0.00000,-1.00000,0.00000,0.00000,-0.86500,-0.80908,-0.55833,-0.88215,-0.69667,-0.88215,-0.55833,-0.80908,1.00000,1.00000,1.00000,-0.40000,-1.00000,-1.00000,-1.00000,-1.00000,1.00000,1.00000,2,1,1,1,0,0,0,1,0,0
-0.53000,0.00000,-1.00000,0.50000,0.00000,0.00000,0.00000,0.00000,-1.00000,0.00000,-1.00000,0.00000,0.00000,-0.87500,-0.82322,-0.55833,-0.88215,-0.68667,-0.88215,-0.55833,-0.82322,1.00000,1.00000,1.00000,-0.40000,-1.00000,-1.00000,-1.00000,-1.00000,1.00000,1.00000,2,1,1,1,0,0,0,1,0,0
-0.51500,0.00000,-1.00000,0.50000,0.00000,0.00000,0.00000,0.00000,-1.00000,0.00000,-1.00000,0.00000,0.00000,-0.88500,-0.83737,-0.55833,-0.88215,-0.67667,-0.88215,-0.55833,-0.83737,1.00000,1.00000,1.00000,-0.40000,-1.00000,-1.00000,-1.00000,-1.00000,1.00000,1.00000,2,1,1,1,0,0,0,1,0,0
-0.50000,0.00000,-1.00000,0.50000,0.00000,0.00000,0.00000,0.00000,-1.00000,0.00000,-1.00000,0.00000,0.00000,-0.89500,-0.85151,-0.55833,-0.88215,-0.66667,-0.88215,-0.55833,-0.85151,1.00000,1.00000,1.00000,-0.40000,-1.00000,-1.00000,-1.00000,-1.00000,1.00000,1.00000,2,1,1,1,0,0,0,1,0,0
-0.48500,0.00000,-1.00000,0.50000,0.00000,0.00000,0.00000,0.00000,-1.00000,0.00000,-1.00000,0.00000,0.00000,-0.90500,-0.86565,-0.55833,-0.86801,-0.65667,-0.86801,-0.55833,-0.86565,1.00000,1.00000,1.00000,-0.40000,-1.00000,-1.00000,-1.00000,-1.00000,1.00000,1.00000,2,1,1,1,0,0,0,1,0,0
-0.47000,0.00000,-1.00000,0.50000,0.00000,0.00000,0.00000,0.00000,-1.00000,0.00000,-1.00000,0.00000,0.00000,-0.91500,-0.87979,-0.55833,-0.85386,-0.64667,-0.85386,-0.55833,-0.87979,1.00000,1.00000,1.00000,-0.40000,-1.00000,-1.00000,-1.00000,-1.00000,1.00000,1.00000,2,1,1,1,0,0,0,1,0,0
-0.45500,0.00000,-1.00000,0.50000,0.00000,0.00000,0.00000,0.00000,-1.00000,0.00000,-1.00000,0.00000,0.00000,-0.92500,-0.89393,-0.55833,-0.83972,-0.63667,-0.83972,-0.55833,-0.89393,1.00000,1.00000,1.00000,-0.40000,-1.00000,-1.00000,-1.00000,-1.00000,1.00000,1.00000,2,1,1,1,0,0,0,1,0,0
-0.44000,0.00000,-1.00000,0.50000,0.00000,0.00000,0.00000,0.00000,-1.00000,0.00000,-1.00000,0.00000,0.00000,-0.93500,-0.90808,-0.55833,-0.82558,-0.62667,-0.82558,-0.55833,-0.90808,1.00000,1.00000,1.00000,-0.40000,-1.00000,-1.00000,-1.00000,-1.00000,1.00000,1.00000,2,1,1,1,0,0,0,1,0,0
-0.42500,0.00000,-1.00000,0.50000,0.00000,0.00000,0.00000,0.00000,-1.00000,0.00000,-1.00000,0.00000,0.00000,-0.94500,-0.92222,-0.55833,-0.81144,-0.61667,-0.81144,-0.55833,-0.92222,1.00000,1.00000,1.00000,-0.40000,-1.00000,-1.00000,-1.00000,-1.00000,1.00000,1.00000,2,1,1,1,0,0,0,1,0,0
-0.41000,0.00000,-1.00000,0.50000,0.00000,0.00000,0.00000,0.00000,-1.00000,0.00000,-1.00000,0.00000,0.00000,-0.95500,-0.93636,-0.55833,-0.79730,-0.60667,-0.79730,-0.55833,-0.93636,1.00000,1.00000,1.00000,-0.40000,-1.00000,-1.00000,-1.00000,-1.00000,1.00000,1.00000,2,1,1,1,0,0,0,1,0,0
-0.39500,0.00000,-1.00000,0.50000,0.00000,0.00000,0.00000,0.00000,-1.00000,0.00000,-1.00000,0.00000,0.00000,-0.96500,-0.95050,-0.55833,-0.78315,-0.59667,-0.78315,-0.55833,-0.95050,1.00000,1.00000,1.00000,-0.40000,-1.00000,-1.00000,-1.00000,-1.00000,1.00000,1.00000,2,1,1,1,0,0,0,1,0,0
-0.38000,0.00000,-1.00000,0.50000,0.00000,0.00000,0.00000,0.00000,-1.00000,0.00000,-1.00000,0.00000,0.00000,-0.97500,-0.96464,-0.55833,-0.76901,-0.58667,-0.76901,-0.55833,-0.96464,1.00000,1.00000,1.00000,-0.40000,-1.00000,-1.00000,-1.00000,-1.00000,1.00000,1.00000,2,1,1,1,0,0,0,1,0,0
-0.36500,0.00000,-1.00000,0.50000,0.00000,0.00000,0.00000,0.00000,-1.00000,0.00000,-1.00000,0.00000,0.00000,-0.98500,-0.97879,-0.55833,-0.75487,-0.57667,-0.75487,-0.55833,-0.97879,1.00000,1.00000,1.00000,-0.40000,-1.00000,-1.00000,-1.00000,-1.00000,1.00000,1.00000,2,1,1,1,0,0,0,1,0,0
-0.36125,0.00000,-1.00000,0.50000,0.00000,0.00000,0.00000,0.00000,-1.00000,0.00000,-1.00000,0.00000,0.00000,-0.98750,-0.98232,-0.55833,-0.75133,-0.57417,-0.75133,-0.55833,-0.98232,1.00000,1.00000,1.00000,-0.40000,-1.00000,-1.00000,-1.00000,-1.00000,1.00000,1.00000,2,1,1,1,0,0,0,1,0,0
-0.36125,0.00000,-1.00000,0.50000,0.00000,0.00000,0.00000,0.00000,-1.00000,0.00000,-1.00000,0.00000,0.00000,-0.98750,-0.98232,-0.55833,-0.75133,-0.57417,-0.75133,-0.55833,-0.98232,1.00000,1.00000,1.00000,-0.40000,-1.00000,-1.00000,-1.00000,-1.00000,1.00000,1.00000,2,1,1,1,0,0,0,1,0,0
-0.36125,0.00000,-1.00000,0.50000,0.00000,0.00000,0.00000,0.00000,-1.00000,0.00000,-1.00000,0.00000,0.00000,-0.98750,-0.98232,-0.55833,-0.75133,-0.57417,-0.75133,-0.55833,-0.98232,1.00000,1.00000,1.00000,-0.40000,-1.00000,-1.00000,-1.00000,-1.00000,1.00000,1.00000,2,1,1,1,0,0,0,1,0,0
-0.36125,0.00000,-1.00000,0.50000,0.00000,0.00000,0.00000,0.00000,-1.00000,0.00000,-1.00000,0.00000,0.00000,-0.98750,-0.98232,-0.55833,-0.75133,-0.57417,-0.75133,-0.55833,-0.98232,1.00000,1.00000,1.00000,-0.40000,-1.00000,-1.00000,-1.00000,-1.00000,1.00000,1.00000,2,1,0,1,0,0,0,1,0,0
-0.36125,0.00224,-1.00000,0.44270,0.00000,0.00000,0.00000,0.00000,-1.00000,0.00000,-1.00000,0.00000,0.00000,-0.98729,-0.98480,-0.93018,-0.46151,-0.56717,-0.78616,-0.55222,-0.97804,1.00000,1.00000,1.00000,-0.40000,-1.00000,-1.00000,-1.00000,-1.00000,1.00000,1.00000,2,1,2,1,0,0,0,1,0,0
-0.36125,0.00359,-1.00000,0.50000,0.00000,0.00000,0.00000,0.00000,-1.00000,0.00000,-1.00000,0.00000,0.00000,-0.98750,-0.98232,-0.55654,-0.75133,-0.57417,-0.75133,-0.56013,-0.98232,1.00000,1.00000,1.00000,-0.40000,-1.00000,-1.00000,-1.00000,-1.00000,1.00000,1.00000,2,1,0,1,0,0,0,1,0,0
-0.36125,0.00583,-1.00000,0.44270,0.00000,0.00000,0.00000,0.00000,-1.00000,0.00000,-1.00000,0.00000,0.00000,-0.98729,-0.98480,-0.93018,-0.45933,-0.56717,-0.78616,-0.55404,-0.97804,1.00000,1.00000,1.00000,-0.40000,-1.00000,-1.00000,-1.00000,-1.00000,1.00000,1.00000,2,1,2,1,0,0,0,1,0,0
-0.36125,0.00718,-1.00000,0.50000,0.00000,0.00000,0.00000,0.00000,-1.00000,0.00000,-1.00000,0.00000,0.00000,-0.98750,-0.98232,-0.55474,-0.75133,-0.57417,-0.75133,-0.56192,-0.98232,1.00000,1.00000,1.00000,-0.40000,-1.00000,-1.00000,-1.00000,-1.00000,1.00000,1.00000,2,1,0,1,0,0,0,1,0,0
-0.36125,0.00942,-1.00000,0.44270,0.00000,0.00000,0.00000,0.00000,-1.00000,0.00000,-1.00000,0.00000,0.00000,-0.98729,-0.98480,-0.93018,-0.69103,-0.56717,-0.78616,-0.55587,-0.97804,1.00000,1.00000,1.00000,-0.40000,-1.00000,-1.00000,-1.00000,-1.00000,1.00000,1.00000,2,1,2,1,0,0,0,1,0,0
-0.36125,0.01077,-1.00000,0.50000,0.00000,0.00000,0.00000,0.00000,-1.00000,0.00000,-1.00000,0.00000,0.00000,-0.98750,-0.98232,-0.55295,-0.75133,-0.57417,-0.75133,-0.56372,-0.98232,1.00000,1.00000,1.00000,-0.40000,-1.00000,-1.00000,-1.00000,-1.00000,1.00000,1.00000,2,1,0,1,0,0,0,1,0,0
-0.36125,0.01301,-1.00000,0.44270,0.00000,0.00000,0.00000,0.00000,-1.00000,0.00000,-1.00000,0.00000,0.00000,-0.98729,-0.98480,-0.93018,-0.69103,-0.56717,-0.78616,-0.55769,-0.97804,1.00000,1.00000,1.00000,-0.40000,-1.00000,-1.00000,-1.00000,-1.00000,1.00000,1.00000,2,1,2,1,0,0,0,1,0,0
-0.36125,0.01436,-1.00000,0.50000,0.00000,0.00000,0.00000,0.00000,-1.00000,0.00000,-1.00000,0.00000,0.00000,-0.98750,-0.98232,-0.55115,-0.75133,-0.57417,-0.75133,-0.56551,-0.98232,1.00000,1.00000,1.00000,-0.40000,-1.00000,-1.00000,-1.00000,-1.00000,1.00000,1.00000,2,1,0,1,0,0,0,1,0,0
-0.36125,0.01660,-1.00000,0.44270,0.00000,0.00000,0.00000,0.00000,-1.00000,0.00000,-1.00000,0.00000,0.00000,-0.98729,-0.98480,-0.93018,-0.69103,-0.56717,-0.78616,-0.55952,-0.97804,1.00000,1.00000,1.00000,-0.40000,-1.00000,-1.00000,-1.00000,-1.00000,1.00000,1.00000,2,1,2,1,0,0,0,1,0,0
-0.36125,0.01795,-1.00000,0.50000,0.00000,0.00000,0.00000,0.00000,-1.00000,0.00000,-1.00000,0.00000,0.00000,-0.98750,-0.98232,-0.54936,-0.75133,-0.57417,-0.75133,-0.56731,-0.98232,1.00000,1.00000,1.00000,-0.40000,-1.00000,-1.00000,-1.00000,-1.00000,1.00000,1.00000,2,1,0,1,0,0,0,1,0,0
-0.36125,0.02019,-1.00000,0.44270,0.00000,0.00000,0.00000,0.00000,-1.00000,0.00000,-1.00000,0.00000,0.00000,-0.98729,-0.98480,-0.93018,-0.69103,-0.56717,-0.78616,-0.56134,-0.97804,1.00000,1.00000,1.00000,-0.40000,-1.00000,-1.00000,-1.00000,-1.00000,1.00000,1.00000,2,1,2,1,0,0,0,1,0,0
-0.36125,0.02154,-1.00000,0.50000,0.00000,0.00000,0.00000,0.00000,-1.00000,0.00000,-1.00000,0.00000,0.00000,-0.98750,-0.98232,-0.54756,-0.75133,-0.57417,-0.75133,-0.56910,-0.98232,1.00000,1.00000,1.00000,-0.40000,-1.00000,-1.00000,-1.00000,-1.00000,1.00000,1.00000,2,1,0,1,0,0,0,1,0,0
-0.36125,0.02378,-1.00000,0.44270,0.00000,0.00000,0.00000,0.00000,-1.00000,0.00000,-1.00000,0.00000,0.00000,-0.98729,-0.98480,-0.93018,-0.69103,-0.56717,-0.78616,-0.56317,-0.97804,1.00000,1.00000,1.00000,-0.40000,-1.00000,-1.00000,-1.00000,-1.00000,1.00000,1.00000,2,1,2,1,0,0,0,1,0,0
-0.36125,0.02513,-1.00000,0.50000,0.00000,0.00000,0.00000,0.00000,-1.00000,0.00000,-1.00000,0.00000,0.00000,-0.98750,-0.98232,-0.54577,-0.75133,-0.57417,-0.75133,-0.57090,-0.98232,1.00000,1.00000,1.00000,-0.40000,-1.00000,-1.00000,-1.00000,-1.00000,1.00000,1.00000,2,1,0,1,0,0,0,1,0,0
-0.36125,0.02737,-1.00000,0.44270,0.00000,0.00000,0.00000,0.00000,-1.00000,0.00000,-1.00000,0.00000,0.00000,-0.98729,-0.98480,-0.93018,-0.69103,-0.56717,-0.78616,-0.56499,-0.97804,1.00000,1.00000,1.00000,-0.40000,-1.00000,-1.00000,-1.00000,-1.00000,1.00000,1.00000,2,1,2,1,0,0,0,1,0,0
-0.36125,0.02872,-1.00000,0.50000,0.00000,0.00000,0.00000,0.00000,-1.00000,0.00000,-1.00000,0.00000,0.00000,-0.98750,-0.98232,-0.54397,-0.75133,-0.57417,-0.75133,-0.57269,-0.98232,1.00000,1.00000,1.00000,-0.40000,-1.00000,-1.00000,-1.00000,-1.00000,1.00000,1.00000,2,1,0,1,0,0,0,1,0,0
-0.36125,0.03096,-1.00000,0.44270,0.00000,0.00000,0.00000,0.00000,-1.00000,0.00000,-1.00000,0.00000,0.00000,-0.98729,-0.98480,-0.93018,-0.69103,-0.56717,-0.78616,-0.56681,-0.97804,1.00000,1.00000,1.00000,-0.40000,-1.00000,-1.00000,-1.00000,-1.00000,1.00000,1.00000,2,1,2,1,0,0,0,1,0,0
-0.36125,0.03231,-1.00000,0.50000,0.00000,0.00000,0.00000,0.00000,-1.00000,0.00000,-1.00000,0.00000,0.00000,-0.98750,-0.98232,-0.54218,-0.75133,-0.57417,-0.75133,-0.57449,-0.98232,1.00000,1.00000,1.00000,-0.40000,-1.00000,-1.00000,-1.00000,-1.00000,1.00000,1.00000,2,1,0,1,0,0,0,1,0,0
-0.36125,0.03455,-1.00000,0.44270,0.00000,0.00000,0.00000,0.00000,-1.00000,0.00000,-1.00000,0.00000,0.00000,-0.98729,-0.98480,-0.93018,-0.69103,-0.56717,-0.78616,-0.56864,-0.97804,1.00000,1.00000,1.00000,-0.40000,-1.00000,-1.00000,-1.00000,-1.00000,1.00000,1.00000,2,1,2,1,0,0,0,1,0,0
-0.36125,0.03590,-1.00000,0.50000,0.00000,0.00000,0.00000,0.00000,-1.00000,0.00000,-1.00000,0.00000,0.00000,-0.98750,-0.98232,-0.54038,-0.75133,-0.57417,-0.75133,-0.57628,-0.98232,1.00000,1.00000,1.00000,-0.40000,-1.00000,-1.00000,-1.00000,-1.00000,1.00000,1.00000,2,1,0,1,0,0,0,1,0,0
-0.36125,0.03814,-1.00000,0.44270,0.00000,0.00000,0.00000,0.00000,-1.00000,0.00000,-1.00000,0.00000,0.00000,-0.98729,-0.98480,-0.93018,-0.69103,-0.56717,-0.78616,-0.57046,-0.97804,1.00000,1.00000,1.00000,-0.40000,-1.00000,-1.00000,-1.00000,-1.00000,1.00000,1.00000,2,1,2,1,0,0,0,1,0,0
-0.36125,0.03949,-1.00000,0.50000,0.00000,0.00000,0.00000,0.00000,-1.00000,0.00000,-1.00000,0.00000,0.00000,-0.98750,-0.98232,-0.53859,-0.75133,-0.57417,-0.75133,-0.57808,-0.98232,1.00000,1.00000,1.00000,-0.40000,-1.00000,-1.00000,-1.00000,-1.00000,1.00000,1.00000,2,1,0,1,0,0,0,1,0,0
-0.36125,0.04173,-1.00000,0.44270,0.00000,0.00000,0.00000,0.00000,-1.00000,0.00000,-1.00000,0.00000,0.00000,-0.98729,-0.98480,-0.93018,-0.69103,-0.56717,-0.78616,-0.57229,-0.97804,1.00000,1.00000,1.00000,-0.40000,-1.00000,-1.00000,-1.00000,-1.00000,1.00000,1.00000,2,1,2,1,0,0,0,1,0,0
-0.36125,0.04308,-1.00000,0.50000,0.00000,0.00000,0.00000,0.00000,-1.00000,0.00000,-1.00000,0.00000,0.00000,-0.98750,-0.98232,-0.53680,-0.75133,-0.57417,-0.75133,-0.57987,-0.98232,1.00000,1.00000,1.00000,-0.40000,-1.00000,-1.00000,-1.00000,-1.00000,1.00000,1.00000,2,1,0,1,0,0,0,1,0,0
-0.36125,0.04532,-1.00000,0.44270,0.00000,0.00000,0.00000,0.00000,-1.00000,0.00000,-1.00000,0.00000,0.00000,-0.98729,-0.98480,-0.93018,-0.69103,-0.56717,-0.78616,-0.57411,-0.97804,1.00000,1.00000,1.00000,-0.40000,-1.00000,-1.00000,-1.00000,-1.00000,1.00000,1.00000,2,1,2,1,0,0,0,1,0,0
-0.36125,0.04667,-1.00000,0.50000,0.00000,0.00000,0.00000,0.00000,-1.00000,0.00000,-1.00000,0.00000,0.00000,-0.98750,-0.98232,-0.53500,-0.75133,-0.57417,-0.75133,-0.58167,-0.98232,1.00000,1.00000,1.00000,-0.40000,-1.00000,-1.00000,-1.00000,-1.00000,1.00000,1.00000,2,1,0,1,0,0,0,1,0,0
-0.36125,0.04891,-1.00000,0.44270,0.00000,0.00000,0.00000,0.00000,-1.00000,0.00000,-1.00000,0.00000,0.00000,-0.98729,-0.98480,-0.93018,-0.69103,-0.56717,-0.78616,-0.57594,-0.97804,1.00000,1.00000,1.00000,-0.40000,-1.00000,-1.00000,-1.00000,-1.00000,1.00000,1.00000,2,1,2,1,0,0,0,1,0,0
-0.36125,0.05026,-1.00000,0.50000,0.00000,0.00000,0.00000,0.00000,-1.00000,0.00000,-1.00000,0.00000,0.00000,-0.98750,-0.98232,-0.53321,-0.75133,-0.57417,-0.75133,-0.58346,-0.98232,1.00000,1.00000,1.00000,-0.40000,-1.00000,-1.00000,-1.00000,-1.00000,1.00000,1.00000,2,1,0,1,0,0,0,1,0,0
-0.36125,0.05250,-1.00000,0.44270,0.00000,0.00000,0.00000,0.00000,-1.00000,0.00000,-1.00000,0.00000,0.00000,-0.98729,-0.98480,-0.93018,-0.69103,-0.56717,-0.78616,-0.57776,-0.97804,1.00000,1.00000,1.00000,-0.40000,-1.00000,-1.00000,-1.00000,-1.00000,1.00000,1.00000,2,1,2,1,0,0,0,1,0,0
-0.36125,0.05385,-1.00000,0.50000,0.00000,0.00000,0.00000,0.00000,-1.00000,0.00000,-1.00000,0.00000,0.00000,-0.98750,-0.98232,-0.53141,-0.75133,-0.57417,-0.75133,-0.58526,-0.98232,1.00000,1.00000,1.00000,-0.40000,-1.00000,-1.00000,-1.00000,-1.00000,1.00000,1.00000,2,1,0,1,0,0,0,1,0,0
-0.36125,0.05609,-1.00000,0.44270,0.00000,0.00000,0.00000,0.00000,-1.00000,0.00000,-1.00000,0.00000,0.00000,-0.98729,-0.98480,-0.93018,-0.69103,-0.56717,-0.78616,-0.57958,-0.97804,1.00000,1.00000,1.00000,-0.40000,-1.00000,-1.00000,-1.00000,-1.00000,1.00000,1.00000,2,1,2,1,0,0,0,1,0,0
-0.36125,0.05743,-1.00000,0.50000,0.00000,0.00000,0.00000,0.00000,-1.00000,0.00000,-1.00000,0.00000,0.00000,-0.98750,-0.98232,-0.52962,-0.75133,-0.57417,-0.75133,-0.58705,-0.98232,1.00000,1.00000,1.00000,-0.40000,-1.00000,-1.00000,-1.00000,-1.00000,1.00000,1.00000,2,1,1,1,0,0,0,1,0,0
-0.36125,0.05743,-1.00000,0.50000,0.00000,0.00000,0.00000,0.00000,-1.00000,0.00000,-1.00000,0.00000,0.00000,-0.98750,-0.98232,-0.52962,-0.75133,-0.57417,-0.75133,-0.58705,-0.98232,1.00000,1.00000,1.00000,-0.40000,-1.00000,-1.00000,-1.00000,-1.00000,1.00000,1.00000,2,1,1,1,0,0,0,1,0,0
-0.36125,0.05743,-1.00000,0.50000,0.00000,0.00000,0.00000,0.00000,-1.00000,0.00000,-1.00000,0.00000,0.00000,-0.98750,-0.98232,-0.52962,-0.75133,-0.57417,-0.75133,-0.58705,-0.98232,1.00000,1.00000,1.00000,-0.40000,-1.00000,-1.00000,-1.00000,-1.00000,1.00000,1.00000,2,1,2,1,0,0,0,1,0,0
-0.36125,0.05519,-1.00000,0.55730,0.00000,0.00000,0.00000,0.00000,-1.00000,0.00000,-1.00000,0.00000,0.00000,-0.98729,-0.97804,-0.52303,-0.78616,-0.56717,-0.49643,-0.93018,-0.98480,1.00000,1.00000,1.00000,-0.40000,-1.00000,-1.00000,-1.00000,-1.00000,1.00000,1.00000,2,1,0,1,0,0,0,1,0,0
-0.36125,0.05385,-1.00000,0.50000,0.00000,0.00000,0.00000,0.00000,-1.00000,0.00000,-1.00000,0.00000,0.00000,-0.98750,-0.98232,-0.53141,-0.75133,-0.57417,-0.75133,-0.58526,-0.98232,1.00000,1.00000,1.00000,-0.40000,-1.00000,-1.00000,-1.00000,-1.00000,1.00000,1.00000,2,1,2,1,0,0,0,1,0,0
-0.36125,0.05160,-1.00000,0.55730,0.00000,0.00000,0.00000,0.00000,-1.00000,0.00000,-1.00000,0.00000,0.00000,-0.98729,-0.97804,-0.52486,-0.78616,-0.56717,-0.49425,-0.93018,-0.98480,1.00000,1.00000,1.00000,-0.40000,-1.00000,-1.00000,-1.00000,-1.00000,1.00000,1.00000,2,1,0,1,0,0,0,1,0,0
-0.36125,0.05026,-1.00000,0.50000,0.00000,0.00000,0.00000,0.00000,-1.00000,0.00000,-1.00000,0.00000,0.00000,-0.98750,-0.98232,-0.53321,-0.75133,-0.57417,-0.75133,-0.58346,-0.98232,1.00000,1.00000,1.00000,-0.40000,-1.00000,-1.00000,-1.00000,-1.00000,1.00000,1.00000,2,1,2,1,0,0,0,1,0,0
-0.36125,0.04801,-1.00000,0.55730,0.00000,0.00000,0.00000,0.00000,-1.00000,0.00000,-1.00000,0.00000,0.00000,-0.98729,-0.97804,-0.52668,-0.78616,-0.56717,-0.49207,-0.93018,-0.98480,1.00000,1.00000,1.00000,-0.40000,-1.00000,-1.00000,-1.00000,-1.00000,1.00000,1.00000,2,1,0,1,0,0,0,1,0,0
-0.36125,0.04667,-1.00000,0.50000,0.00000,0.00000,0.00000,0.00000,-1.00000,0.00000,-1.00000,0.00000,0.00000,-0.98750,-0.98232,-0.53500,-0.75133,-0.57417,-0.75133,-0.58167,-0.98232,1.00000,1.00000,1.00000,-0.40000,-1.00000,-1.00000,-1.00000,-1.00000,1.00000,1.00000,2,1,2,1,0,0,0,1,0,0
-0.36125,0.04442,-1.00000,0.55730,0.00000,0.00000,0.00000,0.00000,-1.00000,0.00000,-1.00000,0.00000,0.00000,-0.98729,-0.97804,-0.52850,-0.78616,-0.56717,-0.48989,-0.93018,-0.98480,1.00000,1.00000,1.00000,-0.40000,-1.00000,-1.00000,-1.00000,-1.00000,1.00000,1.00000,2,1,0,1,0,0,0,1,0,0
-0.36125,0.04308,-1.00000,0.50000,0.00000,0.00000,0.00000,0.00000,-1.00000,0.00000,-1.00000,0.00000,0.00000,-0.98750,-0.98232,-0.53680,-0.75133,-0.57417,-0.75133,-0.57987,-0.98232,1.00000,1.00000,1.00000,-0.40000,-1.00000,-1.00000,-1.00000,-1.00000,1.00000,1.00000,2,1,2,1,0,0,0,1,0,0
-0.36125,0.04083,-1.00000,0.55730,0.00000,0.00000,0.00000,0.00000,-1.00000,0.00000,-1.00000,0.00000,0.00000,-0.98729,-0.97804,-0.53033,-0.78616,-0.56717,-0.48770,-0.93018,-0.98480,1.00000,1.00000,1.00000,-0.40000,-1.00000,-1.00000,-1.00000,-1.00000,1.00000,1.00000,2,1,0,1,0,0,0,1,0,0
-0.36125,0.03949,-1.00000,0.50000,0.00000,0.00000,0.00000,0.00000,-1.00000,0.00000,-1.00000,0.00000,0.00000,-0.98750,-0.98232,-0.53859,-0.75133,-0.57417,-0.75133,-0.57808,-0.98232,1.00000,1.00000,1.00000,-0.40000,-1.00000,-1.00000,-1.00000,-1.00000,1.00000,1.00000,2,1,2,1,0,0,0,1,0,0
-0.36125,0.03724,-1.00000,0.55730,0.00000,0.00000,0.00000,0.00000,-1.00000,0.00000,-1.00000,0.00000,0.00000,-0.98729,-0.97804,-0.53215,-0.78616,-0.56717,-0.48552,-0.93018,-0.98480,1.00000,1.00000,1.00000,-0.40000,-1.00000,-1.00000,-1.00000,-1.00000,1.00000,1.00000,2,1,0,1,0,0,0,1,0,0
-0.36125,0.03590,-1.00000,0.50000,0.00000,0.00000,0.00000,0.00000,-1.00000,0.00000,-1.00000,0.00000,0.00000,-0.98750,-0.98232,-0.54038,-0.75133,-0.57417,-0.75133,-0.57628,-0.98232,1.00000,1.00000,1.00000,-0.40000,-1.00000,-1.00000,-1.00000,-1.00000,1.00000,1.00000,2,1,2,1,0,0,0,1,0,0
-0.36125,0.03365,-1.00000,0.55730,0.00000,0.00000,0.00000,0.00000,-1.00000,0.00000,-1.00000,0.00000,0.00000,-0.98729,-0.97804,-0.53398,-0.78616,-0.56717,-0.48334,-0.93018,-0.98480,1.00000,1.00000,1.00000,-0.40000,-1.00000,-1.00000,-1.00000,-1.00000,1.00000,1.00000,2,1,0,1,0,0,0,1,0,0
-0.36125,0.03231,-1.00000,0.50000,0.00000,0.00000,0.00000,0.00000,-1.00000,0.00000,-1.00000,0.00000,0.00000,-0.98750,-0.98232,-0.54218,-0.75133,-0.57417,-0.75133,-0.57449,-0.98232,1.00000,1.00000,1.00000,-0.40000,-1.00000,-1.00000,-1.00000,-1.00000,1.00000,1.00000,2,1,2,1,0,0,0,1,0,0
-0.36125,0.03006,-1.00000,0.55730,0.00000,0.00000,0.00000,0.00000,-1.00000,0.00000,-1.00000,0.00000,0.00000,-0.98729,-0.97804,-0.53580,-0.78616,-0.56717,-0.48115,-0.93018,-0.98480,1.00000,1.00000,1.00000,-0.40000,-1.00000,-1.00000,-1.00000,-1.00000,1.00000,1.00000,2,1,0,1,0,0,0,1,0,0
-0.36125,0.02872,-1.00000,0.50000,0.00000,0.00000,0.00000,0.00000,-1.00000,0.00000,-1.00000,0.00000,0.00000,-0.98750,-0.98232,-0.54397,-0.75133,-0.57417,-0.75133,-0.57269,-0.98232,1.00000,1.00000,1.00000,-0.40000,-1.00000,-1.00000,-1.00000,-1.00000,1.00000,1.00000,2,1,2,1,0,0,0,1,0,0
-0.36125,0.02648,-1.00000,0.55730,0.00000,0.00000,0.00000,0.00000,-1.00000,0.00000,-1.00000,0.00000,0.00000,-0.98729,-0.97804,-0.53763,-0.78616,-0.56717,-0.47897,-0.93018,-0.98480,1.00000,1.00000,1.00000,-0.40000,-1.00000,-1.00000,-1.00000,-1.00000,1.00000,1.00000,2,1,0,1,0,0,0,1,0,0
-0.36125,0.02513,-1.00000,0.50000,0.00000,0.00000,0.00000,0.00000,-1.00000,0.00000,-1.00000,0.00000,0.00000,-0.98750,-0.98232,-0.54577,-0.75133,-0.57417,-0.75133,-0.57090,-0.98232,1.00000,1.00000,1.00000,-0.40000,-1.00000,-1.00000,-1.00000,-1.00000,1.00000,1.00000,2,1,2,1,0,0,0,1,0,0
-0.36125,0.02289,-1.00000,0.55730,0.00000,0.00000,0.00000,0.00000,-1.00000,0.00000,-1.00000,0.00000,0.00000,-0.98729,-0.97804,-0.53945,-0.78616,-0.56717,-0.47679,-0.93018,-0.98480,1.00000,1.00000,1.00000,-0.40000,-1.00000,-1.00000,-1.00000,-1.00000,1.00000,1.00000,2,1,0,1,0,0,0,1,0,0
-0.36125,0.02154,-1.00000,0.50000,0.00000,0.00000,0.00000,0.00000,-1.00000,0.00000,-1.00000,0.00000,0.00000,-0.98750,-0.98232,-0.54756,-0.75133,-0.57417,-0.75133,-0.56910,-0.98232,1.00000,1.00000,1.00000,-0.40000,-1.00000,-1.00000,-1.00000,-1.00000,1.00000,1.00000,2,1,1,1,0,0,0,1,0,0
-0.36125,0.02154,-1.00000,0.50000,0.00000,0.00000,0.00000,0.00000,-1.00000,0.00000,-1.00000,0.00000,0.00000,-0.98750,-0.98232,-0.54756,-0.75133,-0.57417,-0.75133,-0.56910,-0.98232,1.00000,1.00000,1.00000,-0.40000,-1.00000,-1.00000,-1.00000,-1.00000,1.00000,1.00000,2,1,0,1,0,0,0,1,0,0
-0.36125,0.02378,-1.00000,0.44270,0.00000,0.00000,0.00000,0.00000,-1.00000,0.00000,-1.00000,0.00000,0.00000,-0.98729,-0.98480,-0.93018,-0.69103,-0.56717,-0.78616,-0.56317,-0.97804,1.00000,1.00000,1.00000,-0.40000,-1.00000,-1.00000,-1.00000,-1.00000,1.00000,1.00000,2,1,2,1,0,0,0,1,0,0
-0.36125,0.02513,-1.00000,0.50000,0.00000,0.00000,0.00000,0.00000,-1.00000,0.00000,-1.00000,0.00000,0.00000,-0.98750,-0.98232,-0.54577,-0.75133,-0.57417,-0.75133,-0.57090,-0.98232,1.00000,1.00000,1.00000,-0.40000,-1.00000,-1.00000,-1.00000,-1.00000,1.00000,1.00000,2,1,0,1,0,0,0,1,0,0
-0.36125,0.02737,-1.00000,0.44270,0.00000,0.00000,0.00000,0.00000,-1.00000,0.00000,-1.00000,0.00000,0.00000,-0.98729,-0.98480,-0.93018,-0.69103,-0.56717,-0.78616,-0.56499,-0.97804,1.00000,1.00000,1.00000,-0.40000,-1.00000,-1.00000,-1.00000,-1.00000,1.00000,1.00000,2,1,2,1,0,0,0,1,0,0
-0.36125,0.02872,-1.00000,0.50000,0.00000,0.00000,0.00000,0.00000,-1.00000,0.00000,-1.00000,0.00000,0.00000,-0.98750,-0.98232,-0.54397,-0.75133,-0.57417,-0.75133,-0.57269,-0.98232,1.00000,1.00000,1.00000,-0.40000,-1.00000,-1.00000,-1.00000,-1.00000,1.00000,1.00000,2,1,0,1,0,0,0,1,0,0
-0.36125,0.03096,-1.00000,0.44270,0.00000,0.00000,0.00000,0.00000,-1.00000,0.00000,-1.00000,0.00000,0.00000,-0.98729,-0.98480,-0.93018,-0.69103,-0.56717,-0.78616,-0.56681,-0.97804,1.00000,1.00000,1.00000,-0.40000,-1.00000,-1.00000,-1.00000,-1.00000,1.00000,1.00000,2,1,2,1,0,0,0,1,0,0
-0.36125,0.03231,-1.00000,0.50000,0.00000,0.00000,0.00000,0.00000,-1.00000,0.00000,-1.00000,0.00000,0.00000,-0.98750,-0.98232,-0.54218,-0.75133,-0.57417,-0.75133,-0.57449,-0.98232,1.00000,1.00000,1.00000,-0.40000,-1.00000,-1.00000,-1.00000,-1.00000,1.00000,1.00000,2,1,0,1,0,0,0,1,0,0
-0.36125,0.03455,-1.00000,0.44270,0.00000,0.00000,0.00000,0.00000,-1.00000,0.00000,-1.00000,0.00000,0.00000,-0.98729,-0.98480,-0.93018,-0.69103,-0.56717,-0.78616,-0.56864,-0.97804,1.00000,1.00000,1.00000,-0.40000,-1.00000,-1.00000,-1.00000,-1.00000,1.00000,1.00000,2,1,2,1,0,0,0,1,0,0
-0.36125,0.03590,-1.00000,0.50000,0.00000,0.00000,0.00000,0.00000,-1.00000,0.00000,-1.00000,0.00000,0.00000,-0.98750,-0.98232,-0.54038,-0.75133,-0.57417,-0.75133,-0.57628,-0.98232,1.00000,1.00000,1.00000,-0.40000,-1.00000,-1.00000,-1.00000,-1.00000,1.00000,1.00000,2,1,0,1,0,0,0,1,0,0
-0.36125,0.03814,-1.00000,0.44270,0.00000,0.00000,0.00000,0.00000,-1.00000,0.00000,-1.00000,0.00000,0.00000,-0.98729,-0.98480,-0.93018,-0.69103,-0.56717,-0.78616,-0.57046,-0.97804,1.00000,1.00000,1.00000,-0.40000,-1.00000,-1.00000,-1.00000,-1.00000,1.00000,1.00000,2,1,2,1,0,0,0,1,0,0
-0.36125,0.03949,-1.00000,0.50000,0.00000,0.00000,0.00000,0.00000,-1.00000,0.00000,-1.00000,0.00000,0.00000,-0.98750,-0.98232,-0.53859,-0.75133,-0.57417,-0.75133,-0.57808,-0.98232,1.00000,1.00000,1.00000,-0.40000,-1.00000,-1.00000,-1.00000,-1.00000,1.00000,1.00000,2,1,0,1,0,0,0,1,0,0
-0.36125,0.04173,-1.00000,0.44270,0.00000,0.00000,0.00000,0.00000,-1.00000,0.00000,-1.00000,0.00000,0.00000,-0.98729,-0.98480,-0.93018,-0.69103,-0.56717,-0.78616,-0.57229,-0.97804,1.00000,1.00000,1.00000,-0.40000,-1.00000,-1.00000,-1.00000,-1.00000,1.00000,1.00000,2,1,2,1,0,0,0,1,0,0
-0.36125,0.04308,-1.00000,0.50000,0.00000,0.00000,0.00000,0.00000,-1.00000,0.00000,-1.00000,0.00000,0.00000,-0.98750,-0.98232,-0.53680,-0.75133,-0.57417,-0.75133,-0.57987,-0.98232,1.00000,1.00000,1.00000,-0.40000,-1.00000,-1.00000,-1.00000,-1.00000,1.00000,1.00000,2,1,0,1,0,0,0,1,0,0
-0.36125,0.04532,-1.00000,0.44270,0.00000,0.00000,0.00000,0.00000,-1.00000,0.00000,-1.00000,0.00000,0.00000,-0.98729,-0.98480,-0.93018,-0.69103,-0.56717,-0.78616,-0.57411,-0.97804,1.00000,1.00000,1.00000,-0.40000,-1.00000,-1.00000,-1.00000,-1.00000,1.00000,1.00000,2,1,2,1,0,0,0,1,0,0
-0.36125,0.04667,-1.00000,0.50000,0.00000,0.00000,0.00000,0.00000,-1.00000,0.00000,-1.00000,0.00000,0.00000,-0.98750,-0.98232,-0.53500,-0.75133,-0.57417,-0.75133,-0.58167,-0.98232,1.00000,1.00000,1.00000,-0.40000,-1.00000,-1.00000,-1.00000,-1.00000,1.00000,1.00000,2,1,0,1,0,0,0,1,0,0
-0.36125,0.04891,-1.00000,0.44270,0.00000,0.00000,0.00000,0.00000,-1.00000,0.00000,-1.00000,0.00000,0.00000,-0.98729,-0.98480,-0.93018,-0.69103,-0.56717,-0.78616,-0.57594,-0.97804,1.00000,1.00000,1.00000,-0.40000,-1.00000,-1.00000,-1.00000,-1.00000,1.00000,1.00000,2,1,2,1,0,0,0,1,0,0
-0.36125,0.05026,-1.00000,0.50000,0.00000,0.00000,0.00000,0.00000,-1.00000,0.00000,-1.00000,0.00000,0.00000,-0.98750,-0.98232,-0.53321,-0.75133,-0.57417,-0.75133,-0.58346,-0.98232,1.00000,1.00000,1.00000,-0.40000,-1.00000,-1.00000,-1.00000,-1.00000,1.00000,1.00000,2,1,0,1,0,0,0,1,0,0
-0.36125,0.05250,-1.00000,0.44270,0.00000,0.00000,0.00000,0.00000,-1.00000,0.00000,-1.00000,0.00000,0.00000,-0.98729,-0.98480,-0.93018,-0.69103,-0.56717,-0.78616,-0.57776,-0.97804,1.00000,1.00000,1.00000,-0.40000,-1.00000,-1.00000,-1.00000,-1.00000,1.00000,1.00000,2,1,2,1,0,0,0,1,0,0
-0.36125,0.05385,-1.00000,0.50000,0.00000,0.00000,0.00000,0.00000,-1.00000,0.00000,-1.00000,0.00000,0.00000,-0.98750,-0.98232,-0.53141,-0.75133,-0.57417,-0.75133,-0.58526,-0.98232,1.00000,1.00000,1.00000,-0.40000,-1.00000,-1.00000,-1.00000,-1.00000,1.00000,1.00000,2,1,0,1,0,0,0,1,0,0
-0.36125,0.05609,-1.00000,0.44270,0.00000,0.00000,0.00000,0.00000,-1.00000,0.00000,-1.00000,0.00000,0.00000,-0.98729,-0.98480,-0.93018,-0.69103,-0.56717,-0.78616,-0.57958,-0.97804,1.00000,1.00000,1.00000,-0.40000,-1.00000,-1.00000,-1.00000,-1.00000,1.00000,1.00000,2,1,2,1,0,0,0,1,0,0
-0.36125,0.05743,-1.00000,0.50000,0.00000,0.00000,0.00000,0.00000,-1.00000,0.00000,-1.00000,0.00000,0.00000,-0.98750,-0.98232,-0.52962,-0.75133,-0.57417,-0.75133,-0.58705,-0.98232,1.00000,1.00000,1.00000,-0.40000,-1.00000,-1.00000,-1.00000,-1.00000,1.00000,1.00000,2,1,1,1,0,0,0,1,0,0
-0.36125,0.05743,-1.00000,0.50000,0.00000,0.00000,0.00000,0.00000,-1.00000,0.00000,-1.00000,0.00000,0.00000,-0.98750,-0.98232,-0.52962,-0.75133,-0.57417,-0.75133,-0.58705,-0.98232,1.00000,1.00000,1.00000,-0.40000,-1.00000,-1.00000,-1.00000,-1.00000,1.00000,1.00000,2,1,2,1,0,0,0,1,0,0
-0.36125,0.05519,-1.00000,0.55730,0.00000,0.00000,0.00000,0.00000,-1.00000,0.00000,-1.00000,0.00000,0.00000,-0.98729,-0.97804,-0.52303,-0.78616,-0.56717,-0.49643,-0.93018,-0.98480,1.00000,1.00000,1.00000,-0.40000,-1.00000,-1.00000,-1.00000,-1.00000,1.00000,1.00000,2,1,0,1,0,0,0,1,0,0
-0.36125,0.05385,-1.00000,0.50000,0.00000,0.00000,0.00000,0.00000,-1.00000,0.00000,-1.00000,0.00000,0.00000,-0.98750,-0.98232,-0.53141,-0.75133,-0.57417,-0.75133,-0.58526,-0.98232,1.00000,1.00000,1.00000,-0.40000,-1.00000,-1.00000,-1.00000,-1.00000,1.00000,1.00000,2,1,2,1,0,0,0,1,0,0
-0.36125,0.05160,-1.00000,0.55730,0.00000,0.00000,0.00000,0.00000,-1.00000,0.00000,-1.00000,0.00000,0.00000,-0.98729,-0.97804,-0.52486,-0.78616,-0.56717,-0.49425,-0.93018,-0.98480,1.00000,1.00000,1.00000,-0.40000,-1.00000,-1.00000,-1.00000,-1.00000,1.00000,1.00000,2,1,0,1,0,0,0,1,0,0
-0.36125,0.05026,-1.00000,0.50000,0.00000,0.00000,0.00000,0.00000,-1.00000,0.00000,-1.00000,0.00000,0.00000,-0.98750,-0.98232,-0.53321,-0.75133,-0.57417,-0.75133,-0.58346,-0.98232,1.00000,1.00000,1.00000,-0.40000,-1.00000,-1.00000,-1.00000,-1.00000,1.00000,1.00000,2,1,2,1,0,0,0,1,0,0
-0.36125,0.04801,-1.00000,0.55730,0.00000,0.00000,0.00000,0.00000,-1.00000,0.00000,-1.00000,0.00000,0.00000,-0.98729,-0.97804,-0.52668,-0.78616,-0.56717,-0.49207,-0.93018,-0.98480,1.00000,1.00000,1.00000,-0.40000,-1.00000,-1.00000,-1.00000,-1.00000,1.00000,1.00000,2,1,0,1,0,0,0,1,0,0
-0.36125,0.04667,-1.00000,0.50000,0.00000,0.00000,0.00000,0.00000,-1.00000,0.00000,-1.00000,0.00000,0.00000,-0.98750,-0.98232,-0.53500,-0.75133,-0.57417,-0.75133,-0.58167,-0.98232,1.00000,1.00000,1.00000,-0.40000,-1.00000,-1.00000,-1.00000,-1.00000,1.00000,1.00000,2,1,2,1,0,0,0,1,0,0
-0.36125,0.04442,-1.00000,0.55730,0.00000,0.00000,0.00000,0.00000,-1.00000,0.00000,-1.00000,0.00000,0.00000,-0.98729,-0.97804,-0.52850,-0.78616,-0.56717,-0.48989,-0.93018,-0.98480,1.00000,1.00000,1.00000,-0.40000,-1.00000,-1.00000,-1.00000,-1.00000,1.00000,1.00000,2,1,0,1,0,0,0,1,0,0
-0.36125,0.04308,-1.00000,0.50000,0.00000,0.00000,0.00000,0.00000,-1.00000,0.00000,-1.00000,0.00000,0.00000,-0.98750,-0.98232,-0.53680,-0.75133,-0.57417,-0.75133,-0.57987,-0.98232,1.00000,1.00000,1.00000,-0.40000,-1.00000,-1.00000,-1.00000,-1.00000,1.00000,1.00000,2,1,2,1,0,0,0,1,0,0
-0.36125,0.04083,-1.00000,0.55730,0.00000,0.00000,0.00000,0.00000,-1.00000,0.00000,-1.00000,0.00000,0.00000,-0.98729,-0.97804,-0.53033,-0.78616,-0.56717,-0.48770,-0.93018,-0.98480,1.00000,1.00000,1.00000,-0.40000,-1.00000,-1.00000,-1.00000,-1.00000,1.00000,1.00000,2,1,0,1,0,0,0,1,0,0
-0.36125,0.03949,-1.00000,0.50000,0.00000,0.00000,0.00000,0.00000,-1.00000,0.00000,-1.00000,0.00000,0.00000,-0.98750,-0.98232,-0.53859,-0.75133,-0.57417,-0.75133,-0.57808,-0.98232,1.00000,1.00000,1.00000,-0.40000,-1.00000,-1.00000,-1.00000,-1.00000,1.00000,1.00000,2,1,2,1,0,0,0,1,0,0
-0.36125,0.03724,-1.00000,0.55730,0.00000,0.00000,0.00000,0.00000,-1.00000,0.00000,-1.00000,0.00000,0.00000,-0.98729,-0.97804,-0.53215,-0.78616,-0.56717,-0.48552,-0.93018,-0.98480,1.00000,1.00000,1.00000,-0.40000,-1.00000,-1.00000,-1.00000,-1.00000,1.00000,1.00000,2,1,0,1,0,0,0,1,0,0
-0.36125,0.03590,-1.00000,0.50000,0.00000,0.00000,0.00000,0.00000,-1.00000,0.00000,-1.00000,0.00000,0.00000,-0.98750,-0.98232,-0.54038,-0.75133,-0.57417,-0.75133,-0.57628,-0.98232,1.00000,1.00000,1.00000,-0.40000,-1.00000,-1.00000,-1.00000,-1.00000,1.00000,1.00000,2,1,2,1,0,0,0,1,0,0
-0.36125,0.03365,-1.00000,0.55730,0.00000,0.00000,0.00000,0.00000,-1.00000,0.00000,-1.00000,0.00000,0.00000,-0.98729,-0.97804,-0.53398,-0.78616,-0.56717,-0.48334,-0.93018,-0.98480,1.00000,1.00000,1.00000,-0.40000,-1.00000,-1.00000,-1.00000,-1.00000,1.00000,1.00000,2,1,0,1,0,0,0,1,0,0
-0.36125,0.03231,-1.00000,0.50000,0.00000,0.00000,0.00000,0.00000,-1.00000,0.00000,-1.00000,0.00000,0.00000,-0.98750,-0.98232,-0.54218,-0.75133,-0.57417,-0.75133,-0.57449,-0.98232,1.00000,1.00000,1.00000,-0.40000,-1.00000,-1.00000,-1.00000,-1.00000,1.00000,1.00000,2,1,2,1,0,0,0,1,0,0
-0.36125,0.03006,-1.00000,0.55730,0.00000,0.00000,0.00000,0.00000,-1.00000,0.00000,-1.00000,0.00000,0.00000,-0.98729,-0.97804,-0.53580,-0.78616,-0.56717,-0.48115,-0.93018,-0.98480,1.00000,1.00000,1.00000,-0.40000,-1.00000,-1.00000,-1.00000,-1.00000,1.00000,1.00000,2,1,0,1,0,0,0,1,0,0
-0.36125,0.02872,-1.00000,0.50000,0.00000,0.00000,0.00000,0.00000,-1.00000,0.00000,-1.00000,0.00000,0.00000,-0.98750,-0.98232,-0.54397,-0.75133,-0.57417,-0.75133,-0.57269,-0.98232,1.00000,1.00000,1.00000,-0.40000,-1.00000,-1.00000,-1.00000,-1.00000,1.00000,1.00000,2,1,2,1,0,0,0,1,0,0
-0.36125,0.02648,-1.00000,0.55730,0.00000,0.00000,0.00000,0.00000,-1.00000,0.00000,-1.00000,0.00000,0.00000,-0.98729,-0.97804,-0.53763,-0.78616,-0.56717,-0.47897,-0.93018,-0.98480,1.00000,1.00000,1.00000,-0.40000,-1.00000,-1.00000,-1.00000,-1.00000,1.00000,1.00000,2,1,0,1,0,0,0,1,0,0
-0.36125,0.02513,-1.00000,0.50000,0.00000,0.00000,0.00000,0.00000,-1.00000,0.00000,-1.00000,0.00000,0.00000,-0.98750,-0.98232,-0.54577,-0.75133,-0.57417,-0.75133,-0.57090,-0.98232,1.00000,1.00000,1.00000,-0.40000,-1.00000,-1.00000,-1.00000,-1.00000,1.00000,1.00000,2,1,2,1,0,0,0,1,0,0
-0.36125,0.02289,-1.00000,0.55730,0.00000,0.00000,0.00000,0.00000,-1.00000,0.00000,-1.00000,0.00000,0.00000,-0.98729,-0.97804,-0.53945,-0.78616,-0.56717,-0.47679,-0.93018,-0.98480,1.00000,1.00000,1.00000,-0.40000,-1.00000,-1.00000,-1.00000,-1.00000,1.00000,1.00000,2,1,0,1,0,0,0,1,0,0
-0.36125,0.02154,-1.00000,0.50000,0.00000,0.00000,0.00000,0.00000,-1.00000,0.00000,-1.00000,0.00000,0.00000,-0.98750,-0.98232,-0.54756,-0.75133,-0.57417,-0.75133,-0.56910,-0.98232,1.00000,1.00000,1.00000,-0.40000,-1.00000,-1.00000,-1.00000,-1.00000,1.00000,1.00000,2,1,1,1,0,0,0,1,0,0
-0.36125,0.02154,-1.00000,0.50000,0.00000,0.00000,0.00000,0.00000,-1.00000,0.00000,-1.00000,0.00000,0.00000,-0.98750,-0.98232,-0.54756,-0.75133,-0.57417,-0.75133,-0.56910,-0.98232,1.00000,1.00000,1.00000,-0.40000,-1.00000,-1.00000,-1.00000,-1.00000,1.00000,1.00000,2,1,0,1,0,0,0,1,0,0
-0.36125,0.02378,-1.00000,0.44270,0.00000,0.00000,0.00000,0.00000,-1.00000,0.00000,-1.00000,0.00000,0.00000,-0.98729,-0.98480,-0.93018,-0.69103,-0.56717,-0.78616,-0.56317,-0.97804,1.00000,1.00000,1.00000,-0.40000,-1.00000,-1.00000,-1.00000,-1.00000,1.00000,1.00000,2,1,2,1,0,0,0,1,0,0
-0.36125,0.02513,-1.00000,0.50000,0.00000,0.00000,0.00000,0.00000,-1.00000,0.00000,-1.00000,0.00000,0.00000,-0.98750,-0.98232,-0.54577,-0.75133,-0.57417,-0.75133,-0.57090,-0.98232,1.00000,1.00000,1.00000,-0.40000,-1.00000,-1.00000,-1.00000,-1.00000,1.00000,1.00000,2,1,0,1,0,0,0,1,0,0
-0.36125,0.02737,-1.00000,0.44270,0.00000,0.00000,0.00000,0.00000,-1.00000,0.00000,-1.00000,0.00000,0.00000,-0.98729,-0.98480,-0.93018,-0.69103,-0.56717,-0.78616,-0.56499,-0.97804,1.00000,1.00000,1.00000,-0.40000,-1.00000,-1.00000,-1.00000,-1.00000,1.00000,1.00000,2,1,2,1,0,0,0,1,0,0
-0.36125,0.02872,-1.00000,0.50000,0.00000,0.00000,0.00000,0.00000,-1.00000,0.00000,-1.00000,0.00000,0.00000,-0.98750,-0.98232,-0.54397,-0.75133,-0.57417,-0.75133,-0.57269,-0.98232,1.00000,1.00000,1.00000,-0.40000,-1.00000,-1.00000,-1.00000,-1.00000,1.00000,1.00000,2,1,0,1,0,0,0,1,0,0
-0.36125,0.03096,-1.00000,0.44270,0.00000,0.00000,0.00000,0.00000,-1.00000,0.00000,-1.00000,0.00000,0.00000,-0.98729,-0.98480,-0.93018,-0.69103,-0.56717,-0.78616,-0.56681,-0.97804,1.00000,1.00000,1.00000,-0.40000,-1.00000,-1.00000,-1.00000,-1.00000,1.00000,1.00000,2,1,2,1,0,0,0,1,0,0
-0.36125,0.03231,-1.00000,0.50000,0.00000,0.00000,0.00000,0.00000,-1.00000,0.00000,-1.00000,0.00000,0.00000,-0.98750,-0.98232,-0.54218,-0.75133,-0.57417,-0.75133,-0.57449,-0.98232,1.00000,1.00000,1.00000,-0.40000,-1.00000,-1.00000,-1.00000,-1.00000,1.00000,1.00000,2,1,0,1,0,0,0,1,0,0
-0.36125,0.03455,-1.00000,0.44270,0.00000,0.00000,0.00000,0.00000,-1.00000,0.00000,-1.00000,0.00000,0.00000,-0.98729,-0.98480,-0.93018,-0.69103,-0.56717,-0.78616,-0.56864,-0.97804,1.00000,1.00000,1.00000,-0.40000,-1.00000,-1.00000,-1.00000,-1.00000,1.00000,1.00000,2,1,2,1,0,0,0,1,0,0
-0.36125,0.03590,-1.00000,0.50000,0.00000,0.00000,0.00000,0.00000,-1.00000,0.00000,-1.00000,0.00000,0.00000,-0.98750,-0.98232,-0.54038,-0.75133,-0.57417,-0.75133,-0.57628,-0.98232,1.00000,1.00000,1.00000,-0.40000,-1.00000,-1.00000,-1.00000,-1.00000,1.00000,1.00000,2,1,0,1,0,0,0,1,0,0
-0.36125,0.03814,-1.00000,0.44270,0.00000,0.00000,0.00000,0.00000,-1.00000,0.00000,-1.00000,0.00000,0.00000,-0.98729,-0.98480,-0.93018,-0.69103,-0.56717,-0.78616,-0.57046,-0.97804,1.00000,1.00000,1.00000,-0.40000,-1.00000,-1.00000,-1.00000,-1.00000,1.00000,1.00000,2,1,2,1,0,0,0,1,0,0
-0.36125,0.03949,-1.00000,0.50000,0.00000,0.00000,0.00000,0.00000,-1.00000,0.00000,-1.00000,0.00000,0.00000,-0.98750,-0.98232,-0.53859,-0.75133,-0.57417,-0.75133,-0.57808,-0.98232,1.00000,1.00000,1.00000,-0.40000,-1.00000,-1.00000,-1.00000,-1.00000,1.00000,1.00000,2,1,0,1,0,0,0,1,0,0
-0.36125,0.04173,-1.00000,0.44270,0.00000,0.00000,0.00000,0.00000,-1.00000,0.00000,-1.00000,0.00000,0.00000,-0.98729,-0.98480,-0.93018,-0.69103,-0.56717,-0.78616,-0.57229,-0.97804,1.00000,1.00000,1.00000,-0.40000,-1.00000,-1.00000,-1.00000,-1.00000,1.00000,1.00000,2,1,2,1,0,0,0,1,0,0
-0.36125,0.04308,-1.00000,0.50000,0.00000,0.00000,0.00000,0.00000,-1.00000,0.00000,-1.00000,0.00000,0.00000,-0.98750,-0.98232,-0.53680,-0.75133,-0.57417,-0.75133,-0.57987,-0.98232,1.00000,1.00000,1.00000,-0.40000,-1.00000,-1.00000,-1.00000,-1.00000,1.00000,1.00000,2,1,0,1,0,0,0,1,0,0
-0.36125,0.04532,-1.00000,0.44270,0.00000,0.00000,0.00000,0.00000,-1.00000,0.00000,-1.00000,0.00000,0.00000,-0.98729,-0.98480,-0.93018,-0.69103,-0.56717,-0.78616,-0.57411,-0.97804,1.00000,1.00000,1.00000,-0.40000,-1.00000,-1.00000,-1.00000,-1.00000,1.00000,1.00000,2,1,2,1,0,0,0,1,0,0
-0.36125,0.04667,-1.00000,0.50000,0.00000,0.00000,0.00000,0.00000,-1.00000,0.00000,-1.00000,0.00000,0.00000,-0.98750,-0.98232,-0.53500,-0.75133,-0.57417,-0.75133,-0.58167,-0.98232,1.00000,1.00000,1.00000,-0.40000,-1.00000,-1.00000,-1.00000,-1.00000,1.00000,1.00000,2,1,0,1,0,0,0,1,0,0
-0.36125,0.04891,-1.00000,0.44270,0.00000,0.00000,0.00000,0.00000,-1.00000,0.00000,-1.00000,0.00000,0.00000,-0.98729,-0.98480,-0.93018,-0.69103,-0.56717,-0.78616,-0.57594,-0.97804,1.00000,1.00000,1.00000,-0.40000,-1.00000,-1.00000,-1.00000,-1.00000,1.00000,1.00000,2,1,2,1,0,0,0,1,0,0
-0.36125,0.05026,-1.00000,0.50000,0.00000,0.00000,0.00000,0.00000,-1.00000,0.00000,-1.00000,0.00000,0.00000,-0.98750,-0.98232,-0.53321,-0.75133,-0.57417,-0.75133,-0.58346,-0.98232,1.00000,1.00000,1.00000,-0.40000,-1.00000,-1.00000,-1.00000,-1.00000,1.00000,1.00000,2,1,0,1,0,0,0,1,0,0
-0.36125,0.05250,-1.00000,0.44270,0.00000,0.00000,0.00000,0.00000,-1.00000,0.00000,-1.00000,0.00000,0.00000,-0.98729,-0.98480,-0.93018,-0.69103,-0.56717,-0.78616,-0.57776,-0.97804,1.00000,1.00000,1.00000,-0.40000,-1.00000,-1.00000,-1.00000,-1.00000,1.00000,1.00000,2,1,2,1,0,0,0,1,0,0
-0.36125,0.05385,-1.00000,0.50000,0.00000,0.00000,0.00000,0.00000,-1.00000,0.00000,-1.00000,0.00000,0.00000,-0.98750,-0.98232,-0.53141,-0.75133,-0.57417,-0.75133,-0.58526,-0.98232,1.00000,1.00000,1.00000,-0.40000,-1.00000,-1.00000,-1.00000,-1.00000,1.00000,1.00000,2,1,0,1,0,0,0,1,0,0
-0.36125,0.05609,-1.00000,0.44270,0.00000,0.00000,0.00000,0.00000,-1.00000,0.00000,-1.00000,0.00000,0.00000,-0.98729,-0.98480,-0.93018,-0.69103,-0.56717,-0.78616,-0.57958,-0.97804,1.00000,1.00000,1.00000,-0.40000,-1.00000,-1.00000,-1.00000,-1.00000,1.00000,1.00000,2,1,2,1,0,0,0,1,0,0
-0.36125,0.05743,-1.00000,0.50000,0.00000,0.00000,0.00000,0.00000,-1.00000,0.00000,-1.00000,0.00000,0.00000,-0.98750,-0.98232,-0.52962,-0.75133,-0.57417,-0.75133,-0.58705,-0.98232,1.00000,1.00000,1.00000,-0.40000,-1.00000,-1.00000,-1.00000,-1.00000,1.00000,1.00000,2,1,1,1,0,0,0,1,0,0
-0.36125,0.05743,-1.00000,0.50000,0.00000,0.00000,0.00000,0.00000,-1.00000,0.00000,-1.00000,0.00000,0.00000,-0.98750,-0.98232,-0.52962,-0.75133,-0.57417,-0.75133,-0.58705,-0.98232,1.00000,1.00000,1.00000,-0.40000,-1.00000,-1.00000,-1.00000,-1.00000,1.00000,1.00000,2,1,2,1,0,0,0,1,0,0
-0.36125,0.05519,-1.00000,0.55730,0.00000,0.00000,0.00000,0.00000,-1.00000,0.00000,-1.00000,0.00000,0.00000,-0.98729,-0.97804,-0.52303,-0.78616,-0.56717,-0.49643,-0.93018,-0.98480,1.00000,1.00000,1.00000,-0.40000,-1.00000,-1.00000,-1.00000,-1.00000,1.00000,1.00000,2,1,0,1,0,0,0,1,0,0
-0.36125,0.05385,-1.00000,0.50000,0.00000,0.00000,0.00000,0.00000,-1.00000,0.00000,-1.00000,0.00000,0.00000,-0.98750,-0.98232,-0.53141,-0.75133,-0.57417,-0.75133,-0.58526,-0.98232,1.00000,1.00000,1.00000,-0.40000,-1.00000,-1.00000,-1.00000,-1.00000,1.00000,1.00000,2,1,2,1,0,0,0,1,0,0
-0.36125,0.05160,-1.00000,0.55730,0.00000,0.00000,0.00000,0.00000,-1.00000,0.00000,-1.00000,0.00000,0.00000,-0.98729,-0.97804,-0.52486,-0.78616,-0.56717,-0.49425,-0.93018,-0.98480,1.00000,1.00000,1.00000,-0.40000,-1.00000,-1.00000,-1.00000,-1.00000,1.00000,1.00000,2,1,0,1,0,0,0,1,0,0
-0.36125,0.05026,-1.00000,0.50000,0.00000,0.00000,0.00000,0.00000,-1.00000,0.00000,-1.00000,0.00000,0.00000,-0.98750,-0.98232,-0.53321,-0.75133,-0.57417,-0.75133,-0.58346,-0.98232,1.00000,1.00000,1.00000,-0.40000,-1.00000,-1.00000,-1.00000,-1.00000,1.00000,1.00000,2,1,2,1,0,0,0,1,0,0
-0.36125,0.04801,-1.00000,0.55730,0.00000,0.00000,0.00000,0.00000,-1.00000,0.00000,-1.00000,0.00000,0.00000,-0.98729,-0.97804,-0.52668,-0.78616,-0.56717,-0.49207,-0.93018,-0.98480,1.00000,1.00000,1.00000,-0.40000,-1.00000,-1.00000,-1.00000,-1.00000,1.00000,1.00000,2,1,0,1,0,0,0,1,0,0
-0.36125,0.04667,-1.00000,0.50000,0.00000,0.00000,0.00000,0.00000,-1.00000,0.00000,-1.00000,0.00000,0.00000,-0.98750,-0.98232,-0.53500,-0.75133,-0.57417,-0.75133,-0.58167,-0.98232,1.00000,1.00000,1.00000,-0.40000,-1.00000,-1.00000,-1.00000,-1.00000,1.00000,1.00000,2,1,2,1,0,0,0,1,0,0
-0.36125,0.04442,-1.00000,0.55730,0.00000,0.00000,0.00000,0.00000,-1.00000,0.00000,-1.00000,0.00000,0.00000,-0.98729,-0.97804,-0.52850,-0.78616,-0.56717,-0.48989,-0.93018,-0.98480,1.00000,1.00000,1.00000,-0.40000,-1.00000,-1.00000,-1.00000,-1.00000,1.00000,1.00000,2,1,0,1,0,0,0,1,0,0
-0.36125,0.04308,-1.00000,0.50000,0.00000,0.00000,0.00000,0.00000,-1.00000,0.00000,-1.00000,0.00000,0.00000,-0.98750,-0.98232,-0.53680,-0.75133,-0.57417,-0.75133,-0.57987,-0.98232,1.00000,1.00000,1.00000,-0.40000,-1.00000,-1.00000,-1.00000,-1.00000,1.00000,1.00000,2,1,2,1,0,0,0,1,0,0
-0.36125,0.04083,-1.00000,0.55730,0.00000,0.00000,0.00000,0.00000,-1.00000,0.00000,-1.00000,0.00000,0.00000,-0.98729,-0.97804,-0.53033,-0.78616,-0.56717,-0.48770,-0.93018,-0.98480,1.00000,1.00000,1.00000,-0.40000,-1.00000,-1.00000,-1.00000,-1.00000,1.00000,1.00000,2,1,0,1,0,0,0,1,0,0
-0.36125,0.03949,-1.00000,0.50000,0.00000,0.00000,0.00000,0.00000,-1.00000,0.00000,-1.00000,0.00000,0.00000,-0.98750,-0.98232,-0.53859,-0.75133,-0.57417,-0.75133,-0.57808,-0.98232,1.00000,1.00000,1.00000,-0.40000,-1.00000,-1.00000,-1.00000,-1.00000,1.00000,1.00000,2,1,2,1,0,0,0,1,0,0
-0.36125,0.03724,-1.00000,0.55730,0.00000,0.00000,0.00000,0.00000,-1.00000,0.00000,-1.00000,0.00000,0.00000,-0.98729,-0.97804,-0.53215,-0.78616,-0.56717,-0.48552,-0.93018,-0.98480,1.00000,1.00000,1.00000,-0.40000,-1.00000,-1.00000,-1.00000,-1.00000,1.00000,1.00000,2,1,0,1,0,0,0,1,0,0
-0.36125,0.03590,-1.00000,0.50000,0.00000,0.00000,0.00000,0.00000,-1.00000,0.00000,-1.00000,0.00000,0.00000,-0.98750,-0.98232,-0.54038,-0.75133,-0.57417,-0.75133,-0.57628,-0.98232,1.00000,1.00000,1.00000,-0.40000,-1.00000,-1.00000,-1.00000,-1.00000,1.00000,1.00000,2,1,2,1,0,0,0,1,0,0
-0.36125,0.03365,-1.00000,0.55730,0.00000,0.00000,0.00000,0.00000,-1.00000,0.00000,-1.00000,0.00000,0.00000,-0.98729,-0.97804,-0.53398,-0.78616,-0.56717,-0.48334,-0.93018,-0.98480,1.00000,1.00000,1.00000,-0.40000,-1.00000,-1.00000,-1.00000,-1.00000,1.00000,1.00000,2,1,0,1,0,0,0,1,0,0
-0.36125,0.03231,-1.00000,0.50000,0.00000,0.00000,0.00000,0.00000,-1.00000,0.00000,-1.00000,0.00000,0.00000,-0.98750,-0.98232,-0.54218,-0.75133,-0.57417,-0.75133,-0.57449,-0.98232,1.00000,1.00000,1.00000,-0.40000,-1.00000,-1.00000,-1.00000,-1.00000,1.00000,1.00000,2,1,2,1,0,0,0,1,0,0
-0.36125,0.03006,-1.00000,0.55730,0.00000,0.00000,0.00000,0.00000,-1.00000,0.00000,-1.00000,0.00000,0.00000,-0.98729,-0.97804,-0.53580,-0.78616,-0.56717,-0.48115,-0.93018,-0.98480,1.00000,1.00000,1.00000,-0.40000,-1.00000,-1.00000,-1.00000,-1.00000,1.00000,1.00000,2,1,0,1,0,0,0,1,0,0
-0.36125,0.02872,-1.00000,0.50000,0.00000,0.00000,0.00000,0.00000,-1.00000,0.00000,-1.00000,0.00000,0.00000,-0.98750,-0.98232,-0.54397,-0.75133,-0.57417,-0.75133,-0.57269,-0.98232,1.00000,1.00000,1.00000,-0.40000,-1.00000,-1.00000,-1.00000,-1.00000,1.00000,1.00000,2,1,2,1,0,0,0,1,0,0
-0.36125,0.02648,-1.00000,0.55730,0.00000,0.00000,0.00000,0.00000,-1.00000,0.00000,-1.00000,0.00000,0.00000,-0.98729,-0.97804,-0.53763,-0.78616,-0.56717,-0.47897,-0.93018,-0.98480,1.00000,1.00000,1.00000,-0.40000,-1.00000,-1.00000,-1.00000,-1.00000,1.00000,1.00000,2,1,0,1,0,0,0,1,0,0
-0.36125,0.02513,-1.00000,0.50000,0.00000,0.00000,0.00000,0.00000,-1.00000,0.00000,-1.00000,0.00000,0.00000,-0.98750,-0.98232,-0.54577,-0.75133,-0.57417,-0.75133,-0.57090,-0.98232,1.00000,1.00000,1.00000,-0.40000,-1.00000,-1.00000,-1.00000,-1.00000,1.00000,1.00000,2,1,2,1,0,0,0,1,0,0
-0.36125,0.02289,-1.00000,0.55730,0.00000,0.00000,0.00000,0.00000,-1.00000,0.00000,-1.00000,0.00000,0.00000,-0.98729,-0.97804,-0.53945,-0.78616,-0.56717,-0.47679,-0.93018,-0.98480,1.00000,1.00000,1.00000,-0.40000,-1.00000,-1.00000,-1.00000,-1.00000,1.00000,1.00000,2,1,0,1,0,0,0,1,0,0
-0.36125,0.02154,-1.00000,0.50000,0.00000,0.00000,0.00000,0.00000,-1.00000,0.00000,-1.00000,0.00000,0.00000,-0.98750,-0.98232,-0.54756,-0.75133,-0.57417,-0.75133,-0.56910,-0.98232,1.00000,1.00000,1.00000,-0.40000,-1.00000,-1.00000,-1.00000,-1.00000,1.00000,1.00000,2,1,1,1,0,0,0,1,0,0
-0.36125,0.02154,-1.00000,0.50000,0.00000,0.00000,0.00000,0.00000,-1.00000,0.00000,-1.00000,0.00000,0.00000,-0.98750,-0.98232,-0.54756,-0.75133,-0.57417,-0.75133,-0.56910,-0.98232,1.00000,1.00000,1.00000,-0.40000,-1.00000,-1.00000,-1.00000,-1.00000,1.00000,1.00000,2,1,0,1,0,0,0,1,0,0
-0.36125,0.02378,-1.00000,0.44270,0.00000,0.00000,0.00000,0.00000,-1.00000,0.00000,-1.00000,0.00000,0.00000,-0.98729,-0.98480,-0.93018,-0.69103,-0.56717,-0.78616,-0.56317,-0.97804,1.00000,1.00000,1.00000,-0.40000,-1.00000,-1.00000,-1.00000,-1.00000,1.00000,1.00000,2,1,2,1,0,0,0,1,0,0
-0.36125,0.02513,-1.00000,0.50000,0.00000,0.00000,0.00000,0.00000,-1.00000,0.00000,-1.00000,0.00000,0.00000,-0.98750,-0.98232,-0.54577,-0.75133,-0.57417,-0.75133,-0.57090,-0.98232,1.00000,1.00000,1.00000,-0.40000,-1.00000,-1.00000,-1.00000,-1.00000,1.00000,1.00000,2,1,0,1,0,0,0,1,0,0
-0.36125,0.02737,-1.00000,0.44270,0.00000,0.00000,0.00000,0.00000,-1.00000,0.00000,-1.00000,0.00000,0.00000,-0.98729,-0.98480,-0.93018,-0.69103,-0.56717,-0.78616,-0.56499,-0.97804,1.00000,1.00000,1.00000,-0.40000,-1.00000,-1.00000,-1.00000,-1.00000,1.00000,1.00000,2,1,2,1,0,0,0,1,0,0
-0.36125,0.02872,-1.00000,0.50000,0.00000,0.00000,0.00000,0.00000,-1.00000,0.00000,-1.00000,0.00000,0.00000,-0.98750,-0.98232,-0.54397,-0.75133,-0.57417,-0.75133,-0.57269,-0.98232,1.00000,1.00000,1.00000,-0.40000,-1.00000,-1.00000,-1.00000,-1.00000,1.00000,1.00000,2,1,0,1,0,0,0,1,0,0
-0.36125,0.03096,-1.00000,0.44270,0.00000,0.00000,0.00000,0.00000,-1.00000,0.00000,-1.00000,0.00000,0.00000,-0.98729,-0.98480,-0.93018,-0.69103,-0.56717,-0.78616,-0.56681,-0.97804,1.00000,1.00000,1.00000,-0.40000,-1.00000,-1.00000,-1.00000,-1.00000,1.00000,1.00000,2,1,2,1,0,0,0,1,0,0
-0.36125,0.03231,-1.00000,0.50000,0.00000,0.00000,0.00000,0.00000,-1.00000,0.00000,-1.00000,0.00000,0.00000,-0.98750,-0.98232,-0.54218,-0.75133,-0.57417,-0.75133,-0.57449,-0.98232,1.00000,1.00000,1.00000,-0.40000,-1.00000,-1.00000,-1.00000,-1.00000,1.00000,1.00000,2,1,0,1,0,0,0,1,0,0
-0.36125,0.03455,-1.00000,0.44270,0.00000,0.00000,0.00000,0.00000,-1.00000,0.00000,-1.00000,0.00000,0.00000,-0.98729,-0.98480,-0.93018,-0.69103,-0.56717,-0.78616,-0.56864,-0.97804,1.00000,1.00000,1.00000,-0.40000,-1.00000,-1.00000,-1.00000,-1.00000,1.00000,1.00000,2,1,2,1,0,0,0,1,0,0
-0.36125,0.03590,-1.00000,0.50000,0.00000,0.00000,0.00000,0.00000,-1.00000,0.00000,-1.00000,0.00000,0.00000,-0.98750,-0.98232,-0.54038,-0.75133,-0.57417,-0.75133,-0.57628,-0.98232,1.00000,1.00000,1.00000,-0.40000,-1.00000,-1.00000,-1.00000,-1.00000,1.00000,1.00000,2,1,0,1,0,0,0,1,0,0
-0.36125,0.03814,-1.00000,0.44270,0.00000,0.00000,0.00000,0.00000,-1.00000,0.00000,-1.00000,0.00000,0.00000,-0.98729,-0.98480,-0.93018,-0.69103,-0.56717,-0.78616,-0.57046,-0.97804,1.00000,1.00000,1.00000,-0.40000,-1.00000,-1.00000,-1.00000,-1.00000,1.00000,1.00000,2,1,2,1,0,0,0,1,0,0
-0.36125,0.03949,-1.00000,0.50000,0.00000,0.00000,0.00000,0.00000,-1.00000,0.00000,-1.00000,0.00000,0.00000,-0.98750,-0.98232,-0.53859,-0.75133,-0.57417,-0.75133,-0.57808,-0.98232,1.00000,1.00000,1.00000,-0.40000,-1.00000,-1.00000,-1.00000,-1.00000,1.00000,1.00000,2,1,0,1,0,0,0,1,0,0
-0.36125,0.04173,-1.00000,0.44270,0.00000,0.00000,0.00000,0.00000,-1.00000,0.00000,-1.00000,0.00000,0.00000,-0.98729,-0.98480,-0.93018,-0.69103,-0.56717,-0.78616,-0.57229,-0.97804,1.00000,1.00000,1.00000,-0.40000,-1.00000,-1.00000,-1.00000,-1.00000,1.00000,1.00000,2,1,2,1,0,0,0,1,0,0
-0.36125,0.04308,-1.00000,0.50000,0.00000,0.00000,0.00000,0.00000,-1.00000,0.00000,-1.00000,0.00000,0.00000,-0.98750,-0.98232,-0.53680,-0.75133,-0.57417,-0.75133,-0.57987,-0.98232,1.00000,1.00000,1.00000,-0.40000,-1.00000,-1.00000,-1.00000,-1.00000,1.00000,1.00000,2,1,0,1,0,0,0,1,0,0
-0.36125,0.04532,-1.00000,0.44270,0.00000,0.00000,0.00000,0.00000,-1.00000,0.00000,-1.00000,0.00000,0.00000,-0.98729,-0.98480,-0.93018,-0.69103,-0.56717,-0.78616,-0.57411,-0.97804,1.00000,1.00000,1.00000,-0.40000,-1.00000,-1.00000,-1.00000,-1.00000,1.00000,1.00000,2,1,2,1,0,0,0,1,0,0
-0.36125,0.04667,-1.00000,0.50000,0.00000,0.00000,0.00000,0.00000,-1.00000,0.00000,-1.00000,0.00000,0.00000,-0.98750,-0.98232,-0.53500,-0.75133,-0.57417,-0.75133,-0.58167,-0.98232,1.00000,1.00000,1.00000,-0.40000,-1.00000,-1.00000,-1.00000,-1.00000,1.00000,1.00000,2,1,0,1,0,0,0,1,0,0
-0.36125,0.04891,-1.00000,0.44270,0.00000,0.00000,0.00000,0.00000,-1.00000,0.00000,-1.00000,0.00000,0.00000,-0.98729,-0.98480,-0.93018,-0.69103,-0.56717,-0.78616,-0.57594,-0.97804,1.00000,1.00000,1.00000,-0.40000,-1.00000,-1.00000,-1.00000,-1.00000,1.00000,1.00000,2,1,2,1,0,0,0,1,0,0
-0.36125,0.05026,-1.00000,0.50000,0.00000,0.00000,0.00000,0.00000,-1.00000,0.00000,-1.00000,0.00000,0.00000,-0.98750,-0.98232,-0.53321,-0.75133,-0.57417,-0.75133,-0.58346,-0.98232,1.00000,1.00000,1.00000,-0.40000,-1.00000,-1.00000,-1.00000,-1.00000,1.00000,1.00000,2,1,0,1,0,0,0,1,0,0
-0.36125,0.05250,-1.00000,0.44270,0.00000,0.00000,0.00000,0.00000,-1.00000,0.00000,-1.00000,0.00000,0.00000,-0.98729,-0.98480,-0.93018,-0.69103,-0.56717,-0.78616,-0.57776,-0.97804,1.00000,1.00000,1.00000,-0.40000,-1.00000,-1.00000,-1.00000,-1.00000,1.00000,1.00000,2,1,2,1,0,0,0,1,0,0
-0.36125,0.05385,-1.00000,0.50000,0.00000,0.00000,0.00000,0.00000,-1.00000,0.00000,-1.00000,0.00000,0.00000,-0.98750,-0.98232,-0.53141,-0.75133,-0.57417,-0.75133,-0.58526,-0.98232,1.00000,1.00000,1.00000,-0.40000,-1.00000,-1.00000,-1.00000,-1.00000,1.00000,1.00000,2,1,0,1,0,0,0,1,0,0
-0.36125,0.05609,-1.00000,0.44270,0.00000,0.00000,0.00000,0.00000,-1.00000,0.00000,-1.00000,0.00000,0.00000,-0.98729,-0.98480,-0.93018,-0.69103,-0.56717,-0.78616,-0.57958,-0.97804,1.00000,1.00000,1.00000,-0.40000,-1.00000,-1.00000,-1.00000,-1.00000,1.00000,1.00000,2,1,2,1,0,0,0,1,0,0
-0.36125,0.05743,-1.00000,0.50000,0.00000,0.00000,0.00000,0.00000,-1.00000,0.00000,-1.00000,0.00000,0.00000,-0.98750,-0.98232,-0.52962,-0.75133,-0.57417,-0.75133,-0.58705,-0.98232,1.00000,1.00000,1.00000,-0.40000,-1.00000,-1.00000,-1.00000,-1.00000,1.00000,1.00000,2,1,1,1,0,0,0,1,0,0
-0.36125,0.05743,-1.00000,0.50000,0.00000,0.00000,0.00000,0.00000,-1.00000,0.00000,-1.00000,0.00000,0.00000,-0.98750,-0.98232,-0.52962,-0.75133,-0.57417,-0.75133,-0.58705,-0.98232,1.00000,1.00000,1.00000,-0.40000,-1.00000,-1.00000,-1.00000,-1.00000,1.00000,1.00000,2,1,2,1,0,0,0,1,0,0
-0.36125,0.05519,-1.00000,0.55730,0.00000,0.00000,0.00000,0.00000,-1.00000,0.00000,-1.00000,0.00000,0.00000,-0.98729,-0.97804,-0.52303,-0.78616,-0.56717,-0.49643,-0.93018,-0.98480,1.00000,1.00000,1.00000,-0.40000,-1.00000,-1.00000,-1.00000,-1.00000,1.00000,1.00000,2,1,0,1,0,0,0,1,0,0
-0.36125,0.05385,-1.00000,0.50000,0.00000,0.00000,0.00000,0.00000,-1.00000,0.00000,-1.00000,0.00000,0.00000,-0.98750,-0.98232,-0.53141,-0.75133,-0.57417,-0.75133,-0.58526,-0.98232,1.00000,1.00000,1.00000,-0.40000,-1.00000,-1.00000,-1.00000,-1.00000,1.00000,1.00000,2,1,2,1,0,0,0,1,0,0
-0.36125,0.05160,-1.00000,0.55730,0.00000,0.00000,0.00000,0.00000,-1.00000,0.00000,-1.00000,0.00000,0.00000,-0.98729,-0.97804,-0.52486,-0.78616,-0.56717,-0.49425,-0.93018,-0.98480,1.00000,1.00000,1.00000,-0.40000,-1.00000,-1.00000,-1.00000,-1.00000,1.00000,1.00000,2,1,0,1,0,0,0,1,0,0
-0.36125,0.05026,-1.00000,0.50000,0.00000,0.00000,0.00000,0.00000,-1.00000,0.00000,-1.00000,0.00000,0.00000,-0.98750,-0.98232,-0.53321,-0.75133,-0.57417,-0.75133,-0.58346,-0.98232,1.00000,1.00000,1.00000,-0.40000,-1.00000,-1.00000,-1.00000,-1.00000,1.00000,1.00000,2,1,2,1,0,0,0,1,0,0
-0.36125,0.04801,-1.00000,0.55730,0.00000,0.00000,0.00000,0.00000,-1.00000,0.00000,-1.00000,0.00000,0.00000,-0.98729,-0.97804,-0.52668,-0.78616,-0.56717,-0.49207,-0.93018,-0.98480,1.00000,1.00000,1.00000,-0.40000,-1.00000,-1.00000,-1.00000,-1.00000,1.00000,1.00000,2,1,0,1,0,0,0,1,0,0
-0.36125,0.04667,-1.00000,0.50000,0.00000,0.00000,0.00000,0.00000,-1.00000,0.00000,-1.00000,0.00000,0.00000,-0.98750,-0.98232,-0.53500,-0.75133,-0.57417,-0.75133,-0.58167,-0.98232,1.00000,1.00000,1.00000,-0.40000,-1.00000,-1.00000,-1.00000,-1.00000,1.00000,1.00000,2,1,2,1,0,0,0,1,0,0
0.73333,-0.66667,-1.00000,0.00000,0.00000,0.00000,0.00000,0.00000,-1.00000,0.00000,-1.00000,0.00000,0.00000,0.11111,-0.74858,-0.82222,-0.74858,-0.77778,-0.68573,0.15556,0.57135,1.00000,1.00000,1.00000,-0.40000,-1.00000,-1.00000,-1.00000,-1.00000,1.00000,1.00000,1,1,1,1,0,0,0,1,0,0
0.73333,-0.66667,-1.00000,0.00000,0.00000,0.00000,0.00000,0.00000,-1.00000,0.00000,-1.00000,0.00000,0.00000,0.11111,-0.74858,-0.82222,-0.74858,-0.77778,-0.68573,0.15556,0.57135,1.00000,1.00000,1.00000,-0.40000,-1.00000,-1.00000,-1.00000,-1.00000,1.00000,1.00000,1,1,1,1,0,0,0,1,0,0
0.73333,-0.66667,-1.00000,0.00000,0.00000,0.00000,0.00000,0.00000,-1.00000,0.00000,-1.00000,0.00000,0.00000,0.11111,-0.74858,-0.82222,-0.74858,-0.77778,-0.68573,0.15556,0.57135,1.00000,1.00000,1.00000,-0.40000,-1.00000,-1.00000,-1.00000,-1.00000,1.00000,1.00000,1,1,1,1,0,0,0,1,0,0
0.73333,-0.66667,-1.00000,0.00000,0.00000,0.00000,0.00000,0.00000,-1.00000,0.00000,-1.00000,0.00000,0.00000,0.11111,-0.74858,-0.82222,-0.74858,-0.77778,-0.68573,0.15556,0.57135,1.00000,1.00000,1.00000,-0.40000,-1.00000,-1.00000,-1.00000,-1.00000,1.00000,1.00000,1,1,1,1,0,0,0,1,0,0
0.73333,-0.66667,-1.00000,0.00000,0.00000,0.00000,0.00000,0.00000,-1.00000,0.00000,-1.00000,0.00000,0.00000,0.11111,-0.74858,-0.82222,-0.74858,-0.77778,-0.68573,0.15556,0.57135,1.00000,1.00000,1.00000,-0.40000,-1.00000,-1.00000,-1.00000,-1.00000,1.00000,1.00000,1,1,1,1,0,0,0,1,0,0
0.73333,-0.66667,-1.00000,0.00000,0.00000,0.00000,0.00000,0.00000,-1.00000,0.00000,-1.00000,0.00000,0.00000,0.11111,-0.74858,-0.82222,-0.74858,-0.77778,-0.68573,0.15556,0.57135,1.00000,1.00000,1.00000,-0.40000,-1.00000,-1.00000,-1.00000,-1.00000,1.00000,1.00000,1,1,1,1,0,0,0,1,0,0
0.73333,-0.66667,-1.00000,0.00000,0.00000,0.00000,0.00000,0.00000,-1.00000,0.00000,-1.00000,0.00000,0.00000,0.11111,-0.74858,-0.82222,-0.74858,-0.77778,-0.68573,0.15556,0.57135,1.00000,1.00000,1.00000,-0.40000,-1.00000,-1.00000,-1.00000,-1.00000,1.00000,1.00000,1,1,1,1,0,0,0,1,0,0
0.73333,-0.66667,-1.00000,0.00000,0.00000,0.00000,0.00000,0.00000,-1.00000,0.00000,-1.00000,0.00000,0.00000,0.11111,-0.74858,-0.82222,-0.74858,-0.77778,-0.68573,0.15556,0.57135,1.00000,1.00000,1.00000,-0.40000,-1.00000,-1.00000,-1.00000,-1.00000,1.00000,1.00000,1,1,1,1,0,0,0,1,0,0
0.73333,-0.66667,-1.00000,0.00000,0.00000,0.00000,0.00000,0.00000,-1.00000,0.00000,-1.00000,0.00000,0.00000,0.11111,-0.74858,-0.82222,-0.74858,-0.77778,-0.68573,0.15556,0.57135,1.00000,1.00000,1.00000,-0.40000,-1.00000,-1.00000,-1.00000,-1.00000,1.00000,1.00000,1,1,1,1,0,0,0,1,0,0
0.73333,-0.66667,-1.00000,0.00000,0.00000,0.00000,0.00000,0.00000,-1.00000,0.00000,-1.00000,0.00000,0.00000,0.11111,-0.74858,-0.82222,-0.74858,-0.77778,-0.68573,0.15556,0.57135,1.00000,1.00000,1.00000,-0.40000,-1.00000,-1.00000,-1.00000,-1.00000,1.00000,1.00000,1,1,1,1,0,0,0,1,0,0
0.73333,-0.66667,-1.00000,0.00000,0.00000,0.00000,0.00000,0.00000,-1.00000,0.00000,-1.00000,0.00000,0.00000,0.11111,-0.74858,-0.82222,-0.74858,-0.77778,-0.68573,0.15556,0.57135,1.00000,1.00000,1.00000,-0.40000,-1.00000,-1.00000,-1.00000,-1.00000,1.00000,1.00000,1,1,1,1,0,0,0,1,0,0
0.73333,-0.66667,-1.00000,0.00000,0.00000,0.00000,0.00000,0.00000,-1.00000,0.00000,-1.00000,0.00000,0.00000,0.11111,-0.74858,-0.82222,-0.74858,-0.77778,-0.68573,0.15556,0.57135,1.00000,1.00000,1.00000,-0.40000,-1.00000,-1.00000,-1.00000,-1.00000,1.00000,1.00000,1,1,1,1,0,0,0,1,0,0
0.73333,-0.66667,-1.00000,0.00000,0.00000,0.00000,0.00000,0.00000,-1.00000,0.00000,-1.00000,0.00000,0.00000,0.11111,-0.74858,-0.82222,-0.74858,-0.77778,-0.68573,0.15556,0.57135,1.00000,1.00000,1.00000,-0.40000,-1.00000,-1.00000,-1.00000,-1.00000,1.00000,1.00000,1,1,1,1,0,0,0,1,0,0
0.73333,-0.66667,-1.00000,0.00000,0.00000,0.00000,0.00000,0.00000,-1.00000,0.00000,-1.00000,0.00000,0.00000,0.11111,-0.74858,-0.82222,-0.74858,-0.77778,-0.68573,0.15556,0.57135,1.00000,1.00000,1.00000,-0.40000,-1.00000,-1.00000,-1.00000,-1.00000,1.00000,1.00000,1,1,1,1,0,0,0,1,0,0
0.73333,-0.66667,-1.00000,0.00000,0.00000,0.00000,0.00000,0.00000,-1.00000,0.00000,-1.00000,0.00000,0.00000,0.11111,-0.74858,-0.82222,-0.74858,-0.77778,-0.68573,0.15556,0.57135,1.00000,1.00000,1.00000,-0.40000,-1.00000,-1.00000,-1.00000,-1.00000,1.00000,1.00000,1,1,1,1,0,0,0,1,0,0
0.73333,-0.66667,-1.00000,0.00000,0.00000,0.00000,0.00000,0.00000,-1.00000,0.00000,-1.00000,0.00000,0.00000,0.11111,-0.74858,-0.82222,-0.74858,-0.77778,-0.68573,0.15556,0.57135,1.00000,1.00000,1.00000,-0.40000,-1.00000,-1.00000,-1.00000,-1.00000,1.00000,1.00000,1,1,1,1,0,0,0,1,0,0
0.73333,-0.66667,-1.00000,0.00000,0.00000,0.00000,0.00000,0.00000,-1.00000,0.00000,-1.00000,0.00000,0.00000,0.11111,-0.74858,-0.82222,-0.74858,-0.77778,-0.68573,0.15556,0.57135,1.00000,1.00000,1.00000,-0.40000,-1.00000,-1.00000,-1.00000,-1.00000,1.00000,1.00000,1,1,1,1,0,0,0,1,0,0
0.73333,-0.66667,-1.00000,0.00000,0.00000,0.00000,0.00000,0.00000,-1.00000,0.00000,-1.00000,0.00000,0.00000,0.11111,-0.74858,-0.82222,-0.74858,-0.77778,-0.68573,0.15556,0.57135,1.00000,1.00000,1.00000,-0.40000,-1.00000,-1.00000,-1.00000,-1.00000,1.00000,1.00000,1,1,1,1,0,0,0,1,0,0
0.73333,-0.66667,-1.00000,0.00000,0.00000,0.00000,0.00000,0.00000,-1.00000,0.00000,-1.00000,0.00000,0.00000,0.11111,-0.74858,-0.82222,-0.74858,-0.77778,-0.68573,0.15556,0.57135,1.00000,1.00000,1.00000,-0.40000,-1.00000,-1.00000,-1.00000,-1.00000,1.00000,1.00000,1,1,1,1,0,0,0,1,0,0
0.73333,-0.66667,-1.00000,0.00000,0.00000,0.00000,0.00000,0.00000,-1.00000,0.00000,-1.00000,0.00000,0.00000,0.11111,-0.74858,-0.82222,-0.74858,-0.77778,-0.68573,0.15556,0.57135,1.00000,1.00000,1.00000,-0.40000,-1.00000,-1.00000,-1.00000,-1.00000,1.00000,1.00000,1,1,1,1,0,0,0,1,0,0
0.73333,-0.66667,-1.00000,0.00000,0.00000,0.00000,0.00000,0.00000,-1.00000,0.00000,-1.00000,0.00000,0.00000,0.11111,-0.74858,-0.82222,-0.74858,-0.77778,-0.68573,0.15556,0.57135,1.00000,1.00000,1.00000,-0.40000,-1.00000,-1.00000,-1.00000,-1.00000,1.00000,1.00000,1,1,1,1,0,0,0,1,0,0
0.73333,-0.66667,-1.00000,0.00000,0.00000,0.00000,0.00000,0.00000,-1.00000,0.00000,-1.00000,0.00000,0.00000,0.11111,-0.74858,-0.82222,-0.74858,-0.77778,-0.68573,0.15556,0.57135,1.00000,1.00000,1.00000,-0.40000,-1.00000,-1.00000,-1.00000,-1.00000,1.00000,1.00000,1,1,1,1,0,0,0,1,0,0
0.73333,-0.66667,-1.00000,0.00000,0.00000,0.00000,0.00000,0.00000,-1.00000,0.00000,-1.00000,0.00000,0.00000,0.11111,-0.74858,-0.82222,-0.74858,-0.77778,-0.68573,0.15556,0.57135,1.00000,1.00000,1.00000,-0.40000,-1.00000,-1.00000,-1.00000,-1.00000,1.00000,1.00000,1,1,1,1,0,0,0,1,0,0
0.73333,-0.66667,-1.00000,0.00000,0.00000,0.00000,0.00000,0.00000,-1.00000,0.00000,-1.00000,0.00000,0.00000,0.11111,-0.74858,-0.82222,-0.74858,-0.77778,-0.68573,0.15556,0.57135,1.00000,1.00000,1.00000,-0.40000,-1.00000,-1.00000,-1.00000,-1.00000,1.00000,1.00000,1,1,1,1,0,0,0,1,0,0
0.73333,-0.66667,-1.00000,0.00000,0.00000,0.00000,0.00000,0.00000,-1.00000,0.00000,-1.00000,0.00000,0.00000,0.11111,-0.74858,-0.82222,-0.74858,-0.77778,-0.68573,0.15556,0.57135,1.00000,1.00000,1.00000,-0.40000,-1.00000,-1.00000,-1.00000,-1.00000,1.00000,1.00000,1,1,1,1,0,0,0,1,0,0
0.73333,-0.66667,-1.00000,0.00000,0.00000,0.00000,0.00000,0.00000,-1.00000,0.00000,-1.00000,0.00000,0.00000,0.11111,-0.74858,-0.82222,-0.74858,-0.77778,-0.68573,0.15556,0.57135,1.00000,1.00000,1.00000,-0.40000,-1.00000,-1.00000,-1.00000,-1.00000,1.00000,1.00000,1,1,1,1,0,0,0,1,0,0
0.73333,-0.66667,-1.00000,0.00000,0.00000,0.00000,0.00000,0.00000,-1.00000,0.00000,-1.00000,0.00000,0.00000,0.11111,-0.74858,-0.82222,-0.74858,-0.77778,-0.68573,0.15556,0.57135,1.00000,1.00000,1.00000,-0.40000,-1.00000,-1.00000,-1.00000,-1.00000,1.00000,1.00000,1,1,1,1,0,0,0,1,0,0
0.73333,-0.66667,-1.00000,0.00000,0.00000,0.00000,0.00000,0.00000,-1.00000,0.00000,-1.00000,0.00000,0.00000,0.11111,-0.74858,-0.82222,-0.74858,-0.77778,-0.68573,0.15556,0.57135,1.00000,1.00000,1.00000,-0.40000,-1.00000,-1.00000,-1.00000,-1.00000,1.00000,1.00000,1,1,1,1,0,0,0,1,0,0
0.73333,-0.66667,-1.00000,0.00000,0.00000,0.00000,0.00000,0.00000,-1.00000,0.00000,-1.00000,0.00000,0.00000,0.11111,-0.74858,-0.82222,-0.74858,-0.77778,-0.68573,0.15556,0.57135,1.00000,1.00000,1.00000,-0.40000,-1.00000,-1.00000,-1.00000,-1.00000,1.00000,1.00000,1,1,1,1,0,0,0,1,0,0
0.73333,-0.66667,-1.00000,0.00000,0.00000,0.00000,0.00000,0.00000,-1.00000,0.00000,-1.00000,0.00000,0.00000,0.11111,-0.74858,-0.82222,-0.74858,-0.77778,-0.68573,0.15556,0.57135,1.00000,1.00000,1.00000,-0.40000,-1.00000,-1.00000,-1.00000,-1.00000,1.00000,1.00000,1,1,1,1,0,0,0,1,0,0
0.73333,-0.66667,-1.00000,0.00000,0.00000,0.00000,0.00000,0.00000,-1.00000,0.00000,-1.00000,0.00000,0.00000,0.11111,-0.74858,-0.82222,-0.74858,-0.77778,-0.68573,0.15556,0.57135,1.00000,1.00000,1.00000,-0.40000,-1.00000,-1.00000,-1.00000,-1.00000,1.00000,1.00000,1,1,1,1,0,0,0,1,0,0
0.73333,-0.66667,-1.00000,0.00000,0.00000,0.00000,0.00000,0.00000,-1.00000,0.00000,-1.00000,0.00000,0.00000,0.11111,-0.74858,-0.82222,-0.74858,-0.77778,-0.68573,0.15556,0.57135,1.00000,1.00000,1.00000,-0.40000,-1.00000,-1.00000,-1.00000,-1.00000,1.00000,1.00000,1,1,1,1,0,0,0,1,0,0
0.73333,-0.66667,-1.00000,0.00000,0.00000,0.00000,0.00000,0.00000,-1.00000,0.00000,-1.00000,0.00000,0.00000,0.11111,-0.74858,-0.82222,-0.74858,-0.77778,-0.68573,0.15556,0.57135,1.00000,1.00000,1.00000,-0.40000,-1.00000,-1.00000,-1.00000,-1.00000,1.00000,1.00000,1,1,1,1,0,0,0,1,0,0
0.73333,-0.66667,-1.00000,0.00000,0.00000,0.00000,0.00000,0.00000,-1.00000,0.00000,-1.00000,0.00000,0.00000,0.11111,-0.74858,-0.82222,-0.74858,-0.77778,-0.68573,0.15556,0.57135,1.00000,1.00000,1.00000,-0.40000,-1.00000,-1.00000,-1.00000,-1.00000,1.00000,1.00000,1,1,1,1,0,0,0,1,0,0
0.73333,-0.66667,-1.00000,0.00000,0.00000,0.00000,0.00000,0.00000,-1.00000,0.00000,-1.00000,0.00000,0.00000,0.11111,-0.74858,-0.82222,-0.74858,-0.77778,-0.68573,0.15556,0.57135,1.00000,1.00000,1.00000,-0.40000,-1.00000,-1.00000,-1.00000,-1.00000,1.00000,1.00000,1,1,1,1,0,0,0,1,0,0
0.73333,-0.66667,-1.00000,0.00000,0.00000,0.00000,0.00000,0.00000,-1.00000,0.00000,-1.00000,0.00000,0.00000,0.11111,-0.74858,-0.82222,-0.74858,-0.77778,-0.68573,0.15556,0.57135,1.00000,1.00000,1.00000,-0.40000,-1.00000,-1.00000,-1.00000,-1.00000,1.00000,1.00000,1,1,1,1,0,0,0,1,0,0
0.73333,-0.66667,-1.00000,0.00000,0.00000,0.00000,0.00000,0.00000,-1.00000,0.00000,-1.00000,0.00000,0.00000,0.11111,-0.74858,-0.82222,-0.74858,-0.77778,-0.68573,0.15556,0.57135,1.00000,1.00000,1.00000,-0.40000,-1.00000,-1.00000,-1.00000,-1.00000,1.00000,1.00000,1,1,1,1,0,0,0,1,0,0
0.73333,-0.66667,-1.00000,0.00000,0.00000,0.00000,0.00000,0.00000,-1.00000,0.00000,-1.00000,0.00000,0.00000,0.11111,-0.74858,-0.82222,-0.74858,-0.77778,-0.68573,0.15556,0.57135,1.00000,1.00000,1.00000,-0.40000,-1.00000,-1.00000,-1.00000,-1.00000,1.00000,1.00000,1,1,1,1,0,0,0,1,0,0
0.73333,-0.66667,-1.00000,0.00000,0.00000,0.00000,0.00000,0.00000,-1.00000,0.00000,-1.00000,0.00000,0.00000,0.11111,-0.74858,-0.82222,-0.74858,-0.77778,-0.68573,0.15556,0.57135,1.00000,1.00000,1.00000,-0.40000,-1.00000,-1.00000,-1.00000,-1.00000,1.00000,1.00000,1,1,1,1,0,0,0,1,0,0
0.73333,-0.66667,-1.00000,0.00000,0.00000,0.00000,0.00000,0.00000,-1.00000,0.00000,-1.00000,0.00000,0.00000,0.11111,-0.74858,-0.82222,-0.74858,-0.77778,-0.68573,0.15556,0.57135,1.00000,1.00000,1.00000,-0.40000,-1.00000,-1.00000,-1.00000,-1.00000,1.00000,1.00000,1,1,1,1,0,0,0,1,0,0
0.73333,-0.66667,-1.00000,0.00000,0.00000,0.00000,0.00000,0.00000,-1.00000,0.00000,-1.00000,0.00000,0.00000,0.11111,-0.74858,-0.82222,-0.74858,-0.77778,-0.68573,0.15556,0.57135,1.00000,1.00000,1.00000,-0.40000,-1.00000,-1.00000,-1.00000,-1.00000,1.00000,1.00000,1,1,1,1,0,0,0,1,0,0
0.73333,-0.66667,-1.00000,0.00000,0.00000,0.00000,0.00000,0.00000,-1.00000,0.00000,-1.00000,0.00000,0.00000,0.11111,-0.74858,-0.82222,-0.74858,-0.77778,-0.68573,0.15556,0.57135,1.00000,1.00000,1.00000,-0.40000,-1.00000,-1.00000,-1.00000,-1.00000,1.00000,1.00000,1,1,1,1,0,0,0,1,0,0
0.73333,-0.66667,-1.00000,0.00000,0.00000,0.00000,0.00000,0.00000,-1.00000,0.00000,-1.00000,0.00000,0.00000,0.11111,-0.74858,-0.82222,-0.74858,-0.77778,-0.68573,0.15556,0.57135,1.00000,1.00000,1.00000,-0.40000,-1.00000,-1.00000,-1.00000,-1.00000,1.00000,1.00000,1,1,1,1,0,0,0,1,0,0
0.73333,-0.66667,-1.00000,0.00000,0.00000,0.00000,0.00000,0.00000,-1.00000,0.00000,-1.00000,0.00000,0.00000,0.11111,-0.74858,-0.82222,-0.74858,-0.77778,-0.68573,0.15556,0.57135,1.00000,1.00000,1.00000,-0.40000,-1.00000,-1.00000,-1.00000,-1.00000,1.00000,1.00000,1,1,1,1,0,0,0,1,0,0
0.73333,-0.66667,-1.00000,0.00000,0.00000,0.00000,0.00000,0.00000,-1.00000,0.00000,-1.00000,0.00000,0.00000,0.11111,-0.74858,-0.82222,-0.74858,-0.77778,-0.68573,0.15556,0.57135,1.00000,1.00000,1.00000,-0.40000,-1.00000,-1.00000,-1.00000,-1.00000,1.00000,1.00000,1,1,1,1,0,0,0,1,0,0
0.73333,-0.66667,-1.00000,0.00000,0.00000,0.00000,0.00000,0.00000,-1.00000,0.00000,-1.00000,0.00000,0.00000,0.11111,-0.74858,-0.82222,-0.74858,-0.77778,-0.68573,0.15556,0.57135,1.00000,1.00000,1.00000,-0.40000,-1.00000,-1.00000,-1.00000,-1.00000,1.00000,1.00000,1,1,1,1,0,0,0,1,0,0
0.73333,-0.66667,-1.00000,0.00000,0.00000,0.00000,0.00000,0.00000,-1.00000,0.00000,-1.00000,0.00000,0.00000,0.11111,-0.74858,-0.82222,-0.74858,-0.77778,-0.68573,0.15556,0.57135,1.00000,1.00000,1.00000,-0.40000,-1.00000,-1.00000,-1.00000,-1.00000,1.00000,1.00000,1,1,1,1,0,0,0,1,0,0
0.73333,-0.66667,-1.00000,0.00000,0.00000,0.00000,0.00000,0.00000,-1.00000,0.00000,-1.00000,0.00000,0.00000,0.11111,-0.74858,-0.82222,-0.74858,-0.77778,-0.68573,0.15556,0.57135,1.00000,1.00000,1.00000,-0.40000,-1.00000,-1.00000,-1.00000,-1.00000,1.00000,1.00000,1,1,1,1,0,0,0,1,0,0
0.73333,-0.66667,-1.00000,0.00000,0.00000,0.00000,0.00000,0.00000,-1.00000,0.00000,-1.00000,0.00000,0.00000,0.11111,-0.74858,-0.82222,-0.74858,-0.77778,-0.68573,0.15556,0.57135,1.00000,1.00000,1.00000,-0.40000,-1.00000,-1.00000,-1.00000,-1.00000,1.00000,1.00000,1,1,1,1,0,0,0,1,0,0
0.73333,-0.66667,-1.00000,0.00000,0.00000,0.00000,0.00000,0.00000,-1.00000,0.00000,-1.00000,0.00000,0.00000,0.11111,-0.74858,-0.82222,-0.74858,-0.77778,-0.68573,0.15556,0.57135,1.00000,1.00000,1.00000,-0.40000,-1.00000,-1.00000,-1.00000,-1.00000,1.00000,1.00000,1,1,1,1,0,0,0,1,0,0
0.73333,-0.66667,-1.00000,0.00000,0.00000,0.00000,0.00000,0.00000,-1.00000,0.00000,-1.00000,0.00000,0.00000,0.11111,-0.74858,-0.82222,-0.74858,-0.77778,-0.68573,0.15556,0.57135,1.00000,1.00000,1.00000,-0.40000,-1.00000,-1.00000,-1.00000,-1.00000,1.00000,1.00000,1,1,1,1,0,0,0,1,0,0
0.73333,-0.66667,-1.00000,0.00000,0.00000,0.00000,0.00000,0.00000,-1.00000,0.00000,-1.00000,0.00000,0.00000,0.11111,-0.74858,-0.82222,-0.74858,-0.77778,-0.68573,0.15556,0.57135,1.00000,1.00000,1.00000,-0.40000,-1.00000,-1.00000,-1.00000,-1.00000,1.00000,1.00000,1,1,1,1,0,0,0,1,0,0
0.73333,-0.66667,-1.00000,0.00000,0.00000,0.00000,0.00000,0.00000,-1.00000,0.00000,-1.00000,0.00000,0.00000,0.11111,-0.74858,-0.82222,-0.74858,-0.77778,-0.68573,0.15556,0.57135,1.00000,1.00000,1.00000,-0.40000,-1.00000,-1.00000,-1.00000,-1.00000,1.00000,1.00000,1,1,1,1,0,0,0,1,0,0
0.73333,-0.66667,-1.00000,0.00000,0.00000,0.00000,0.00000,0.00000,-1.00000,0.00000,-1.00000,0.00000,0.00000,0.11111,-0.74858,-0.82222,-0.74858,-0.77778,-0.68573,0.15556,0.57135,1.00000,1.00000,1.00000,-0.40000,-1.00000,-1.00000,-1.00000,-1.00000,1.00000,1.00000,1,1,1,1,0,0,0,1,0,0
0.73333,-0.66667,-1.00000,0.00000,0.00000,0.00000,0.00000,0.00000,-1.00000,0.00000,-1.00000,0.00000,0.00000,0.11111,-0.74858,-0.82222,-0.74858,-0.77778,-0.68573,0.15556,0.57135,1.00000,1.00000,1.00000,-0.40000,-1.00000,-1.00000,-1.00000,-1.00000,1.00000,1.00000,1,1,1,1,0,0,0,1,0,0
0.73333,-0.66667,-1.00000,0.00000,0.00000,0.00000,0.00000,0.00000,-1.00000,0.00000,-1.00000,0.00000,0.00000,0.11111,-0.74858,-0.82222,-0.74858,-0.77778,-0.68573,0.15556,0.57135,1.00000,1.00000,1.00000,-0.40000,-1.00000,-1.00000,-1.00000,-1.00000,1.00000,1.00000,1,1,1,1,0,0,0,1,0,0
0.73333,-0.66667,-1.00000,0.00000,0.00000,0.00000,0.00000,0.00000,-1.00000,0.00000,-1.00000,0.00000,0.00000,0.11111,-0.74858,-0.82222,-0.74858,-0.77778,-0.68573,0.15556,0.57135,1.00000,1.00000,1.00000,-0.40000,-1.00000,-1.00000,-1.00000,-1.00000,1.00000,1.00000,1,1,1,1,0,0,0,1,0,0
0.73333,-0.66667,-1.00000,0.00000,0.00000,0.00000,0.00000,0.00000,-1.00000,0.00000,-1.00000,0.00000,0.00000,0.11111,-0.74858,-0.82222,-0.74858,-0.77778,-0.68573,0.15556,0.57135,1.00000,1.00000,1.00000,-0.40000,-1.00000,-1.00000,-1.00000,-1.00000,1.00000,1.00000,1,1,1,1,0,0,0,1,0,0
0.73333,-0.66667,-1.00000,0.00000,0.00000,0.00000,0.00000,0.00000,-1.00000,0.00000,-1.00000,0.00000,0.00000,0.11111,-0.74858,-0.82222,-0.74858,-0.77778,-0.68573,0.15556,0.57135,1.00000,1.00000,1.00000,-0.40000,-1.00000,-1.00000,-1.00000,-1.00000,1.00000,1.00000,1,1,1,1,0,0,0,1,0,0
0.73333,-0.66667,-1.00000,0.00000,0.00000,0.00000,0.00000,0.00000,-1.00000,0.00000,-1.00000,0.00000,0.00000,0.11111,-0.74858,-0.82222,-0.74858,-0.77778,-0.68573,0.15556,0.57135,1.00000,1.00000,1.00000,-0.40000,-1.00000,-1.00000,-1.00000,-1.00000,1.00000,1.00000,1,1,1,1,0,0,0,1,0,0
0.73333,-0.66667,-1.00000,0.00000,0.00000,0.00000,0.00000,0.00000,-1.00000,0.00000,-1.00000,0.00000,0.00000,0.11111,-0.74858,-0.82222,-0.74858,-0.77778,-0.68573,0.15556,0.57135,1.00000,1.00000,1.00000,-0.40000,-1.00000,-1.00000,-1.00000,-1.00000,1.00000,1.00000,1,1,1,1,0,0,0,1,0,0
0.73333,-0.66667,-1.00000,0.00000,0.00000,0.00000,0.00000,0.00000,-1.00000,0.00000,-1.00000,0.00000,0.00000,0.11111,-0.74858,-0.82222,-0.74858,-0.77778,-0.68573,0.15556,0.57135,1.00000,1.00000,1.00000,-0.40000,-1.00000,-1.00000,-1.00000,-1.00000,1.00000,1.00000,1,1,1,1,0,0,0,1,0,0
0.73333,-0.66667,-1.00000,0.00000,0.00000,0.00000,0.00000,0.00000,-1.00000,0.00000,-1.00000,0.00000,0.00000,0.11111,-0.74858,-0.82222,-0.74858,-0.77778,-0.68573,0.15556,0.57135,1.00000,1.00000,1.00000,-0.40000,-1.00000,-1.00000,-1.00000,-1.00000,1.00000,1.00000,1,1,1,1,0,0,0,1,0,0
0.73333,-0.66667,-1.00000,0.00000,0.00000,0.00000,0.00000,0.00000,-1.00000,0.00000,-1.00000,0.00000,0.00000,0.11111,-0.74858,-0.82222,-0.74858,-0.77778,-0.68573,0.15556,0.57135,1.00000,1.00000,1.00000,-0.40000,-1.00000,-1.00000,-1.00000,-1.00000,1.00000,1.00000,1,1,1,1,0,0,0,1,0,0
0.73333,-0.66667,-1.00000,0.00000,0.00000,0.00000,0.00000,0.00000,-1.00000,0.00000,-1.00000,0.00000,0.00000,0.11111,-0.74858,-0.82222,-0.74858,-0.77778,-0.68573,0.15556,0.57135,1.00000,1.00000,1.00000,-0.40000,-1.00000,-1.00000,-1.00000,-1.00000,1.00000,1.00000,1,1,1,1,0,0,0,1,0,0
0.73333,-0.66667,-1.00000,0.00000,0.00000,0.00000,0.00000,0.00000,-1.00000,0.00000,-1.00000,0.00000,0.00000,0.11111,-0.74858,-0.82222,-0.74858,-0.77778,-0.68573,0.15556,0.57135,1.00000,1.00000,1.00000,-0.40000,-1.00000,-1.00000,-1.00000,-1.00000,1.00000,1.00000,1,1,1,1,0,0,0,1,0,0
0.73333,-0.66667,-1.00000,0.00000,0.00000,0.00000,0.00000,0.00000,-1.00000,0.00000,-1.00000,0.00000,0.00000,0.11111,-0.74858,-0.82222,-0.74858,-0.77778,-0.68573,0.15556,0.57135,1.00000,1.00000,1.00000,-0.40000,-1.00000,-1.00000,-1.00000,-1.00000,1.00000,1.00000,1,1,1,1,0,0,0,1,0,0
0.73333,-0.66667,-1.00000,0.00000,0.00000,0.00000,0.00000,0.00000,-1.00000,0.00000,-1.00000,0.00000,0.00000,0.11111,-0.74858,-0.82222,-0.74858,-0.77778,-0.68573,0.15556,0.57135,1.00000,1.00000,1.00000,-0.40000,-1.00000,-1.00000,-1.00000,-1.00000,1.00000,1.00000,1,1,1,1,0,0,0,1,0,0
0.73333,-0.66667,-1.00000,0.00000,0.00000,0.00000,0.00000,0.00000,-1.00000,0.00000,-1.00000,0.00000,0.00000,0.11111,-0.74858,-0.82222,-0.74858,-0.77778,-0.68573,0.15556,0.57135,1.00000,1.00000,1.00000,-0.40000,-1.00000,-1.00000,-1.00000,-1.00000,1.00000,1.00000,1,1,1,1,0,0,0,1,0,0
0.73333,-0.66667,-1.00000,0.00000,0.00000,0.00000,0.00000,0.00000,-1.00000,0.00000,-1.00000,0.00000,0.00000,0.11111,-0.74858,-0.82222,-0.74858,-0.77778,-0.68573,0.15556,0.57135,1.00000,1.00000,1.00000,-0.40000,-1.00000,-1.00000,-1.00000,-1.00000,1.00000,1.00000,1,1,1,1,0,0,0,1,0,0
0.73333,-0.66667,-1.00000,0.00000,0.00000,0.00000,0.00000,0.00000,-1.00000,0.00000,-1.00000,0.00000,0.00000,0.11111,-0.74858,-0.82222,-0.74858,-0.77778,-0.68573,0.15556,0.57135,1.00000,1.00000,1.00000,-0.40000,-1.00000,-1.00000,-1.00000,-1.00000,1.00000,1.00000,1,1,1,1,0,0,0,1,0,0
0.73333,-0.66667,-1.00000,0.00000,0.00000,0.00000,0.00000,0.00000,-1.00000,0.00000,-1.00000,0.00000,0.00000,0.11111,-0.74858,-0.82222,-0.74858,-0.77778,-0.68573,0.15556,0.57135,1.00000,1.00000,1.00000,-0.40000,-1.00000,-1.00000,-1.00000,-1.00000,1.00000,1.00000,1,1,1,1,0,0,0,1,0,0
0.73333,-0.66667,-1.00000,0.00000,0.00000,0.00000,0.00000,0.00000,-1.00000,0.00000,-1.00000,0.00000,0.00000,0.11111,-0.74858,-0.82222,-0.74858,-0.77778,-0.68573,0.15556,0.57135,1.00000,1.00000,1.00000,-0.40000,-1.00000,-1.00000,-1.00000,-1.00000,1.00000,1.00000,1,1,1,1,0,0,0,1,0,0
0.73333,-0.66667,-1.00000,0.00000,0.00000,0.00000,0.00000,0.00000,-1.00000,0.00000,-1.00000,0.00000,0.00000,0.11111,-0.74858,-0.82222,-0.74858,-0.77778,-0.68573,0.15556,0.57135,1.00000,1.00000,1.00000,-0.40000,-1.00000,-1.00000,-1.00000,-1.00000,1.00000,1.00000,1,1,1,1,0,0,0,1,0,0
0.73333,-0.66667,-1.00000,0.00000,0.00000,0.00000,0.00000,0.00000,-1.00000,0.00000,-1.00000,0.00000,0.00000,0.11111,-0.74858,-0.82222,-0.74858,-0.77778,-0.68573,0.15556,0.57135,1.00000,1.00000,1.00000,-0.40000,-1.00000,-1.00000,-1.00000,-1.00000,1.00000,1.00000,1,1,1,1,0,0,0,1,0,0
0.73333,-0.66667,-1.00000,0.00000,0.00000,0.00000,0.00000,0.00000,-1.00000,0.00000,-1.00000,0.00000,0.00000,0.11111,-0.74858,-0.82222,-0.74858,-0.77778,-0.68573,0.15556,0.57135,1.00000,1.00000,1.00000,-0.40000,-1.00000,-1.00000,-1.00000,-1.00000,1.00000,1.00000,1,1,1,1,0,0,0,1,0,0
0.73333,-0.66667,-1.00000,0.00000,0.00000,0.00000,0.00000,0.00000,-1.00000,0.00000,-1.00000,0.00000,0.00000,0.11111,-0.74858,-0.82222,-0.74858,-0.77778,-0.68573,0.15556,0.57135,1.00000,1.00000,1.00000,-0.40000,-1.00000,-1.00000,-1.00000,-1.00000,1.00000,1.00000,1,1,1,1,0,0,0,1,0,0
0.73333,-0.66667,-1.00000,0.00000,0.00000,0.00000,0.00000,0.00000,-1.00000,0.00000,-1.00000,0.00000,0.00000,0.11111,-0.74858,-0.82222,-0.74858,-0.77778,-0.68573,0.15556,0.57135,1.00000,1.00000,1.00000,-0.40000,-1.00000,-1.00000,-1.00000,-1.00000,1.00000,1.00000,1,1,1,1,0,0,0,1,0,0
0.73333,-0.66667,-1.00000,0.00000,0.00000,0.00000,0.00000,0.00000,-1.00000,0.00000,-1.00000,0.00000,0.00000,0.11111,-0.74858,-0.82222,-0.74858,-0.77778,-0.68573,0.15556,0.57135,1.00000,1.00000,1.00000,-0.40000,-1.00000,-1.00000,-1.00000,-1.00000,1.00000,1.00000,1,1,1,1,0,0,0,1,0,0
0.73333,-0.66667,-1.00000,0.00000,0.00000,0.00000,0.00000,0.00000,-1.00000,0.00000,-1.00000,0.00000,0.00000,0.11111,-0.74858,-0.82222,-0.74858,-0.77778,-0.68573,0.15556,0.57135,1.00000,1.00000,1.00000,-0.40000,-1.00000,-1.00000,-1.00000,-1.00000,1.00000,1.00000,1,1,1,1,0,0,0,1,0,0
0.73333,-0.66667,-1.00000,0.00000,0.00000,0.00000,0.00000,0.00000,-1.00000,0.00000,-1.00000,0.00000,0.00000,0.11111,-0.74858,-0.82222,-0.74858,-0.77778,-0.68573,0.15556,0.57135,1.00000,1.00000,1.00000,-0.40000,-1.00000,-1.00000,-1.00000,-1.00000,1.00000,1.00000,1,1,1,1,0,0,0,1,0,0
0.73333,-0.66667,-1.00000,0.00000,0.00000,0.00000,0.00000,0.00000,-1.00000,0.00000,-1.00000,0.00000,0.00000,0.11111,-0.74858,-0.82222,-0.74858,-0.77778,-0.68573,0.15556,0.57135,1.00000,1.00000,1.00000,-0.40000,-1.00000,-1.00000,-1.00000,-1.00000,1.00000,1.00000,1,1,1,1,0,0,0,1,0,0
0.73333,-0.66667,-1.00000,0.00000,0.00000,0.00000,0.00000,0.00000,-1.00000,0.00000,-1.00000,0.00000,0.00000,0.11111,-0.74858,-0.82222,-0.74858,-0.77778,-0.68573,0.15556,0.57135,1.00000,1.00000,1.00000,-0.40000,-1.00000,-1.00000,-1.00000,-1.00000,1.00000,1.00000,1,1,1,1,0,0,0,1,0,0
0.73333,-0.66667,-1.00000,0.00000,0.00000,0.00000,0.00000,0.00000,-1.00000,0.00000,-1.00000,0.00000,0.00000,0.11111,-0.74858,-0.82222,-0.74858,-0.77778,-0.68573,0.15556,0.57135,1.00000,1.00000,1.00000,-0.40000,-1.00000,-1.00000,-1.00000,-1.00000,1.00000,1.00000,1,1,1,1,0,0,0,1,0,0
0.73333,-0.66667,-1.00000,0.00000,0.00000,0.00000,0.00000,0.00000,-1.00000,0.00000,-1.00000,0.00000,0.00000,0.11111,-0.74858,-0.82222,-0.74858,-0.77778,-0.68573,0.15556,0.57135,1.00000,1.00000,1.00000,-0.40000,-1.00000,-1.00000,-1.00000,-1.00000,1.00000,1.00000,1,1,1,1,0,0,0,1,0,0
0.73333,-0.66667,-1.00000,0.00000,0.00000,0.00000,0.00000,0.00000,-1.00000,0.00000,-1.00000,0.00000,0.00000,0.11111,-0.74858,-0.82222,-0.74858,-0.77778,-0.68573,0.15556,0.57135,1.00000,1.00000,1.00000,-0.40000,-1.00000,-1.00000,-1.00000,-1.00000,1.00000,1.00000,1,1,1,1,0,0,0,1,0,0
0.73333,-0.66667,-1.00000,0.00000,0.00000,0.00000,0.00000,0.00000,-1.00000,0.00000,-1.00000,0.00000,0.00000,0.11111,-0.74858,-0.82222,-0.74858,-0.77778,-0.68573,0.15556,0.57135,1.00000,1.00000,1.00000,-0.40000,-1.00000,-1.00000,-1.00000,-1.00000,1.00000,1.00000,1,1,1,1,0,0,0,1,0,0
0.73333,-0.66667,-1.00000,0.00000,0.00000,0.00000,0.00000,0.00000,-1.00000,0.00000,-1.00000,0.00000,0.00000,0.11111,-0.74858,-0.82222,-0.74858,-0.77778,-0.68573,0.15556,0.57135,1.00000,1.00000,1.00000,-0.40000,-1.00000,-1.00000,-1.00000,-1.00000,1.00000,1.00000,1,1,1,1,0,0,0,1,0,0
0.73333,-0.66667,-1.00000,0.00000,0.00000,0.00000,0.00000,0.00000,-1.00000,0.00000,-1.00000,0.00000,0.00000,0.11111,-0.74858,-0.82222,-0.74858,-0.77778,-0.68573,0.15556,0.57135,1.00000,1.00000,1.00000,-0.40000,-1.00000,-1.00000,-1.00000,-1.00000,1.00000,1.00000,1,1,1,1,0,0,0,1,0,0
0.73333,-0.66667,-1.00000,0.00000,0.00000,0.00000,0.00000,0.00000,-1.00000,0.00000,-1.00000,0.00000,0.00000,0.11111,-0.74858,-0.82222,-0.74858,-0.77778,-0.68573,0.15556,0.57135,1.00000,1.00000,1.00000,-0.40000,-1.00000,-1.00000,-1.00000,-1.00000,1.00000,1.00000,1,1,1,1,0,0,0,1,0,0
0.73333,-0.66667,-1.00000,0.00000,0.00000,0.00000,0.00000,0.00000,-1.00000,0.00000,-1.00000,0.00000,0.00000,0.11111,-0.74858,-0.82222,-0.74858,-0.77778,-0.68573,0.15556,0.57135,1.00000,1.00000,1.00000,-0.40000,-1.00000,-1.00000,-1.00000,-1.00000,1.00000,1.00000,1,1,1,1,0,0,0,1,0,0
0.73333,-0.66667,-1.00000,0.00000,0.00000,0.00000,0.00000,0.00000,-1.00000,0.00000,-1.00000,0.00000,0.00000,0.11111,-0.74858,-0.82222,-0.74858,-0.77778,-0.68573,0.15556,0.57135,1.00000,1.00000,1.00000,-0.40000,-1.00000,-1.00000,-1.00000,-1.00000,1.00000,1.00000,1,1,1,1,0,0,0,1,0,0
0.73333,-0.66667,-1.00000,0.00000,0.00000,0.00000,0.00000,0.00000,-1.00000,0.00000,-1.00000,0.00000,0.00000,0.11111,-0.74858,-0.82222,-0.74858,-0.77778,-0.68573,0.15556,0.57135,1.00000,1.00000,1.00000,-0.40000,-1.00000,-1.00000,-1.00000,-1.00000,1.00000,1.00000,1,1,1,1,0,0,0,1,0,0
0.73333,-0.66667,-1.00000,0.00000,0.00000,0.00000,0.00000,0.00000,-1.00000,0.00000,-1.00000,0.00000,0.00000,0.11111,-0.74858,-0.82222,-0.74858,-0.77778,-0.68573,0.15556,0.57135,1.00000,1.00000,1.00000,-0.40000,-1.00000,-1.00000,-1.00000,-1.00000,1.00000,1.00000,1,1,1,1,0,0,0,1,0,0
0.73333,-0.66667,-1.00000,0.00000,0.00000,0.00000,0.00000,0.00000,-1.00000,0.00000,-1.00000,0.00000,0.00000,0.11111,-0.74858,-0.82222,-0.74858,-0.77778,-0.68573,0.15556,0.57135,1.00000,1.00000,1.00000,-0.40000,-1.00000,-1.00000,-1.00000,-1.00000,1.00000,1.00000,1,1,1,1,0,0,0,1,0,0
0.73333,-0.66667,-1.00000,0.00000,0.00000,0.00000,0.00000,0.00000,-1.00000,0.00000,-1.00000,0.00000,0.00000,0.11111,-0.74858,-0.82222,-0.74858,-0.77778,-0.68573,0.15556,0.57135,1.00000,1.00000,1.00000,-0.40000,-1.00000,-1.00000,-1.00000,-1.00000,1.00000,1.00000,1,1,1,1,0,0,0,1,0,0
0.73333,-0.66667,-1.00000,0.00000,0.00000,0.00000,0.00000,0.00000,-1.00000,0.00000,-1.00000,0.00000,0.00000,0.11111,-0.74858,-0.82222,-0.74858,-0.77778,-0.68573,0.15556,0.57135,1.00000,1.00000,1.00000,-0.40000,-1.00000,-1.00000,-1.00000,-1.00000,1.00000,1.00000,1,1,1,1,0,0,0,1,0,0
0.73333,-0.66667,-1.00000,0.00000,0.00000,0.00000,0.00000,0.00000,-1.00000,0.00000,-1.00000,0.00000,0.00000,0.11111,-0.74858,-0.82222,-0.74858,-0.77778,-0.68573,0.15556,0.57135,1.00000,1.00000,1.00000,-0.40000,-1.00000,-1.00000,-1.00000,-1.00000,1.00000,1.00000,1,1,1,1,0,0,0,1,0,0
0.73333,-0.66667,-1.00000,0.00000,0.00000,0.00000,0.00000,0.00000,-1.00000,0.00000,-1.00000,0.00000,0.00000,0.11111,-0.74858,-0.82222,-0.74858,-0.77778,-0.68573,0.15556,0.57135,1.00000,1.00000,1.00000,-0.40000,-1.00000,-1.00000,-1.00000,-1.00000,1.00000,1.00000,1,1,1,1,0,0,0,1,0,0
0.73333,-0.66667,-1.00000,0.00000,0.00000,0.00000,0.00000,0.00000,-1.00000,0.00000,-1.00000,0.00000,0.00000,0.11111,-0.74858,-0.82222,-0.74858,-0.77778,-0.68573,0.15556,0.57135,1.00000,1.00000,1.00000,-0.40000,-1.00000,-1.00000,-1.00000,-1.00000,1.00000,1.00000,1,1,1,1,0,0,0,1,0,0
0.73333,-0.66667,-1.00000,0.00000,0.00000,0.00000,0.00000,0.00000,-1.00000,0.00000,-1.00000,0.00000,0.00000,0.11111,-0.74858,-0.82222,-0.74858,-0.77778,-0.68573,0.15556,0.57135,1.00000,1.00000,1.00000,-0.40000,-1.00000,-1.00000,-1.00000,-1.00000,1.00000,1.00000,1,1,1,1,0,0,0,1,0,0
0.73333,-0.66667,-1.00000,0.00000,0.00000,0.00000,0.00000,0.00000,-1.00000,0.00000,-1.00000,0.00000,0.00000,0.11111,-0.74858,-0.82222,-0.74858,-0.77778,-0.68573,0.15556,0.57135,1.00000,1.00000,1.00000,-0.40000,-1.00000,-1.00000,-1.00000,-1.00000,1.00000,1.00000,1,1,1,1,0,0,0,1,0,0
0.73333,-0.66667,-1.00000,0.00000,0.00000,0.00000,0.00000,0.00000,-1.00000,0.00000,-1.00000,0.00000,0.00000,0.11111,-0.74858,-0.82222,-0.74858,-0.77778,-0.68573,0.15556,0.57135,1.00000,1.00000,1.00000,-0.40000,-1.00000,-1.00000,-1.00000,-1.00000,1.00000,1.00000,1,1,1,1,0,0,0,1,0,0
0.73333,-0.66667,-1.00000,0.00000,0.00000,0.00000,0.00000,0.00000,-1.00000,0.00000,-1.00000,0.00000,0.00000,0.11111,-0.74858,-0.82222,-0.74858,-0.77778,-0.68573,0.15556,0.57135,1.00000,1.00000,1.00000,-0.40000,-1.00000,-1.00000,-1.00000,-1.00000,1.00000,1.00000,1,1,1,1,0,0,0,1,0,0
0.73333,-0.66667,-1.00000,0.00000,0.00000,0.00000,0.00000,0.00000,-1.00000,0.00000,-1.00000,0.00000,0.00000,0.11111,-0.74858,-0.82222,-0.74858,-0.77778,-0.68573,0.15556,0.57135,1.00000,1.00000,1.00000,-0.40000,-1.00000,-1.00000,-1.00000,-1.00000,1.00000,1.00000,1,1,1,1,0,0,0,1,0,0
0.73333,-0.66667,-1.00000,0.00000,0.00000,0.00000,0.00000,0.00000,-1.00000,0.00000,-1.00000,0.00000,0.00000,0.11111,-0.74858,-0.82222,-0.74858,-0.77778,-0.68573,0.15556,0.57135,1.00000,1.00000,1.00000,-0.40000,-1.00000,-1.00000,-1.00000,-1.00000,1.00000,1.00000,1,1,1,1,0,0,0,1,0,0
0.73333,-0.66667,-1.00000,0.00000,0.00000,0.00000,0.00000,0.00000,-1.00000,0.00000,-1.00000,0.00000,0.00000,0.11111,-0.74858,-0.82222,-0.74858,-0.77778,-0.68573,0.15556,0.57135,1.00000,1.00000,1.00000,-0.40000,-1.00000,-1.00000,-1.00000,-1.00000,1.00000,1.00000,1,1,1,1,0,0,0,1,0,0
0.73333,-0.66667,-1.00000,0.00000,0.00000,0.00000,0.00000,0.00000,-1.00000,0.00000,-1.00000,0.00000,0.00000,0.11111,-0.74858,-0.82222,-0.74858,-0.77778,-0.68573,0.15556,0.57135,1.00000,1.00000,1.00000,-0.40000,-1.00000,-1.00000,-1.00000,-1.00000,1.00000,1.00000,1,1,1,1,0,0,0,1,0,0
0.73333,-0.66667,-1.00000,0.00000,0.00000,0.00000,0.00000,0.00000,-1.00000,0.00000,-1.00000,0.00000,0.00000,0.11111,-0.74858,-0.82222,-0.74858,-0.77778,-0.68573,0.15556,0.57135,1.00000,1.00000,1.00000,-0.40000,-1.00000,-1.00000,-1.00000,-1.00000,1.00000,1.00000,1,1,1,1,0,0,0,1,0,0
0.73333,-0.66667,-1.00000,0.00000,0.00000,0.00000,0.00000,0.00000,-1.00000,0.00000,-1.00000,0.00000,0.00000,0.11111,-0.74858,-0.82222,-0.74858,-0.77778,-0.68573,0.15556,0.57135,1.00000,1.00000,1.00000,-0.40000,-1.00000,-1.00000,-1.00000,-1.00000,1.00000,1.00000,1,1,1,1,0,0,0,1,0,0
0.73333,-0.66667,-1.00000,0.00000,0.00000,0.00000,0.00000,0.00000,-1.00000,0.00000,-1.00000,0.00000,0.00000,0.11111,-0.74858,-0.82222,-0.74858,-0.77778,-0.68573,0.15556,0.57135,1.00000,1.00000,1.00000,-0.40000,-1.00000,-1.00000,-1.00000,-1.00000,1.00000,1.00000,1,1,1,1,0,0,0,1,0,0
0.73333,-0.66667,-1.00000,0.00000,0.00000,0.00000,0.00000,0.00000,-1.00000,0.00000,-1.00000,0.00000,0.00000,0.11111,-0.74858,-0.82222,-0.74858,-0.77778,-0.68573,0.15556,0.57135,1.00000,1.00000,1.00000,-0.40000,-1.00000,-1.00000,-1.00000,-1.00000,1.00000,1.00000,1,1,1,1,0,0,0,1,0,0
0.73333,-0.66667,-1.00000,0.00000,0.00000,0.00000,0.00000,0.00000,-1.00000,0.00000,-1.00000,0.00000,0.00000,0.11111,-0.74858,-0.82222,-0.74858,-0.77778,-0.68573,0.15556,0.57135,1.00000,1.00000,1.00000,-0.40000,-1.00000,-1.00000,-1.00000,-1.00000,1.00000,1.00000,1,1,1,1,0,0,0,1,0,0
0.73333,-0.66667,-1.00000,0.00000,0.00000,0.00000,0.00000,0.00000,-1.00000,0.00000,-1.00000,0.00000,0.00000,0.11111,-0.74858,-0.82222,-0.74858,-0.77778,-0.68573,0.15556,0.57135,1.00000,1.00000,1.00000,-0.40000,-1.00000,-1.00000,-1.00000,-1.00000,1.00000,1.00000,1,1,1,1,0,0,0,1,0,0
0.73333,-0.66667,-1.00000,0.00000,0.00000,0.00000,0.00000,0.00000,-1.00000,0.00000,-1.00000,0.00000,0.00000,0.11111,-0.74858,-0.82222,-0.74858,-0.77778,-0.68573,0.15556,0.57135,1.00000,1.00000,1.00000,-0.40000,-1.00000,-1.00000,-1.00000,-1.00000,1.00000,1.00000,1,1,1,1,0,0,0,1,0,0
0.73333,-0.66667,-1.00000,0.00000,0.00000,0.00000,0.00000,0.00000,-1.00000,0.00000,-1.00000,0.00000,0.00000,0.11111,-0.74858,-0.82222,-0.74858,-0.77778,-0.68573,0.15556,0.57135,1.00000,1.00000,1.00000,-0.40000,-1.00000,-1.00000,-1.00000,-1.00000,1.00000,1.00000,1,1,1,1,0,0,0,1,0,0
0.73333,-0.66667,-1.00000,0.00000,0.00000,0.00000,0.00000,0.00000,-1.00000,0.00000,-1.00000,0.00000,0.00000,0.11111,-0.74858,-0.82222,-0.74858,-0.77778,-0.68573,0.15556,0.57135,1.00000,1.00000,1.00000,-0.40000,-1.00000,-1.00000,-1.00000,-1.00000,1.00000,1.00000,1,1,1,1,0,0,0,1,0,0
0.73333,-0.66667,-1.00000,0.00000,0.00000,0.00000,0.00000,0.00000,-1.00000,0.00000,-1.00000,0.00000,0.00000,0.11111,-0.74858,-0.82222,-0.74858,-0.77778,-0.68573,0.15556,0.57135,1.00000,1.00000,1.00000,-0.40000,-1.00000,-1.00000,-1.00000,-1.00000,1.00000,1.00000,1,1,1,1,0,0,0,1,0,0
0.73333,-0.66667,-1.00000,0.00000,0.00000,0.00000,0.00000,0.00000,-1.00000,0.00000,-1.00000,0.00000,0.00000,0.11111,-0.74858,-0.82222,-0.74858,-0.77778,-0.68573,0.15556,0.57135,1.00000,1.00000,1.00000,-0.40000,-1.00000,-1.00000,-1.00000,-1.00000,1.00000,1.00000,1,1,1,1,0,0,0,1,0,0
0.73333,-0.66667,-1.00000,0.00000,0.00000,0.00000,0.00000,0.00000,-1.00000,0.00000,-1.00000,0.00000,0.00000,0.11111,-0.74858,-0.82222,-0.74858,-0.77778,-0.68573,0.15556,0.57135,1.00000,1.00000,1.00000,-0.40000,-1.00000,-1.00000,-1.00000,-1.00000,1.00000,1.00000,1,1,1,1,0,0,0,1,0,0
0.73333,-0.66667,-1.00000,0.00000,0.00000,0.00000,0.00000,0.00000,-1.00000,0.00000,-1.00000,0.00000,0.00000,0.11111,-0.74858,-0.82222,-0.74858,-0.77778,-0.68573,0.15556,0.57135,1.00000,1.00000,1.00000,-0.40000,-1.00000,-1.00000,-1.00000,-1.00000,1.00000,1.00000,1,1,1,1,0,0,0,1,0,0
0.73333,-0.66667,-1.00000,0.00000,0.00000,0.00000,0.00000,0.00000,-1.00000,0.00000,-1.00000,0.00000,0.00000,0.11111,-0.74858,-0.82222,-0.74858,-0.77778,-0.68573,0.15556,0.57135,1.00000,1.00000,1.00000,-0.40000,-1.00000,-1.00000,-1.00000,-1.00000,1.00000,1.00000,1,1,1,1,0,0,0,1,0,0
0.73333,-0.66667,-1.00000,0.00000,0.00000,0.00000,0.00000,0.00000,-1.00000,0.00000,-1.00000,0.00000,0.00000,0.11111,-0.74858,-0.82222,-0.74858,-0.77778,-0.68573,0.15556,0.57135,1.00000,1.00000,1.00000,-0.40000,-1.00000,-1.00000,-1.00000,-1.00000,1.00000,1.00000,1,1,1,1,0,0,0,1,0,0
0.73333,-0.66667,-1.00000,0.00000,0.00000,0.00000,0.00000,0.00000,-1.00000,0.00000,-1.00000,0.00000,0.00000,0.11111,-0.74858,-0.82222,-0.74858,-0.77778,-0.68573,0.15556,0.57135,1.00000,1.00000,1.00000,-0.40000,-1.00000,-1.00000,-1.00000,-1.00000,1.00000,1.00000,1,1,1,1,0,0,0,1,0,0
0.73333,-0.66667,-1.00000,0.00000,0.00000,0.00000,0.00000,0.00000,-1.00000,0.00000,-1.00000,0.00000,0.00000,0.11111,-0.74858,-0.82222,-0.74858,-0.77778,-0.68573,0.15556,0.57135,1.00000,1.00000,1.00000,-0.40000,-1.00000,-1.00000,-1.00000,-1.00000,1.00000,1.00000,1,1,1,1,0,0,0,1,0,0
0.73333,-0.66667,-1.00000,0.00000,0.00000,0.00000,0.00000,0.00000,-1.00000,0.00000,-1.00000,0.00000,0.00000,0.11111,-0.74858,-0.82222,-0.74858,-0.77778,-0.68573,0.15556,0.57135,1.00000,1.00000,1.00000,-0.40000,-1.00000,-1.00000,-1.00000,-1.00000,1.00000,1.00000,1,1,1,1,0,0,0,1,0,0
0.73333,-0.66667,-1.00000,0.00000,0.00000,0.00000,0.00000,0.00000,-1.00000,0.00000,-1.00000,0.00000,0.00000,0.11111,-0.74858,-0.82222,-0.74858,-0.77778,-0.68573,0.15556,0.57135,1.00000,1.00000,1.00000,-0.40000,-1.00000,-1.00000,-1.00000,-1.00000,1.00000,1.00000,1,1,1,1,0,0,0,1,0,0
0.73333,-0.66667,-1.00000,0.00000,0.00000,0.00000,0.00000,0.00000,-1.00000,0.00000,-1.00000,0.00000,0.00000,0.11111,-0.74858,-0.82222,-0.74858,-0.77778,-0.68573,0.15556,0.57135,1.00000,1.00000,1.00000,-0.40000,-1.00000,-1.00000,-1.00000,-1.00000,1.00000,1.00000,1,1,1,1,0,0,0,1,0,0
0.73333,-0.66667,-1.00000,0.00000,0.00000,0.00000,0.00000,0.00000,-1.00000,0.00000,-1.00000,0.00000,0.00000,0.11111,-0.74858,-0.82222,-0.74858,-0.77778,-0.68573,0.15556,0.57135,1.00000,1.00000,1.00000,-0.40000,-1.00000,-1.00000,-1.00000,-1.00000,1.00000,1.00000,1,1,1,1,0,0,0,1,0,0
0.73333,-0.66667,-1.00000,0.00000,0.00000,0.00000,0.00000,0.00000,-1.00000,0.00000,-1.00000,0.00000,0.00000,0.11111,-0.74858,-0.82222,-0.74858,-0.77778,-0.68573,0.15556,0.57135,1.00000,1.00000,1.00000,-0.40000,-1.00000,-1.00000,-1.00000,-1.00000,1.00000,1.00000,1,1,1,1,0,0,0,1,0,0
0.73333,-0.66667,-1.00000,0.00000,0.00000,0.00000,0.00000,0.00000,-1.00000,0.00000,-1.00000,0.00000,0.00000,0.11111,-0.74858,-0.82222,-0.74858,-0.77778,-0.68573,0.15556,0.57135,1.00000,1.00000,1.00000,-0.40000,-1.00000,-1.00000,-1.00000,-1.00000,1.00000,1.00000,1,1,1,1,0,0,0,1,0,0
0.73333,-0.66667,-1.00000,0.00000,0.00000,0.00000,0.00000,0.00000,-1.00000,0.00000,-1.00000,0.00000,0.00000,0.11111,-0.74858,-0.82222,-0.74858,-0.77778,-0.68573,0.15556,0.57135,1.00000,1.00000,1.00000,-0.40000,-1.00000,-1.00000,-1.00000,-1.00000,1.00000,1.00000,1,1,1,1,0,0,0,1,0,0
0.73333,-0.66667,-1.00000,0.00000,0.00000,0.00000,0.00000,0.00000,-1.00000,0.00000,-1.00000,0.00000,0.00000,0.11111,-0.74858,-0.82222,-0.74858,-0.77778,-0.68573,0.15556,0.57135,1.00000,1.00000,1.00000,-0.40000,-1.00000,-1.00000,-1.00000,-1.00000,1.00000,1.00000,1,1,1,1,0,0,0,1,0,0
0.73333,-0.66667,-1.00000,0.00000,0.00000,0.00000,0.00000,0.00000,-1.00000,0.00000,-1.00000,0.00000,0.00000,0.11111,-0.74858,-0.82222,-0.74858,-0.77778,-0.68573,0.15556,0.57135,1.00000,1.00000,1.00000,-0.40000,-1.00000,-1.00000,-1.00000,-1.00000,1.00000,1.00000,1,1,1,1,0,0,0,1,0,0
0.73333,-0.66667,-1.00000,0.00000,0.00000,0.00000,0.00000,0.00000,-1.00000,0.00000,-1.00000,0.00000,0.00000,0.11111,-0.74858,-0.82222,-0.74858,-0.77778,-0.68573,0.15556,0.57135,1.00000,1.00000,1.00000,-0.40000,-1.00000,-1.00000,-1.00000,-1.00000,1.00000,1.00000,1,1,1,1,0,0,0,1,0,0
0.73333,-0.66667,-1.00000,0.00000,0.00000,0.00000,0.00000,0.00000,-1.00000,0.00000,-1.00000,0.00000,0.00000,0.11111,-0.74858,-0.82222,-0.74858,-0.77778,-0.68573,0.15556,0.57135,1.00000,1.00000,1.00000,-0.40000,-1.00000,-1.00000,-1.00000,-1.00000,1.00000,1.00000,1,1,1,1,0,0,0,1,0,0
0.73333,-0.66667,-1.00000,0.00000,0.00000,0.00000,0.00000,0.00000,-1.00000,0.00000,-1.00000,0.00000,0.00000,0.11111,-0.74858,-0.82222,-0.74858,-0.77778,-0.68573,0.15556,0.57135,1.00000,1.00000,1.00000,-0.40000,-1.00000,-1.00000,-1.00000,-1.00000,1.00000,1.00000,1,1,1,1,0,0,0,1,0,0
0.73333,-0.66667,-1.00000,0.00000,0.00000,0.00000,0.00000,0.00000,-1.00000,0.00000,-1.00000,0.00000,0.00000,0.11111,-0.74858,-0.82222,-0.74858,-0.77778,-0.68573,0.15556,0.57135,1.00000,1.00000,1.00000,-0.40000,-1.00000,-1.00000,-1.00000,-1.00000,1.00000,1.00000,1,1,1,1,0,0,0,1,0,0
0.73333,-0.66667,-1.00000,0.00000,0.00000,0.00000,0.00000,0.00000,-1.00000,0.00000,-1.00000,0.00000,0.00000,0.11111,-0.74858,-0.82222,-0.74858,-0.77778,-0.68573,0.15556,0.57135,1.00000,1.00000,1.00000,-0.40000,-1.00000,-1.00000,-1.00000,-1.00000,1.00000,1.00000,1,1,1,1,0,0,0,1,0,0
0.73333,-0.66667,-1.00000,0.00000,0.00000,0.00000,0.00000,0.00000,-1.00000,0.00000,-1.00000,0.00000,0.00000,0.11111,-0.74858,-0.82222,-0.74858,-0.77778,-0.68573,0.15556,0.57135,1.00000,1.00000,1.00000,-0.40000,-1.00000,-1.00000,-1.00000,-1.00000,1.00000,1.00000,1,1,1,1,0,0,0,1,0,0
0.73333,-0.66667,-1.00000,0.00000,0.00000,0.00000,0.00000,0.00000,-1.00000,0.00000,-1.00000,0.00000,0.00000,0.11111,-0.74858,-0.82222,-0.74858,-0.77778,-0.68573,0.15556,0.57135,1.00000,1.00000,1.00000,-0.40000,-1.00000,-1.00000,-1.00000,-1.00000,1.00000,1.00000,1,1,1,1,0,0,0,1,0,0
0.73333,-0.66667,-1.00000,0.00000,0.00000,0.00000,0.00000,0.00000,-1.00000,0.00000,-1.00000,0.00000,0.00000,0.11111,-0.74858,-0.82222,-0.74858,-0.77778,-0.68573,0.15556,0.57135,1.00000,1.00000,1.00000,-0.40000,-1.00000,-1.00000,-1.00000,-1.00000,1.00000,1.00000,1,1,1,1,0,0,0,1,0,0
0.73333,-0.66667,-1.00000,0.00000,0.00000,0.00000,0.00000,0.00000,-1.00000,0.00000,-1.00000,0.00000,0.00000,0.11111,-0.74858,-0.82222,-0.74858,-0.77778,-0.68573,0.15556,0.57135,1.00000,1.00000,1.00000,-0.40000,-1.00000,-1.00000,-1.00000,-1.00000,1.00000,1.00000,1,1,1,1,0,0,0,1,0,0
0.73333,-0.66667,-1.00000,0.00000,0.00000,0.00000,0.00000,0.00000,-1.00000,0.00000,-1.00000,0.00000,0.00000,0.11111,-0.74858,-0.82222,-0.74858,-0.77778,-0.68573,0.15556,0.57135,1.00000,1.00000,1.00000,-0.40000,-1.00000,-1.00000,-1.00000,-1.00000,1.00000,1.00000,1,1,1,1,0,0,0,1,0,0
0.73333,-0.66667,-1.00000,0.00000,0.00000,0.00000,0.00000,0.00000,-1.00000,0.00000,-1.00000,0.00000,0.00000,0.11111,-0.74858,-0.82222,-0.74858,-0.77778,-0.68573,0.15556,0.57135,1.00000,1.00000,1.00000,-0.40000,-1.00000,-1.00000,-1.00000,-1.00000,1.00000,1.00000,1,1,1,1,0,0,0,1,0,0
0.73333,-0.66667,-1.00000,0.00000,0.00000,0.00000,0.00000,0.00000,-1.00000,0.00000,-1.00000,0.00000,0.00000,0.11111,-0.74858,-0.82222,-0.74858,-0.77778,-0.68573,0.15556,0.57135,1.00000,1.00000,1.00000,-0.40000,-1.00000,-1.00000,-1.00000,-1.00000,1.00000,1.00000,1,1,1,1,0,0,0,1,0,0
0.73333,-0.66667,-1.00000,0.00000,0.00000,0.00000,0.00000,0.00000,-1.00000,0.00000,-1.00000,0.00000,0.00000,0.11111,-0.74858,-0.82222,-0.74858,-0.77778,-0.68573,0.15556,0.57135,1.00000,1.00000,1.00000,-0.40000,-1.00000,-1.00000,-1.00000,-1.00000,1.00000,1.00000,1,1,1,1,0,0,0,1,0,0
0.73333,-0.66667,-1.00000,0.00000,0.00000,0.00000,0.00000,0.00000,-1.00000,0.00000,-1.00000,0.00000,0.00000,0.11111,-0.74858,-0.82222,-0.74858,-0.77778,-0.68573,0.15556,0.57135,1.00000,1.00000,1.00000,-0.40000,-1.00000,-1.00000,-1.00000,-1.00000,1.00000,1.00000,1,1,1,1,0,0,0,1,0,0
0.73333,-0.66667,-1.00000,0.00000,0.00000,0.00000,0.00000,0.00000,-1.00000,0.00000,-1.00000,0.00000,0.00000,0.11111,-0.74858,-0.82222,-0.74858,-0.77778,-0.68573,0.15556,0.57135,1.00000,1.00000,1.00000,-0.40000,-1.00000,-1.00000,-1.00000,-1.00000,1.00000,1.00000,1,1,1,1,0,0,0,1,0,0
0.73333,-0.66667,-1.00000,0.00000,0.00000,0.00000,0.00000,0.00000,-1.00000,0.00000,-1.00000,0.00000,0.00000,0.11111,-0.74858,-0.82222,-0.74858,-0.77778,-0.68573,0.15556,0.57135,1.00000,1.00000,1.00000,-0.40000,-1.00000,-1.00000,-1.00000,-1.00000,1.00000,1.00000,1,1,1,1,0,0,0,1,0,0
0.73333,-0.66667,-1.00000,0.00000,0.00000,0.00000,0.00000,0.00000,-1.00000,0.00000,-1.00000,0.00000,0.00000,0.11111,-0.74858,-0.82222,-0.74858,-0.77778,-0.68573,0.15556,0.57135,1.00000,1.00000,1.00000,-0.40000,-1.00000,-1.00000,-1.00000,-1.00000,1.00000,1.00000,1,1,1,1,0,0,0,1,0,0
0.73333,-0.66667,-1.00000,0.00000,0.00000,0.00000,0.00000,0.00000,-1.00000,0.00000,-1.00000,0.00000,0.00000,0.11111,-0.74858,-0.82222,-0.74858,-0.77778,-0.68573,0.15556,0.57135,1.00000,1.00000,1.00000,-0.40000,-1.00000,-1.00000,-1.00000,-1.00000,1.00000,1.00000,1,1,1,1,0,0,0,1,0,0
0.73333,-0.66667,-1.00000,0.00000,0.00000,0.00000,0.00000,0.00000,-1.00000,0.00000,-1.00000,0.00000,0.00000,0.11111,-0.74858,-0.82222,-0.74858,-0.77778,-0.68573,0.15556,0.57135,1.00000,1.00000,1.00000,-0.40000,-1.00000,-1.00000,-1.00000,-1.00000,1.00000,1.00000,1,1,1,1,0,0,0,1,0,0
0.73333,-0.66667,-1.00000,0.00000,0.00000,0.00000,0.00000,0.00000,-1.00000,0.00000,-1.00000,0.00000,0.00000,0.11111,-0.74858,-0.82222,-0.74858,-0.77778,-0.68573,0.15556,0.57135,1.00000,1.00000,1.00000,-0.40000,-1.00000,-1.00000,-1.00000,-1.00000,1.00000,1.00000,1,1,1,1,0,0,0,1,0,0
0.73333,-0.66667,-1.00000,0.00000,0.00000,0.00000,0.00000,0.00000,-1.00000,0.00000,-1.00000,0.00000,0.00000,0.11111,-0.74858,-0.82222,-0.74858,-0.77778,-0.68573,0.15556,0.57135,1.00000,1.00000,1.00000,-0.40000,-1.00000,-1.00000,-1.00000,-1.00000,1.00000,1.00000,1,1,1,1,0,0,0,1,0,0
0.73333,-0.66667,-1.00000,0.00000,0.00000,0.00000,0.00000,0.00000,-1.00000,0.00000,-1.00000,0.00000,0.00000,0.11111,-0.74858,-0.82222,-0.74858,-0.77778,-0.68573,0.15556,0.57135,1.00000,1.00000,1.00000,-0.40000,-1.00000,-1.00000,-1.00000,-1.00000,1.00000,1.00000,1,1,1,1,0,0,0,1,0,0
0.73333,-0.66667,-1.00000,0.00000,0.00000,0.00000,0.00000,0.00000,-1.00000,0.00000,-1.00000,0.00000,0.00000,0.11111,-0.74858,-0.82222,-0.74858,-0.77778,-0.68573,0.15556,0.57135,1.00000,1.00000,1.00000,-0.40000,-1.00000,-1.00000,-1.00000,-1.00000,1.00000,1.00000,1,1,1,1,0,0,0,1,0,0
0.73333,-0.66667,-1.00000,0.00000,0.00000,0.00000,0.00000,0.00000,-1.00000,0.00000,-1.00000,0.00000,0.00000,0.11111,-0.74858,-0.82222,-0.74858,-0.77778,-0.68573,0.15556,0.57135,1.00000,1.00000,1.00000,-0.40000,-1.00000,-1.00000,-1.00000,-1.00000,1.00000,1.00000,1,1,1,1,0,0,0,1,0,0
0.73333,-0.66667,-1.00000,0.00000,0.00000,0.00000,0.00000,0.00000,-1.00000,0.00000,-1.00000,0.00000,0.00000,0.11111,-0.74858,-0.82222,-0.74858,-0.77778,-0.68573,0.15556,0.57135,1.00000,1.00000,1.00000,-0.40000,-1.00000,-1.00000,-1.00000,-1.00000,1.00000,1.00000,1,1,1,1,0,0,0,1,0,0
0.73333,-0.66667,-1.00000,0.00000,0.00000,0.00000,0.00000,0.00000,-1.00000,0.00000,-1.00000,0.00000,0.00000,0.11111,-0.74858,-0.82222,-0.74858,-0.77778,-0.68573,0.15556,0.57135,1.00000,1.00000,1.00000,-0.40000,-1.00000,-1.00000,-1.00000,-1.00000,1.00000,1.00000,1,1,1,1,0,0,0,1,0,0
0.73333,-0.66667,-1.00000,0.00000,0.00000,0.00000,0.00000,0.00000,-1.00000,0.00000,-1.00000,0.00000,0.00000,0.11111,-0.74858,-0.82222,-0.74858,-0.77778,-0.68573,0.15556,0.57135,1.00000,1.00000,1.00000,-0.40000,-1.00000,-1.00000,-1.00000,-1.00000,1.00000,1.00000,1,1,1,1,0,0,0,1,0,0
0.73333,-0.66667,-1.00000,0.00000,0.00000,0.00000,0.00000,0.00000,-1.00000,0.00000,-1.00000,0.00000,0.00000,0.11111,-0.74858,-0.82222,-0.74858,-0.77778,-0.68573,0.15556,0.57135,1.00000,1.00000,1.00000,-0.40000,-1.00000,-1.00000,-1.00000,-1.00000,1.00000,1.00000,1,1,1,1,0,0,0,1,0,0
0.73333,-0.66667,-1.00000,0.00000,0.00000,0.00000,0.00000,0.00000,-1.00000,0.00000,-1.00000,0.00000,0.00000,0.11111,-0.74858,-0.82222,-0.74858,-0.77778,-0.68573,0.15556,0.57135,1.00000,1.00000,1.00000,-0.40000,-1.00000,-1.00000,-1.00000,-1.00000,1.00000,1.00000,1,1,1,1,0,0,0,1,0,0
0.73333,-0.66667,-1.00000,0.00000,0.00000,0.00000,0.00000,0.00000,-1.00000,0.00000,-1.00000,0.00000,0.00000,0.11111,-0.74858,-0.82222,-0.74858,-0.77778,-0.68573,0.15556,0.57135,1.00000,1.00000,1.00000,-0.40000,-1.00000,-1.00000,-1.00000,-1.00000,1.00000,1.00000,1,1,1,1,0,0,0,1,0,0
0.73333,-0.66667,-1.00000,0.00000,0.00000,0.00000,0.00000,0.00000,-1.00000,0.00000,-1.00000,0.00000,0.00000,0.11111,-0.74858,-0.82222,-0.74858,-0.77778,-0.68573,0.15556,0.57135,1.00000,1.00000,1.00000,-0.40000,-1.00000,-1.00000,-1.00000,-1.00000,1.00000,1.00000,1,1,1,1,0,0,0,1,0,0
0.73333,-0.66667,-1.00000,0.00000,0.00000,0.00000,0.00000,0.00000,-1.00000,0.00000,-1.00000,0.00000,0.00000,0.11111,-0.74858,-0.82222,-0.74858,-0.77778,-0.68573,0.15556,0.57135,1.00000,1.00000,1.00000,-0.40000,-1.00000,-1.00000,-1.00000,-1.00000,1.00000,1.00000,1,1,1,1,0,0,0,1,0,0
0.73333,-0.66667,-1.00000,0.00000,0.00000,0.00000,0.00000,0.00000,-1.00000,0.00000,-1.00000,0.00000,0.00000,0.11111,-0.74858,-0.82222,-0.74858,-0.77778,-0.68573,0.15556,0.57135,1.00000,1.00000,1.00000,-0.40000,-1.00000,-1.00000,-1.00000,-1.00000,1.00000,1.00000,1,1,1,1,0,0,0,1,0,0
0.73333,-0.66667,-1.00000,0.00000,0.00000,0.00000,0.00000,0.00000,-1.00000,0.00000,-1.00000,0.00000,0.00000,0.11111,-0.74858,-0.82222,-0.74858,-0.77778,-0.68573,0.15556,0.57135,1.00000,1.00000,1.00000,-0.40000,-1.00000,-1.00000,-1.00000,-1.00000,1.00000,1.00000,1,1,1,1,0,0,0,1,0,0
0.73333,-0.66667,-1.00000,0.00000,0.00000,0.00000,0.00000,0.00000,-1.00000,0.00000,-1.00000,0.00000,0.00000,0.11111,-0.74858,-0.82222,-0.74858,-0.77778,-0.68573,0.15556,0.57135,1.00000,1.00000,1.00000,-0.40000,-1.00000,-1.00000,-1.00000,-1.00000,1.00000,1.00000,1,1,1,1,0,0,0,1,0,0
0.73333,-0.66667,-1.00000,0.00000,0.00000,0.00000,0.00000,0.00000,-1.00000,0.00000,-1.00000,0.00000,0.00000,0.11111,-0.74858,-0.82222,-0.74858,-0.77778,-0.68573,0.15556,0.57135,1.00000,1.00000,1.00000,-0.40000,-1.00000,-1.00000,-1.00000,-1.00000,1.00000,1.00000,1,1,1,1,0,0,0,1,0,0
0.73333,-0.66667,-1.00000,0.00000,0.00000,0.00000,0.00000,0.00000,-1.00000,0.00000,-1.00000,0.00000,0.00000,0.11111,-0.74858,-0.82222,-0.74858,-0.77778,-0.68573,0.15556,0.57135,1.00000,1.00000,1.00000,-0.40000,-1.00000,-1.00000,-1.00000,-1.00000,1.00000,1.00000,1,1,1,1,0,0,0,1,0,0
0.73333,-0.66667,-1.00000,0.00000,0.00000,0.00000,0.00000,0.00000,-1.00000,0.00000,-1.00000,0.00000,0.00000,0.11111,-0.74858,-0.82222,-0.74858,-0.77778,-0.68573,0.15556,0.57135,1.00000,1.00000,1.00000,-0.40000,-1.00000,-1.00000,-1.00000,-1.00000,1.00000,1.00000,1,1,1,1,0,0,0,1,0,0
0.73333,-0.66667,-1.00000,0.00000,0.00000,0.00000,0.00000,0.00000,-1.00000,0.00000,-1.00000,0.00000,0.00000,0.11111,-0.74858,-0.82222,-0.74858,-0.77778,-0.68573,0.15556,0.57135,1.00000,1.00000,1.00000,-0.40000,-1.00000,-1.00000,-1.00000,-1.00000,1.00000,1.00000,1,1,1,1,0,0,0,1,0,0
0.73333,-0.66667,-1.00000,0.00000,0.00000,0.00000,0.00000,0.00000,-1.00000,0.00000,-1.00000,0.00000,0.00000,0.11111,-0.74858,-0.82222,-0.74858,-0.77778,-0.68573,0.15556,0.57135,1.00000,1.00000,1.00000,-0.40000,-1.00000,-1.00000,-1.00000,-1.00000,1.00000,1.00000,1,1,1,1,0,0,0,1,0,0
0.73333,-0.66667,-1.00000,0.00000,0.00000,0.00000,0.00000,0.00000,-1.00000,0.00000,-1.00000,0.00000,0.00000,0.11111,-0.74858,-0.82222,-0.74858,-0.77778,-0.68573,0.15556,0.57135,1.00000,1.00000,1.00000,-0.40000,-1.00000,-1.00000,-1.00000,-1.00000,1.00000,1.00000,1,1,1,1,0,0,0,1,0,0
0.73333,-0.66667,-1.00000,0.00000,0.00000,0.00000,0.00000,0.00000,-1.00000,0.00000,-1.00000,0.00000,0.00000,0.11111,-0.74858,-0.82222,-0.74858,-0.77778,-0.68573,0.15556,0.57135,1.00000,1.00000,1.00000,-0.40000,-1.00000,-1.00000,-1.00000,-1.00000,1.00000,1.00000,1,1,1,1,0,0,0,1,0,0
0.73333,-0.66667,-1.00000,0.00000,0.00000,0.00000,0.00000,0.00000,-1.00000,0.00000,-1.00000,0.00000,0.00000,0.11111,-0.74858,-0.82222,-0.74858,-0.77778,-0.68573,0.15556,0.57135,1.00000,1.00000,1.00000,-0.40000,-1.00000,-1.00000,-1.00000,-1.00000,1.00000,1.00000,1,1,1,1,0,0,0,1,0,0
0.73333,-0.66667,-1.00000,0.00000,0.00000,0.00000,0.00000,0.00000,-1.00000,0.00000,-1.00000,0.00000,0.00000,0.11111,-0.74858,-0.82222,-0.74858,-0.77778,-0.68573,0.15556,0.57135,1.00000,1.00000,1.00000,-0.40000,-1.00000,-1.00000,-1.00000,-1.00000,1.00000,1.00000,1,1,1,1,0,0,0,1,0,0
0.73333,-0.66667,-1.00000,0.00000,0.00000,0.00000,0.00000,0.00000,-1.00000,0.00000,-1.00000,0.00000,0.00000,0.11111,-0.74858,-0.82222,-0.74858,-0.77778,-0.68573,0.15556,0.57135,1.00000,1.00000,1.00000,-0.40000,-1.00000,-1.00000,-1.00000,-1.00000,1.00000,1.00000,1,1,1,1,0,0,0,1,0,0
0.73333,-0.66667,-1.00000,0.00000,0.00000,0.00000,0.00000,0.00000,-1.00000,0.00000,-1.00000,0.00000,0.00000,0.11111,-0.74858,-0.82222,-0.74858,-0.77778,-0.68573,0.15556,0.57135,1.00000,1.00000,1.00000,-0.40000,-1.00000,-1.00000,-1.00000,-1.00000,1.00000,1.00000,1,1,1,1,0,0,0,1,0,0
0.73333,-0.66667,-1.00000,0.00000,0.00000,0.00000,0.00000,0.00000,-1.00000,0.00000,-1.00000,0.00000,0.00000,0.11111,-0.74858,-0.82222,-0.74858,-0.77778,-0.68573,0.15556,0.57135,1.00000,1.00000,1.00000,-0.40000,-1.00000,-1.00000,-1.00000,-1.00000,1.00000,1.00000,1,1,1,1,0,0,0,1,0,0
0.73333,-0.66667,-1.00000,0.00000,0.00000,0.00000,0.00000,0.00000,-1.00000,0.00000,-1.00000,0.00000,0.00000,0.11111,-0.74858,-0.82222,-0.74858,-0.77778,-0.68573,0.15556,0.57135,1.00000,1.00000,1.00000,-0.40000,-1.00000,-1.00000,-1.00000,-1.00000,1.00000,1.00000,1,1,1,1,0,0,0,1,0,0
0.73333,-0.66667,-1.00000,0.00000,0.00000,0.00000,0.00000,0.00000,-1.00000,0.00000,-1.00000,0.00000,0.00000,0.11111,-0.74858,-0.82222,-0.74858,-0.77778,-0.68573,0.15556,0.57135,1.00000,1.00000,1.00000,-0.40000,-1.00000,-1.00000,-1.00000,-1.00000,1.00000,1.00000,1,1,1,1,0,0,0,1,0,0
0.73333,-0.66667,-1.00000,0.00000,0.00000,0.00000,0.00000,0.00000,-1.00000,0.00000,-1.00000,0.00000,0.00000,0.11111,-0.74858,-0.82222,-0.74858,-0.77778,-0.68573,0.15556,0.57135,1.00000,1.00000,1.00000,-0.40000,-1.00000,-1.00000,-1.00000,-1.00000,1.00000,1.00000,1,1,1,1,0,0,0,1,0,0
0.73333,-0.66667,-1.00000,0.00000,0.00000,0.00000,0.00000,0.00000,-1.00000,0.00000,-1.00000,0.00000,0.00000,0.11111,-0.74858,-0.82222,-0.74858,-0.77778,-0.68573,0.15556,0.57135,1.00000,1.00000,1.00000,-0.40000,-1.00000,-1.00000,-1.00000,-1.00000,1.00000,1.00000,1,1,1,1,0,0,0,1,0,0
0.73333,-0.66667,-1.00000,0.00000,0.00000,0.00000,0.00000,0.00000,-1.00000,0.00000,-1.00000,0.00000,0.00000,0.11111,-0.74858,-0.82222,-0.74858,-0.77778,-0.68573,0.15556,0.57135,1.00000,1.00000,1.00000,-0.40000,-1.00000,-1.00000,-1.00000,-1.00000,1.00000,1.00000,1,1,1,1,0,0,0,1,0,0
0.73333,-0.66667,-1.00000,0.00000,0.00000,0.00000,0.00000,0.00000,-1.00000,0.00000,-1.00000,0.00000,0.00000,0.11111,-0.74858,-0.82222,-0.74858,-0.77778,-0.68573,0.15556,0.57135,1.00000,1.00000,1.00000,-0.40000,-1.00000,-1.00000,-1.00000,-1.00000,1.00000,1.00000,1,1,1,1,0,0,0,1,0,0
0.73333,-0.66667,-1.00000,0.00000,0.00000,0.00000,0.00000,0.00000,-1.00000,0.00000,-1.00000,0.00000,0.00000,0.11111,-0.74858,-0.82222,-0.74858,-0.77778,-0.68573,0.15556,0.57135,1.00000,1.00000,1.00000,-0.40000,-1.00000,-1.00000,-1.00000,-1.00000,1.00000,1.00000,1,1,1,1,0,0,0,1,0,0
0.73333,-0.66667,-1.00000,0.00000,0.00000,0.00000,0.00000,0.00000,-1.00000,0.00000,-1.00000,0.00000,0.00000,0.11111,-0.74858,-0.82222,-0.74858,-0.77778,-0.68573,0.15556,0.57135,1.00000,1.00000,1.00000,-0.40000,-1.00000,-1.00000,-1.00000,-1.00000,1.00000,1.00000,1,1,1,1,0,0,0,1,0,0
0.73333,-0.66667,-1.00000,0.00000,0.00000,0.00000,0.00000,0.00000,-1.00000,0.00000,-1.00000,0.00000,0.00000,0.11111,-0.74858,-0.82222,-0.74858,-0.77778,-0.68573,0.15556,0.57135,1.00000,1.00000,1.00000,-0.40000,-1.00000,-1.00000,-1.00000,-1.00000,1.00000,1.00000,1,1,1,1,0,0,0,1,0,0
0.73333,-0.66667,-1.00000,0.00000,0.00000,0.00000,0.00000,0.00000,-1.00000,0.00000,-1.00000,0.00000,0.00000,0.11111,-0.74858,-0.82222,-0.74858,-0.77778,-0.68573,0.15556,0.57135,1.00000,1.00000,1.00000,-0.40000,-1.00000,-1.00000,-1.00000,-1.00000,1.00000,1.00000,1,1,1,1,0,0,0,1,0,0
0.73333,-0.66667,-1.00000,0.00000,0.00000,0.00000,0.00000,0.00000,-1.00000,0.00000,-1.00000,0.00000,0.00000,0.11111,-0.74858,-0.82222,-0.74858,-0.77778,-0.68573,0.15556,0.57135,1.00000,1.00000,1.00000,-0.40000,-1.00000,-1.00000,-1.00000,-1.00000,1.00000,1.00000,1,1,1,1,0,0,0,1,0,0
0.73333,-0.66667,-1.00000,0.00000,0.00000,0.00000,0.00000,0.00000,-1.00000,0.00000,-1.00000,0.00000,0.00000,0.11111,-0.74858,-0.82222,-0.74858,-0.77778,-0.68573,0.15556,0.57135,1.00000,1.00000,1.00000,-0.40000,-1.00000,-1.00000,-1.00000,-1.00000,1.00000,1.00000,1,1,1,1,0,0,0,1,0,0
0.73333,-0.66667,-1.00000,0.00000,0.00000,0.00000,0.00000,0.00000,-1.00000,0.00000,-1.00000,0.00000,0.00000,0.11111,-0.74858,-0.82222,-0.74858,-0.77778,-0.68573,0.15556,0.57135,1.00000,1.00000,1.00000,-0.40000,-1.00000,-1.00000,-1.00000,-1.00000,1.00000,1.00000,1,1,1,1,0,0,0,1,0,0
0.73333,-0.66667,-1.00000,0.00000,0.00000,0.00000,0.00000,0.00000,-1.00000,0.00000,-1.00000,0.00000,0.00000,0.11111,-0.74858,-0.82222,-0.74858,-0.77778,-0.68573,0.15556,0.57135,1.00000,1.00000,1.00000,-0.40000,-1.00000,-1.00000,-1.00000,-1.00000,1.00000,1.00000,1,1,1,1,0,0,0,1,0,0
0.73333,-0.66667,-1.00000,0.00000,0.00000,0.00000,0.00000,0.00000,-1.00000,0.00000,-1.00000,0.00000,0.00000,0.11111,-0.74858,-0.82222,-0.74858,-0.77778,-0.68573,0.15556,0.57135,1.00000,1.00000,1.00000,-0.40000,-1.00000,-1.00000,-1.00000,-1.00000,1.00000,1.00000,1,1,1,1,0,0,0,1,0,0
0.73333,-0.66667,-1.00000,0.00000,0.00000,0.00000,0.00000,0.00000,-1.00000,0.00000,-1.00000,0.00000,0.00000,0.11111,-0.74858,-0.82222,-0.74858,-0.77778,-0.68573,0.15556,0.57135,1.00000,1.00000,1.00000,-0.40000,-1.00000,-1.00000,-1.00000,-1.00000,1.00000,1.00000,1,1,1,1,0,0,0,1,0,0
0.73333,-0.66667,-1.00000,0.00000,0.00000,0.00000,0.00000,0.00000,-1.00000,0.00000,-1.00000,0.00000,0.00000,0.11111,-0.74858,-0.82222,-0.74858,-0.77778,-0.68573,0.15556,0.57135,1.00000,1.00000,1.00000,-0.40000,-1.00000,-1.00000,-1.00000,-1.00000,1.00000,1.00000,1,1,1,1,0,0,0,1,0,0
0.73333,-0.66667,-1.00000,0.00000,0.00000,0.00000,0.00000,0.00000,-1.00000,0.00000,-1.00000,0.00000,0.00000,0.11111,-0.74858,-0.82222,-0.74858,-0.77778,-0.68573,0.15556,0.57135,1.00000,1.00000,1.00000,-0.40000,-1.00000,-1.00000,-1.00000,-1.00000,1.00000,1.00000,1,1,1,1,0,0,0,1,0,0
0.73333,-0.66667,-1.00000,0.00000,0.00000,0.00000,0.00000,0.00000,-1.00000,0.00000,-1.00000,0.00000,0.00000,0.11111,-0.74858,-0.82222,-0.74858,-0.77778,-0.68573,0.15556,0.57135,1.00000,1.00000,1.00000,-0.40000,-1.00000,-1.00000,-1.00000,-1.00000,1.00000,1.00000,1,1,1,1,0,0,0,1,0,0
0.73333,-0.66667,-1.00000,0.00000,0.00000,0.00000,0.00000,0.00000,-1.00000,0.00000,-1.00000,0.00000,0.00000,0.11111,-0.74858,-0.82222,-0.74858,-0.77778,-0.68573,0.15556,0.57135,1.00000,1.00000,1.00000,-0.40000,-1.00000,-1.00000,-1.00000,-1.00000,1.00000,1.00000,1,1,1,1,0,0,0,1,0,0
0.73333,-0.66667,-1.00000,0.00000,0.00000,0.00000,0.00000,0.00000,-1.00000,0.00000,-1.00000,0.00000,0.00000,0.11111,-0.74858,-0.82222,-0.74858,-0.77778,-0.68573,0.15556,0.57135,1.00000,1.00000,1.00000,-0.40000,-1.00000,-1.00000,-1.00000,-1.00000,1.00000,1.00000,1,1,1,1,0,0,0,1,0,0
0.73333,-0.66667,-1.00000,0.00000,0.00000,0.00000,0.00000,0.00000,-1.00000,0.00000,-1.00000,0.00000,0.00000,0.11111,-0.74858,-0.82222,-0.74858,-0.77778,-0.68573,0.15556,0.57135,1.00000,1.00000,1.00000,-0.40000,-1.00000,-1.00000,-1.00000,-1.00000,1.00000,1.00000,1,1,1,1,0,0,0,1,0,0
0.73333,-0.66667,-1.00000,0.00000,0.00000,0.00000,0.00000,0.00000,-1.00000,0.00000,-1.00000,0.00000,0.00000,0.11111,-0.74858,-0.82222,-0.74858,-0.77778,-0.68573,0.15556,0.57135,1.00000,1.00000,1.00000,-0.40000,-1.00000,-1.00000,-1.00000,-1.00000,1.00000,1.00000,1,1,1,1,0,0,0,1,0,0
0.73333,-0.66667,-1.00000,0.00000,0.00000,0.00000,0.00000,0.00000,-1.00000,0.00000,-1.00000,0.00000,0.00000,0.11111,-0.74858,-0.82222,-0.74858,-0.77778,-0.68573,0.15556,0.57135,1.00000,1.00000,1.00000,-0.40000,-1.00000,-1.00000,-1.00000,-1.00000,1.00000,1.00000,1,1,1,1,0,0,0,1,0,0
0.73333,-0.66667,-1.00000,0.00000,0.00000,0.00000,0.00000,0.00000,-1.00000,0.00000,-1.00000,0.00000,0.00000,0.11111,-0.74858,-0.82222,-0.74858,-0.77778,-0.68573,0.15556,0.57135,1.00000,1.00000,1.00000,-0.40000,-1.00000,-1.00000,-1.00000,-1.00000,1.00000,1.00000,1,1,1,1,0,0,0,1,0,0
0.73333,-0.66667,-1.00000,0.00000,0.00000,0.00000,0.00000,0.00000,-1.00000,0.00000,-1.00000,0.00000,0.00000,0.11111,-0.74858,-0.82222,-0.74858,-0.77778,-0.68573,0.15556,0.57135,1.00000,1.00000,1.00000,-0.40000,-1.00000,-1.00000,-1.00000,-1.00000,1.00000,1.00000,1,1,1,1,0,0,0,1,0,0
0.73333,-0.66667,-1.00000,0.00000,0.00000,0.00000,0.00000,0.00000,-1.00000,0.00000,-1.00000,0.00000,0.00000,0.11111,-0.74858,-0.82222,-0.74858,-0.77778,-0.68573,0.15556,0.57135,1.00000,1.00000,1.00000,-0.40000,-1.00000,-1.00000,-1.00000,-1.00000,1.00000,1.00000,1,1,1,1,0,0,0,1,0,0
0.73333,-0.66667,-1.00000,0.00000,0.00000,0.00000,0.00000,0.00000,-1.00000,0.00000,-1.00000,0.00000,0.00000,0.11111,-0.74858,-0.82222,-0.74858,-0.77778,-0.68573,0.15556,0.57135,1.00000,1.00000,1.00000,-0.40000,-1.00000,-1.00000,-1.00000,-1.00000,1.00000,1.00000,1,1,1,1,0,0,0,1,0,0
0.73333,-0.66667,-1.00000,0.00000,0.00000,0.00000,0.00000,0.00000,-1.00000,0.00000,-1.00000,0.00000,0.00000,0.11111,-0.74858,-0.82222,-0.74858,-0.77778,-0.68573,0.15556,0.57135,1.00000,1.00000,1.00000,-0.40000,-1.00000,-1.00000,-1.00000,-1.00000,1.00000,1.00000,1,1,1,1,0,0,0,1,0,0
0.73333,-0.66667,-1.00000,0.00000,0.00000,0.00000,0.00000,0.00000,-1.00000,0.00000,-1.00000,0.00000,0.00000,0.11111,-0.74858,-0.82222,-0.74858,-0.77778,-0.68573,0.15556,0.57135,1.00000,1.00000,1.00000,-0.40000,-1.00000,-1.00000,-1.00000,-1.00000,1.00000,1.00000,1,1,1,1,0,0,0,1,0,0
0.73333,-0.66667,-1.00000,0.00000,0.00000,0.00000,0.00000,0.00000,-1.00000,0.00000,-1.00000,0.00000,0.00000,0.11111,-0.74858,-0.82222,-0.74858,-0.77778,-0.68573,0.15556,0.57135,1.00000,1.00000,1.00000,-0.40000,-1.00000,-1.00000,-1.00000,-1.00000,1.00000,1.00000,1,1,1,1,0,0,0,1,0,0
0.73333,-0.66667,-1.00000,0.00000,0.00000,0.00000,0.00000,0.00000,-1.00000,0.00000,-1.00000,0.00000,0.00000,0.11111,-0.74858,-0.82222,-0.74858,-0.77778,-0.68573,0.15556,0.57135,1.00000,1.00000,1.00000,-0.40000,-1.00000,-1.00000,-1.00000,-1.00000,1.00000,1.00000,1,1,1,1,0,0,0,1,0,0
0.73333,-0.66667,-1.00000,0.00000,0.00000,0.00000,0.00000,0.00000,-1.00000,0.00000,-1.00000,0.00000,0.00000,0.11111,-0.74858,-0.82222,-0.74858,-0.77778,-0.68573,0.15556,0.57135,1.00000,1.00000,1.00000,-0.40000,-1.00000,-1.00000,-1.00000,-1.00000,1.00000,1.00000,1,1,1,1,0,0,0,1,0,0
0.73333,-0.66667,-1.00000,0.00000,0.00000,0.00000,0.00000,0.00000,-1.00000,0.00000,-1.00000,0.00000,0.00000,0.11111,-0.74858,-0.82222,-0.74858,-0.77778,-0.68573,0.15556,0.57135,1.00000,1.00000,1.00000,-0.40000,-1.00000,-1.00000,-1.00000,-1.00000,1.00000,1.00000,1,1,1,1,0,0,0,1,0,0
0.73333,-0.66667,-1.00000,0.00000,0.00000,0.00000,0.00000,0.00000,-1.00000,0.00000,-1.00000,0.00000,0.00000,0.11111,-0.74858,-0.82222,-0.74858,-0.77778,-0.68573,0.15556,0.57135,1.00000,1.00000,1.00000,-0.40000,-1.00000,-1.00000,-1.00000,-1.00000,1.00000,1.00000,1,1,1,1,0,0,0,1,0,0
0.73333,-0.66667,-1.00000,0.00000,0.00000,0.00000,0.00000,0.00000,-1.00000,0.00000,-1.00000,0.00000,0.00000,0.11111,-0.74858,-0.82222,-0.74858,-0.77778,-0.68573,0.15556,0.57135,1.00000,1.00000,1.00000,-0.40000,-1.00000,-1.00000,-1.00000,-1.00000,1.00000,1.00000,1,1,1,1,0,0,0,1,0,0
0.73333,-0.66667,-1.00000,0.00000,0.00000,0.00000,0.00000,0.00000,-1.00000,0.00000,-1.00000,0.00000,0.00000,0.11111,-0.74858,-0.82222,-0.74858,-0.77778,-0.68573,0.15556,0.57135,1.00000,1.00000,1.00000,-0.40000,-1.00000,-1.00000,-1.00000,-1.00000,1.00000,1.00000,1,1,1,1,0,0,0,1,0,0
0.73333,-0.66667,-1.00000,0.00000,0.00000,0.00000,0.00000,0.00000,-1.00000,0.00000,-1.00000,0.00000,0.00000,0.11111,-0.74858,-0.82222,-0.74858,-0.77778,-0.68573,0.15556,0.57135,1.00000,1.00000,1.00000,-0.40000,-1.00000,-1.00000,-1.00000,-1.00000,1.00000,1.00000,1,1,1,1,0,0,0,1,0,0
0.73333,-0.66667,-1.00000,0.00000,0.00000,0.00000,0.00000,0.00000,-1.00000,0.00000,-1.00000,0.00000,0.00000,0.11111,-0.74858,-0.82222,-0.74858,-0.77778,-0.68573,0.15556,0.57135,1.00000,1.00000,1.00000,-0.40000,-1.00000,-1.00000,-1.00000,-1.00000,1.00000,1.00000,1,1,1,1,0,0,0,1,0,0
0.73333,-0.66667,-1.00000,0.00000,0.00000,0.00000,0.00000,0.00000,-1.00000,0.00000,-1.00000,0.00000,0.00000,0.11111,-0.74858,-0.82222,-0.74858,-0.77778,-0.68573,0.15556,0.57135,1.00000,1.00000,1.00000,-0.40000,-1.00000,-1.00000,-1.00000,-1.00000,1.00000,1.00000,1,1,1,1,0,0,0,1,0,0
0.73333,-0.66667,-1.00000,0.00000,0.00000,0.00000,0.00000,0.00000,-1.00000,0.00000,-1.00000,0.00000,0.00000,0.11111,-0.74858,-0.82222,-0.74858,-0.77778,-0.68573,0.15556,0.57135,1.00000,1.00000,1.00000,-0.40000,-1.00000,-1.00000,-1.00000,-1.00000,1.00000,1.00000,1,1,1,1,0,0,0,1,0,0
0.73333,-0.66667,-1.00000,0.00000,0.00000,0.00000,0.00000,0.00000,-1.00000,0.00000,-1.00000,0.00000,0.00000,0.11111,-0.74858,-0.82222,-0.74858,-0.77778,-0.68573,0.15556,0.57135,1.00000,1.00000,1.00000,-0.40000,-1.00000,-1.00000,-1.00000,-1.00000,1.00000,1.00000,1,1,1,1,0,0,0,1,0,0
0.73333,-0.66667,-1.00000,0.00000,0.00000,0.00000,0.00000,0.00000,-1.00000,0.00000,-1.00000,0.00000,0.00000,0.11111,-0.74858,-0.82222,-0.74858,-0.77778,-0.68573,0.15556,0.57135,1.00000,1.00000,1.00000,-0.40000,-1.00000,-1.00000,-1.00000,-1.00000,1.00000,1.00000,1,1,1,1,0,0,0,1,0,0
0.73333,-0.66667,-1.00000,0.00000,0.00000,0.00000,0.00000,0.00000,-1.00000,0.00000,-1.00000,0.00000,0.00000,0.11111,-0.74858,-0.82222,-0.74858,-0.77778,-0.68573,0.15556,0.57135,1.00000,1.00000,1.00000,-0.40000,-1.00000,-1.00000,-1.00000,-1.00000,1.00000,1.00000,1,1,1,1,0,0,0,1,0,0
0.73333,-0.66667,-1.00000,0.00000,0.00000,0.00000,0.00000,0.00000,-1.00000,0.00000,-1.00000,0.00000,0.00000,0.11111,-0.74858,-0.82222,-0.74858,-0.77778,-0.68573,0.15556,0.57135,1.00000,1.00000,1.00000,-0.40000,-1.00000,-1.00000,-1.00000,-1.00000,1.00000,1.00000,1,1,1,1,0,0,0,1,0,0
0.73333,-0.66667,-1.00000,0.00000,0.00000,0.00000,0.00000,0.00000,-1.00000,0.00000,-1.00000,0.00000,0.00000,0.11111,-0.74858,-0.82222,-0.74858,-0.77778,-0.68573,0.15556,0.57135,1.00000,1.00000,1.00000,-0.40000,-1.00000,-1.00000,-1.00000,-1.00000,1.00000,1.00000,1,1,1,1,0,0,0,1,0,0
0.73333,-0.66667,-1.00000,0.00000,0.00000,0.00000,0.00000,0.00000,-1.00000,0.00000,-1.00000,0.00000,0.00000,0.11111,-0.74858,-0.82222,-0.74858,-0.77778,-0.68573,0.15556,0.57135,1.00000,1.00000,1.00000,-0.40000,-1.00000,-1.00000,-1.00000,-1.00000,1.00000,1.00000,1,1,1,1,0,0,0,1,0,0
0.73333,-0.66667,-1.00000,0.00000,0.00000,0.00000,0.00000,0.00000,-1.00000,0.00000,-1.00000,0.00000,0.00000,0.11111,-0.74858,-0.82222,-0.74858,-0.77778,-0.68573,0.15556,0.57135,1.00000,1.00000,1.00000,-0.40000,-1.00000,-1.00000,-1.00000,-1.00000,1.00000,1.00000,1,1,1,1,0,0,0,1,0,0
0.73333,-0.66667,-1.00000,0.00000,0.00000,0.00000,0.00000,0.00000,-1.00000,0.00000,-1.00000,0.00000,0.00000,0.11111,-0.74858,-0.82222,-0.74858,-0.77778,-0.68573,0.15556,0.57135,1.00000,1.00000,1.00000,-0.40000,-1.00000,-1.00000,-1.00000,-1.00000,1.00000,1.00000,1,1,1,1,0,0,0,1,0,0
0.73333,-0.66667,-1.00000,0.00000,0.00000,0.00000,0.00000,0.00000,-1.00000,0.00000,-1.00000,0.00000,0.00000,0.11111,-0.74858,-0.82222,-0.74858,-0.77778,-0.68573,0.15556,0.57135,1.00000,1.00000,1.00000,-0.40000,-1.00000,-1.00000,-1.00000,-1.00000,1.00000,1.00000,1,1,1,1,0,0,0,1,0,0
0.73333,-0.66667,-1.00000,0.00000,0.00000,0.00000,0.00000,0.00000,-1.00000,0.00000,-1.00000,0.00000,0.00000,0.11111,-0.74858,-0.82222,-0.74858,-0.77778,-0.68573,0.15556,0.57135,1.00000,1.00000,1.00000,-0.40000,-1.00000,-1.00000,-1.00000,-1.00000,1.00000,1.00000,1,1,1,1,0,0,0,1,0,0
0.73333,-0.66667,-1.00000,0.00000,0.00000,0.00000,0.00000,0.00000,-1.00000,0.00000,-1.00000,0.00000,0.00000,0.11111,-0.74858,-0.82222,-0.74858,-0.77778,-0.68573,0.15556,0.57135,1.00000,1.00000,1.00000,-0.40000,-1.00000,-1.00000,-1.00000,-1.00000,1.00000,1.00000,1,1,1,1,0,0,0,1,0,0
0.73333,-0.66667,-1.00000,0.00000,0.00000,0.00000,0.00000,0.00000,-1.00000,0.00000,-1.00000,0.00000,0.00000,0.11111,-0.74858,-0.82222,-0.74858,-0.77778,-0.68573,0.15556,0.57135,1.00000,1.00000,1.00000,-0.40000,-1.00000,-1.00000,-1.00000,-1.00000,1.00000,1.00000,1,1,1,1,0,0,0,1,0,0
0.73333,-0.66667,-1.00000,0.00000,0.00000,0.00000,0.00000,0.00000,-1.00000,0.00000,-1.00000,0.00000,0.00000,0.11111,-0.74858,-0.82222,-0.74858,-0.77778,-0.68573,0.15556,0.57135,1.00000,1.00000,1.00000,-0.40000,-1.00000,-1.00000,-1.00000,-1.00000,1.00000,1.00000,1,1,1,1,0,0,0,1,0,0
0.73333,-0.66667,-1.00000,0.00000,0.00000,0.00000,0.00000,0.00000,-1.00000,0.00000,-1.00000,0.00000,0.00000,0.11111,-0.74858,-0.82222,-0.74858,-0.77778,-0.68573,0.15556,0.57135,1.00000,1.00000,1.00000,-0.40000,-1.00000,-1.00000,-1.00000,-1.00000,1.00000,1.00000,1,1,1,1,0,0,0,1,0,0
0.73333,-0.66667,-1.00000,0.00000,0.00000,0.00000,0.00000,0.00000,-1.00000,0.00000,-1.00000,0.00000,0.00000,0.11111,-0.74858,-0.82222,-0.74858,-0.77778,-0.68573,0.15556,0.57135,1.00000,1.00000,1.00000,-0.40000,-1.00000,-1.00000,-1.00000,-1.00000,1.00000,1.00000,1,1,1,1,0,0,0,1,0,0
0.73333,-0.66667,-1.00000,0.00000,0.00000,0.00000,0.00000,0.00000,-1.00000,0.00000,-1.00000,0.00000,0.00000,0.11111,-0.74858,-0.82222,-0.74858,-0.77778,-0.68573,0.15556,0.57135,1.00000,1.00000,1.00000,-0.40000,-1.00000,-1.00000,-1.00000,-1.00000,1.00000,1.00000,1,1,1,1,0,0,0,1,0,0
0.73333,-0.66667,-1.00000,0.00000,0.00000,0.00000,0.00000,0.00000,-1.00000,0.00000,-1.00000,0.00000,0.00000,0.11111,-0.74858,-0.82222,-0.74858,-0.77778,-0.68573,0.15556,0.57135,1.00000,1.00000,1.00000,-0.40000,-1.00000,-1.00000,-1.00000,-1.00000,1.00000,1.00000,1,1,1,1,0,0,0,1,0,0
0.73333,-0.66667,-1.00000,0.00000,0.00000,0.00000,0.00000,0.00000,-1.00000,0.00000,-1.00000,0.00000,0.00000,0.11111,-0.74858,-0.82222,-0.74858,-0.77778,-0.68573,0.15556,0.57135,1.00000,1.00000,1.00000,-0.40000,-1.00000,-1.00000,-1.00000,-1.00000,1.00000,1.00000,1,1,1,1,0,0,0,1,0,0
0.73333,-0.66667,-1.00000,0.00000,0.00000,0.00000,0.00000,0.00000,-1.00000,0.00000,-1.00000,0.00000,0.00000,0.11111,-0.74858,-0.82222,-0.74858,-0.77778,-0.68573,0.15556,0.57135,1.00000,1.00000,1.00000,-0.40000,-1.00000,-1.00000,-1.00000,-1.00000,1.00000,1.00000,1,1,1,1,0,0,0,1,0,0
0.73333,-0.66667,-1.00000,0.00000,0.00000,0.00000,0.00000,0.00000,-1.00000,0.00000,-1.00000,0.00000,0.00000,0.11111,-0.74858,-0.82222,-0.74858,-0.77778,-0.68573,0.15556,0.57135,1.00000,1.00000,1.00000,-0.40000,-1.00000,-1.00000,-1.00000,-1.00000,1.00000,1.00000,1,1,1,1,0,0,0,1,0,0
0.73333,-0.66667,-1.00000,0.00000,0.00000,0.00000,0.00000,0.00000,-1.00000,0.00000,-1.00000,0.00000,0.00000,0.11111,-0.74858,-0.82222,-0.74858,-0.77778,-0.68573,0.15556,0.57135,1.00000,1.00000,1.00000,-0.40000,-1.00000,-1.00000,-1.00000,-1.00000,1.00000,1.00000,1,1,1,1,0,0,0,1,0,0
0.73333,-0.66667,-1.00000,0.00000,0.00000,0.00000,0.00000,0.00000,-1.00000,0.00000,-1.00000,0.00000,0.00000,0.11111,-0.74858,-0.82222,-0.74858,-0.77778,-0.68573,0.15556,0.57135,1.00000,1.00000,1.00000,-0.40000,-1.00000,-1.00000,-1.00000,-1.00000,1.00000,1.00000,1,1,1,1,0,0,0,1,0,0
0.73333,-0.66667,-1.00000,0.00000,0.00000,0.00000,0.00000,0.00000,-1.00000,0.00000,-1.00000,0.00000,0.00000,0.11111,-0.74858,-0.82222,-0.74858,-0.77778,-0.68573,0.15556,0.57135,1.00000,1.00000,1.00000,-0.40000,-1.00000,-1.00000,-1.00000,-1.00000,1.00000,1.00000,1,1,1,1,0,0,0,1,0,0
0.73333,-0.66667,-1.00000,0.00000,0.00000,0.00000,0.00000,0.00000,-1.00000,0.00000,-1.00000,0.00000,0.00000,0.11111,-0.74858,-0.82222,-0.74858,-0.77778,-0.68573,0.15556,0.57135,1.00000,1.00000,1.00000,-0.40000,-1.00000,-1.00000,-1.00000,-1.00000,1.00000,1.00000,1,1,1,1,0,0,0,1,0,0
0.73333,-0.66667,-1.00000,0.00000,0.00000,0.00000,0.00000,0.00000,-1.00000,0.00000,-1.00000,0.00000,0.00000,0.11111,-0.74858,-0.82222,-0.74858,-0.77778,-0.68573,0.15556,0.57135,1.00000,1.00000,1.00000,-0.40000,-1.00000,-1.00000,-1.00000,-1.00000,1.00000,1.00000,1,1,1,1,0,0,0,1,0,0
0.73333,-0.66667,-1.00000,0.00000,0.00000,0.00000,0.00000,0.00000,-1.00000,0.00000,-1.00000,0.00000,0.00000,0.11111,-0.74858,-0.82222,-0.74858,-0.77778,-0.68573,0.15556,0.57135,1.00000,1.00000,1.00000,-0.40000,-1.00000,-1.00000,-1.00000,-1.00000,1.00000,1.00000,1,1,1,1,0,0,0,1,0,0
0.73333,-0.66667,-1.00000,0.00000,0.00000,0.00000,0.00000,0.00000,-1.00000,0.00000,-1.00000,0.00000,0.00000,0.11111,-0.74858,-0.82222,-0.74858,-0.77778,-0.68573,0.15556,0.57135,1.00000,1.00000,1.00000,-0.40000,-1.00000,-1.00000,-1.00000,-1.00000,1.00000,1.00000,1,1,1,1,0,0,0,1,0,0
0.73333,-0.66667,-1.00000,0.00000,0.00000,0.00000,0.00000,0.00000,-1.00000,0.00000,-1.00000,0.00000,0.00000,0.11111,-0.74858,-0.82222,-0.74858,-0.77778,-0.68573,0.15556,0.57135,1.00000,1.00000,1.00000,-0.40000,-1.00000,-1.00000,-1.00000,-1.00000,1.00000,1.00000,1,1,1,1,0,0,0,1,0,0
0.73333,-0.66667,-1.00000,0.00000,0.00000,0.00000,0.00000,0.00000,-1.00000,0.00000,-1.00000,0.00000,0.00000,0.11111,-0.74858,-0.82222,-0.74858,-0.77778,-0.68573,0.15556,0.57135,1.00000,1.00000,1.00000,-0.40000,-1.00000,-1.00000,-1.00000,-1.00000,1.00000,1.00000,1,1,1,1,0,0,0,1,0,0
0.73333,-0.66667,-1.00000,0.00000,0.00000,0.00000,0.00000,0.00000,-1.00000,0.00000,-1.00000,0.00000,0.00000,0.11111,-0.74858,-0.82222,-0.74858,-0.77778,-0.68573,0.15556,0.57135,1.00000,1.00000,1.00000,-0.40000,-1.00000,-1.00000,-1.00000,-1.00000,1.00000,1.00000,1,1,1,1,0,0,0,1,0,0
0.73333,-0.66667,-1.00000,0.00000,0.00000,0.00000,0.00000,0.00000,-1.00000,0.00000,-1.00000,0.00000,0.00000,0.11111,-0.74858,-0.82222,-0.74858,-0.77778,-0.68573,0.15556,0.57135,1.00000,1.00000,1.00000,-0.40000,-1.00000,-1.00000,-1.00000,-1.00000,1.00000,1.00000,1,1,1,1,0,0,0,1,0,0
0.73333,-0.66667,-1.00000,0.00000,0.00000,0.00000,0.00000,0.00000,-1.00000,0.00000,-1.00000,0.00000,0.00000,0.11111,-0.74858,-0.82222,-0.74858,-0.77778,-0.68573,0.15556,0.57135,1.00000,1.00000,1.00000,-0.40000,-1.00000,-1.00000,-1.00000,-1.00000,1.00000,1.00000,1,1,1,1,0,0,0,1,0,0
0.73333,-0.66667,-1.00000,0.00000,0.00000,0.00000,0.00000,0.00000,-1.00000,0.00000,-1.00000,0.00000,0.00000,0.11111,-0.74858,-0.82222,-0.74858,-0.77778,-0.68573,0.15556,0.57135,1.00000,1.00000,1.00000,-0.40000,-1.00000,-1.00000,-1.00000,-1.00000,1.00000,1.00000,1,1,1,1,0,0,0,1,0,0
0.73333,-0.66667,-1.00000,0.00000,0.00000,0.00000,0.00000,0.00000,-1.00000,0.00000,-1.00000,0.00000,0.00000,0.11111,-0.74858,-0.82222,-0.74858,-0.77778,-0.68573,0.15556,0.57135,1.00000,1.00000,1.00000,-0.40000,-1.00000,-1.00000,-1.00000,-1.00000,1.00000,1.00000,1,1,1,1,0,0,0,1,0,0
0.73333,-0.66667,-1.00000,0.00000,0.00000,0.00000,0.00000,0.00000,-1.00000,0.00000,-1.00000,0.00000,0.00000,0.11111,-0.74858,-0.82222,-0.74858,-0.77778,-0.68573,0.15556,0.57135,1.00000,1.00000,1.00000,-0.40000,-1.00000,-1.00000,-1.00000,-1.00000,1.00000,1.00000,1,1,1,1,0,0,0,1,0,0
0.73333,-0.66667,-1.00000,0.00000,0.00000,0.00000,0.00000,0.00000,-1.00000,0.00000,-1.00000,0.00000,0.00000,0.11111,-0.74858,-0.82222,-0.74858,-0.77778,-0.68573,0.15556,0.57135,1.00000,1.00000,1.00000,-0.40000,-1.00000,-1.00000,-1.00000,-1.00000,1.00000,1.00000,1,1,1,1,0,0,0,1,0,0
0.73333,-0.66667,-1.00000,0.00000,0.00000,0.00000,0.00000,0.00000,-1.00000,0.00000,-1.00000,0.00000,0.00000,0.11111,-0.74858,-0.82222,-0.74858,-0.77778,-0.68573,0.15556,0.57135,1.00000,1.00000,1.00000,-0.40000,-1.00000,-1.00000,-1.00000,-1.00000,1.00000,1.00000,1,1,1,1,0,0,0,1,0,0
0.73333,-0.66667,-1.00000,0.00000,0.00000,0.00000,0.00000,0.00000,-1.00000,0.00000,-1.00000,0.00000,0.00000,0.11111,-0.74858,-0.82222,-0.74858,-0.77778,-0.68573,0.15556,0.57135,1.00000,1.00000,1.00000,-0.40000,-1.00000,-1.00000,-1.00000,-1.00000,1.00000,1.00000,1,1,1,1,0,0,0,1,0,0
0.73333,-0.66667,-1.00000,0.00000,0.00000,0.00000,0.00000,0.00000,-1.00000,0.00000,-1.00000,0.00000,0.00000,0.11111,-0.74858,-0.82222,-0.74858,-0.77778,-0.68573,0.15556,0.57135,1.00000,1.00000,1.00000,-0.40000,-1.00000,-1.00000,-1.00000,-1.00000,1.00000,1.00000,1,1,1,1,0,0,0,1,0,0
0.73333,-0.66667,-1.00000,0.00000,0.00000,0.00000,0.00000,0.00000,-1.00000,0.00000,-1.00000,0.00000,0.00000,0.11111,-0.74858,-0.82222,-0.74858,-0.77778,-0.68573,0.15556,0.57135,1.00000,1.00000,1.00000,-0.40000,-1.00000,-1.00000,-1.00000,-1.00000,1.00000,1.00000,1,1,1,1,0,0,0,1,0,0
0.73333,-0.66667,-1.00000,0.00000,0.00000,0.00000,0.00000,0.00000,-1.00000,0.00000,-1.00000,0.00000,0.00000,0.11111,-0.74858,-0.82222,-0.74858,-0.77778,-0.68573,0.15556,0.57135,1.00000,1.00000,1.00000,-0.40000,-1.00000,-1.00000,-1.00000,-1.00000,1.00000,1.00000,1,1,1,1,0,0,0,1,0,0
0.73333,-0.66667,-1.00000,0.00000,0.00000,0.00000,0.00000,0.00000,-1.00000,0.00000,-1.00000,0.00000,0.00000,0.11111,-0.74858,-0.82222,-0.74858,-0.77778,-0.68573,0.15556,0.57135,1.00000,1.00000,1.00000,-0.40000,-1.00000,-1.00000,-1.00000,-1.00000,1.00000,1.00000,1,1,1,1,0,0,0,1,0,0
0.73333,-0.66667,-1.00000,0.00000,0.00000,0.00000,0.00000,0.00000,-1.00000,0.00000,-1.00000,0.00000,0.00000,0.11111,-0.74858,-0.82222,-0.74858,-0.77778,-0.68573,0.15556,0.57135,1.00000,1.00000,1.00000,-0.40000,-1.00000,-1.00000,-1.00000,-1.00000,1.00000,1.00000,1,1,1,1,0,0,0,1,0,0
0.73333,-0.66667,-1.00000,0.00000,0.00000,0.00000,0.00000,0.00000,-1.00000,0.00000,-1.00000,0.00000,0.00000,0.11111,-0.74858,-0.82222,-0.74858,-0.77778,-0.68573,0.15556,0.57135,1.00000,1.00000,1.00000,-0.40000,-1.00000,-1.00000,-1.00000,-1.00000,1.00000,1.00000,1,1,1,1,0,0,0,1,0,0
0.73333,-0.66667,-1.00000,0.00000,0.00000,0.00000,0.00000,0.00000,-1.00000,0.00000,-1.00000,0.00000,0.00000,0.11111,-0.74858,-0.82222,-0.74858,-0.77778,-0.68573,0.15556,0.57135,1.00000,1.00000,1.00000,-0.40000,-1.00000,-1.00000,-1.00000,-1.00000,1.00000,1.00000,1,1,1,1,0,0,0,1,0,0
0.73333,-0.66667,-1.00000,0.00000,0.00000,0.00000,0.00000,0.00000,-1.00000,0.00000,-1.00000,0.00000,0.00000,0.11111,-0.74858,-0.82222,-0.74858,-0.77778,-0.68573,0.15556,0.57135,1.00000,1.00000,1.00000,-0.40000,-1.00000,-1.00000,-1.00000,-1.00000,1.00000,1.00000,1,1,1,1,0,0,0,1,0,0
0.73333,-0.66667,-1.00000,0.00000,0.00000,0.00000,0.00000,0.00000,-1.00000,0.00000,-1.00000,0.00000,0.00000,0.11111,-0.74858,-0.82222,-0.74858,-0.77778,-0.68573,0.15556,0.57135,1.00000,1.00000,1.00000,-0.40000,-1.00000,-1.00000,-1.00000,-1.00000,1.00000,1.00000,1,1,1,1,0,0,0,1,0,0
0.73333,-0.66667,-1.00000,0.00000,0.00000,0.00000,0.00000,0.00000,-1.00000,0.00000,-1.00000,0.00000,0.00000,0.11111,-0.74858,-0.82222,-0.74858,-0.77778,-0.68573,0.15556,0.57135,1.00000,1.00000,1.00000,-0.40000,-1.00000,-1.00000,-1.00000,-1.00000,1.00000,1.00000,1,1,1,1,0,0,0,1,0,0
0.73333,-0.66667,-1.00000,0.00000,0.00000,0.00000,0.00000,0.00000,-1.00000,0.00000,-1.00000,0.00000,0.00000,0.11111,-0.74858,-0.82222,-0.74858,-0.77778,-0.68573,0.15556,0.57135,1.00000,1.00000,1.00000,-0.40000,-1.00000,-1.00000,-1.00000,-1.00000,1.00000,1.00000,1,1,1,1,0,0,0,1,0,0
0.73333,-0.66667,-1.00000,0.00000,0.00000,0.00000,0.00000,0.00000,-1.00000,0.00000,-1.00000,0.00000,0.00000,0.11111,-0.74858,-0.82222,-0.74858,-0.77778,-0.68573,0.15556,0.57135,1.00000,1.00000,1.00000,-0.40000,-1.00000,-1.00000,-1.00000,-1.00000,1.00000,1.00000,1,1,1,1,0,0,0,1,0,0
0.73333,-0.66667,-1.00000,0.00000,0.00000,0.00000,0.00000,0.00000,-1.00000,0.00000,-1.00000,0.00000,0.00000,0.11111,-0.74858,-0.82222,-0.74858,-0.77778,-0.68573,0.15556,0.57135,1.00000,1.00000,1.00000,-0.40000,-1.00000,-1.00000,-1.00000,-1.00000,1.00000,1.00000,1,1,1,1,0,0,0,1,0,0
0.73333,-0.66667,-1.00000,0.00000,0.00000,0.00000,0.00000,0.00000,-1.00000,0.00000,-1.00000,0.00000,0.00000,0.11111,-0.74858,-0.82222,-0.74858,-0.77778,-0.68573,0.15556,0.57135,1.00000,1.00000,1.00000,-0.40000,-1.00000,-1.00000,-1.00000,-1.00000,1.00000,1.00000,1,1,1,1,0,0,0,1,0,0
0.73333,-0.66667,-1.00000,0.00000,0.00000,0.00000,0.00000,0.00000,-1.00000,0.00000,-1.00000,0.00000,0.00000,0.11111,-0.74858,-0.82222,-0.74858,-0.77778,-0.68573,0.15556,0.57135,1.00000,1.00000,1.00000,-0.40000,-1.00000,-1.00000,-1.00000,-1.00000,1.00000,1.00000,1,1,1,1,0,0,0,1,0,0
0.73333,-0.66667,-1.00000,0.00000,0.00000,0.00000,0.00000,0.00000,-1.00000,0.00000,-1.00000,0.00000,0.00000,0.11111,-0.74858,-0.82222,-0.74858,-0.77778,-0.68573,0.15556,0.57135,1.00000,1.00000,1.00000,-0.40000,-1.00000,-1.00000,-1.00000,-1.00000,1.00000,1.00000,1,1,1,1,0,0,0,1,0,0
0.73333,-0.66667,-1.00000,0.00000,0.00000,0.00000,0.00000,0.00000,-1.00000,0.00000,-1.00000,0.00000,0.00000,0.11111,-0.74858,-0.82222,-0.74858,-0.77778,-0.68573,0.15556,0.57135,1.00000,1.00000,1.00000,-0.40000,-1.00000,-1.00000,-1.00000,-1.00000,1.00000,1.00000,1,1,1,1,0,0,0,1,0,0
0.73333,-0.66667,-1.00000,0.00000,0.00000,0.00000,0.00000,0.00000,-1.00000,0.00000,-1.00000,0.00000,0.00000,0.11111,-0.74858,-0.82222,-0.74858,-0.77778,-0.68573,0.15556,0.57135,1.00000,1.00000,1.00000,-0.40000,-1.00000,-1.00000,-1.00000,-1.00000,1.00000,1.00000,1,1,1,1,0,0,0,1,0,0
0.73333,-0.66667,-1.00000,0.00000,0.00000,0.00000,0.00000,0.00000,-1.00000,0.00000,-1.00000,0.00000,0.00000,0.11111,-0.74858,-0.82222,-0.74858,-0.77778,-0.68573,0.15556,0.57135,1.00000,1.00000,1.00000,-0.40000,-1.00000,-1.00000,-1.00000,-1.00000,1.00000,1.00000,1,1,1,1,0,0,0,1,0,0
0.73333,-0.66667,-1.00000,0.00000,0.00000,0.00000,0.00000,0.00000,-1.00000,0.00000,-1.00000,0.00000,0.00000,0.11111,-0.74858,-0.82222,-0.74858,-0.77778,-0.68573,0.15556,0.57135,1.00000,1.00000,1.00000,-0.40000,-1.00000,-1.00000,-1.00000,-1.00000,1.00000,1.00000,1,1,1,1,0,0,0,1,0,0
0.73333,-0.66667,-1.00000,0.00000,0.00000,0.00000,0.00000,0.00000,-1.00000,0.00000,-1.00000,0.00000,0.00000,0.11111,-0.74858,-0.82222,-0.74858,-0.77778,-0.68573,0.15556,0.57135,1.00000,1.00000,1.00000,-0.40000,-1.00000,-1.00000,-1.00000,-1.00000,1.00000,1.00000,1,1,1,1,0,0,0,1,0,0
0.73333,-0.66667,-1.00000,0.00000,0.00000,0.00000,0.00000,0.00000,-1.00000,0.00000,-1.00000,0.00000,0.00000,0.11111,-0.74858,-0.82222,-0.74858,-0.77778,-0.68573,0.15556,0.57135,1.00000,1.00000,1.00000,-0.40000,-1.00000,-1.00000,-1.00000,-1.00000,1.00000,1.00000,1,1,1,1,0,0,0,1,0,0
0.73333,-0.66667,-1.00000,0.00000,0.00000,0.00000,0.00000,0.00000,-1.00000,0.00000,-1.00000,0.00000,0.00000,0.11111,-0.74858,-0.82222,-0.74858,-0.77778,-0.68573,0.15556,0.57135,1.00000,1.00000,1.00000,-0.40000,-1.00000,-1.00000,-1.00000,-1.00000,1.00000,1.00000,1,1,1,1,0,0,0,1,0,0
0.73333,-0.66667,-1.00000,0.00000,0.00000,0.00000,0.00000,0.00000,-1.00000,0.00000,-1.00000,0.00000,0.00000,0.11111,-0.74858,-0.82222,-0.74858,-0.77778,-0.68573,0.15556,0.57135,1.00000,1.00000,1.00000,-0.40000,-1.00000,-1.00000,-1.00000,-1.00000,1.00000,1.00000,1,1,1,1,0,0,0,1,0,0
0.73333,-0.66667,-1.00000,0.00000,0.00000,0.00000,0.00000,0.00000,-1.00000,0.00000,-1.00000,0.00000,0.00000,0.11111,-0.74858,-0.82222,-0.74858,-0.77778,-0.68573,0.15556,0.57135,1.00000,1.00000,1.00000,-0.40000,-1.00000,-1.00000,-1.00000,-1.00000,1.00000,1.00000,1,1,1,1,0,0,0,1,0,0
0.73333,-0.66667,-1.00000,0.00000,0.00000,0.00000,0.00000,0.00000,-1.00000,0.00000,-1.00000,0.00000,0.00000,0.11111,-0.74858,-0.82222,-0.74858,-0.77778,-0.68573,0.15556,0.57135,1.00000,1.00000,1.00000,-0.40000,-1.00000,-1.00000,-1.00000,-1.00000,1.00000,1.00000,1,1,1,1,0,0,0,1,0,0
0.73333,-0.66667,-1.00000,0.00000,0.00000,0.00000,0.00000,0.00000,-1.00000,0.00000,-1.00000,0.00000,0.00000,0.11111,-0.74858,-0.82222,-0.74858,-0.77778,-0.68573,0.15556,0.57135,1.00000,1.00000,1.00000,-0.40000,-1.00000,-1.00000,-1.00000,-1.00000,1.00000,1.00000,1,1,1,1,0,0,0,1,0,0
0.73333,-0.66667,-1.00000,0.00000,0.00000,0.00000,0.00000,0.00000,-1.00000,0.00000,-1.00000,0.00000,0.00000,0.11111,-0.74858,-0.82222,-0.74858,-0.77778,-0.68573,0.15556,0.57135,1.00000,1.00000,1.00000,-0.40000,-1.00000,-1.00000,-1.00000,-1.00000,1.00000,1.00000,1,1,1,1,0,0,0,1,0,0
0.73333,-0.66667,-1.00000,0.00000,0.00000,0.00000,0.00000,0.00000,-1.00000,0.00000,-1.00000,0.00000,0.00000,0.11111,-0.74858,-0.82222,-0.74858,-0.77778,-0.68573,0.15556,0.57135,1.00000,1.00000,1.00000,-0.40000,-1.00000,-1.00000,-1.00000,-1.00000,1.00000,1.00000,1,1,1,1,0,0,0,1,0,0
0.73333,-0.66667,-1.00000,0.00000,0.00000,0.00000,0.00000,0.00000,-1.00000,0.00000,-1.00000,0.00000,0.00000,0.11111,-0.74858,-0.82222,-0.74858,-0.77778,-0.68573,0.15556,0.57135,1.00000,1.00000,1.00000,-0.40000,-1.00000,-1.00000,-1.00000,-1.00000,1.00000,1.00000,1,1,1,1,0,0,0,1,0,0
0.73333,-0.66667,-1.00000,0.00000,0.00000,0.00000,0.00000,0.00000,-1.00000,0.00000,-1.00000,0.00000,0.00000,0.11111,-0.74858,-0.82222,-0.74858,-0.77778,-0.68573,0.15556,0.57135,1.00000,1.00000,1.00000,-0.40000,-1.00000,-1.00000,-1.00000,-1.00000,1.00000,1.00000,1,1,1,1,0,0,0,1,0,0
0.73333,-0.66667,-1.00000,0.00000,0.00000,0.00000,0.00000,0.00000,-1.00000,0.00000,-1.00000,0.00000,0.00000,0.11111,-0.74858,-0.82222,-0.74858,-0.77778,-0.68573,0.15556,0.57135,1.00000,1.00000,1.00000,-0.40000,-1.00000,-1.00000,-1.00000,-1.00000,1.00000,1.00000,1,1,1,1,0,0,0,1,0,0
0.73333,-0.66667,-1.00000,0.00000,0.00000,0.00000,0.00000,0.00000,-1.00000,0.00000,-1.00000,0.00000,0.00000,0.11111,-0.74858,-0.82222,-0.74858,-0.77778,-0.68573,0.15556,0.57135,1.00000,1.00000,1.00000,-0.40000,-1.00000,-1.00000,-1.00000,-1.00000,1.00000,1.00000,1,1,1,1,0,0,0,1,0,0
0.73333,-0.66667,-1.00000,0.00000,0.00000,0.00000,0.00000,0.00000,-1.00000,0.00000,-1.00000,0.00000,0.00000,0.11111,-0.74858,-0.82222,-0.74858,-0.77778,-0.68573,0.15556,0.57135,1.00000,1.00000,1.00000,-0.40000,-1.00000,-1.00000,-1.00000,-1.00000,1.00000,1.00000,1,1,1,1,0,0,0,1,0,0
0.73333,-0.66667,-1.00000,0.00000,0.00000,0.00000,0.00000,0.00000,-1.00000,0.00000,-1.00000,0.00000,0.00000,0.11111,-0.74858,-0.82222,-0.74858,-0.77778,-0.68573,0.15556,0.57135,1.00000,1.00000,1.00000,-0.40000,-1.00000,-1.00000,-1.00000,-1.00000,1.00000,1.00000,1,1,1,1,0,0,0,1,0,0
0.73333,-0.66667,-1.00000,0.00000,0.00000,0.00000,0.00000,0.00000,-1.00000,0.00000,-1.00000,0.00000,0.00000,0.11111,-0.74858,-0.82222,-0.74858,-0.77778,-0.68573,0.15556,0.57135,1.00000,1.00000,1.00000,-0.40000,-1.00000,-1.00000,-1.00000,-1.00000,1.00000,1.00000,1,1,1,1,0,0,0,1,0,0
0.73333,-0.66667,-1.00000,0.00000,0.00000,0.00000,0.00000,0.00000,-1.00000,0.00000,-1.00000,0.00000,0.00000,0.11111,-0.74858,-0.82222,-0.74858,-0.77778,-0.68573,0.15556,0.57135,1.00000,1.00000,1.00000,-0.40000,-1.00000,-1.00000,-1.00000,-1.00000,1.00000,1.00000,1,1,1,1,0,0,0,1,0,0
0.73333,-0.66667,-1.00000,0.00000,0.00000,0.00000,0.00000,0.00000,-1.00000,0.00000,-1.00000,0.00000,0.00000,0.11111,-0.74858,-0.82222,-0.74858,-0.77778,-0.68573,0.15556,0.57135,1.00000,1.00000,1.00000,-0.40000,-1.00000,-1.00000,-1.00000,-1.00000,1.00000,1.00000,1,1,1,1,0,0,0,1,0,0
0.73333,-0.66667,-1.00000,0.00000,0.00000,0.00000,0.00000,0.00000,-1.00000,0.00000,-1.00000,0.00000,0.00000,0.11111,-0.74858,-0.82222,-0.74858,-0.77778,-0.68573,0.15556,0.57135,1.00000,1.00000,1.00000,-0.40000,-1.00000,-1.00000,-1.00000,-1.00000,1.00000,1.00000,1,1,1,1,0,0,0,1,0,0
0.73333,-0.66667,-1.00000,0.00000,0.00000,0.00000,0.00000,0.00000,-1.00000,0.00000,-1.00000,0.00000,0.00000,0.11111,-0.74858,-0.82222,-0.74858,-0.77778,-0.68573,0.15556,0.57135,1.00000,1.00000,1.00000,-0.40000,-1.00000,-1.00000,-1.00000,-1.00000,1.00000,1.00000,1,1,1,1,0,0,0,1,0,0
0.73333,-0.66667,-1.00000,0.00000,0.00000,0.00000,0.00000,0.00000,-1.00000,0.00000,-1.00000,0.00000,0.00000,0.11111,-0.74858,-0.82222,-0.74858,-0.77778,-0.68573,0.15556,0.57135,1.00000,1.00000,1.00000,-0.40000,-1.00000,-1.00000,-1.00000,-1.00000,1.00000,1.00000,1,1,1,1,0,0,0,1,0,0
0.73333,-0.66667,-1.00000,0.00000,0.00000,0.00000,0.00000,0.00000,-1.00000,0.00000,-1.00000,0.00000,0.00000,0.11111,-0.74858,-0.82222,-0.74858,-0.77778,-0.68573,0.15556,0.57135,1.00000,1.00000,1.00000,-0.40000,-1.00000,-1.00000,-1.00000,-1.00000,1.00000,1.00000,1,1,1,1,0,0,0,1,0,0
0.73333,-0.66667,-1.00000,0.00000,0.00000,0.00000,0.00000,0.00000,-1.00000,0.00000,-1.00000,0.00000,0.00000,0.11111,-0.74858,-0.82222,-0.74858,-0.77778,-0.68573,0.15556,0.57135,1.00000,1.00000,1.00000,-0.40000,-1.00000,-1.00000,-1.00000,-1.00000,1.00000,1.00000,1,1,1,1,0,0,0,1,0,0
0.73333,-0.66667,-1.00000,0.00000,0.00000,0.00000,0.00000,0.00000,-1.00000,0.00000,-1.00000,0.00000,0.00000,0.11111,-0.74858,-0.82222,-0.74858,-0.77778,-0.68573,0.15556,0.57135,1.00000,1.00000,1.00000,-0.40000,-1.00000,-1.00000,-1.00000,-1.00000,1.00000,1.00000,1,1,1,1,0,0,0,1,0,0
0.73333,-0.66667,-1.00000,0.00000,0.00000,0.00000,0.00000,0.00000,-1.00000,0.00000,-1.00000,0.00000,0.00000,0.11111,-0.74858,-0.82222,-0.74858,-0.77778,-0.68573,0.15556,0.57135,1.00000,1.00000,1.00000,-0.40000,-1.00000,-1.00000,-1.00000,-1.00000,1.00000,1.00000,1,1,1,1,0,0,0,1,0,0
0.73333,-0.66667,-1.00000,0.00000,0.00000,0.00000,0.00000,0.00000,-1.00000,0.00000,-1.00000,0.00000,0.00000,0.11111,-0.74858,-0.82222,-0.74858,-0.77778,-0.68573,0.15556,0.57135,1.00000,1.00000,1.00000,-0.40000,-1.00000,-1.00000,-1.00000,-1.00000,1.00000,1.00000,1,1,1,1,0,0,0,1,0,0
0.73333,-0.66667,-1.00000,0.00000,0.00000,0.00000,0.00000,0.00000,-1.00000,0.00000,-1.00000,0.00000,0.00000,0.11111,-0.74858,-0.82222,-0.74858,-0.77778,-0.68573,0.15556,0.57135,1.00000,1.00000,1.00000,-0.40000,-1.00000,-1.00000,-1.00000,-1.00000,1.00000,1.00000,1,1,1,1,0,0,0,1,0,0
0.73333,-0.66667,-1.00000,0.00000,0.00000,0.00000,0.00000,0.00000,-1.00000,0.00000,-1.00000,0.00000,0.00000,0.11111,-0.74858,-0.82222,-0.74858,-0.77778,-0.68573,0.15556,0.57135,1.00000,1.00000,1.00000,-0.40000,-1.00000,-1.00000,-1.00000,-1.00000,1.00000,1.00000,1,1,1,1,0,0,0,1,0,0
0.73333,-0.66667,-1.00000,0.00000,0.00000,0.00000,0.00000,0.00000,-1.00000,0.00000,-1.00000,0.00000,0.00000,0.11111,-0.74858,-0.82222,-0.74858,-0.77778,-0.68573,0.15556,0.57135,1.00000,1.00000,1.00000,-0.40000,-1.00000,-1.00000,-1.00000,-1.00000,1.00000,1.00000,1,1,1,1,0,0,0,1,0,0
0.73333,-0.66667,-1.00000,0.00000,0.00000,0.00000,0.00000,0.00000,-1.00000,0.00000,-1.00000,0.00000,0.00000,0.11111,-0.74858,-0.82222,-0.74858,-0.77778,-0.68573,0.15556,0.57135,1.00000,1.00000,1.00000,-0.40000,-1.00000,-1.00000,-1.00000,-1.00000,1.00000,1.00000,1,1,1,1,0,0,0,1,0,0
0.73333,-0.66667,-1.00000,0.00000,0.00000,0.00000,0.00000,0.00000,-1.00000,0.00000,-1.00000,0.00000,0.00000,0.11111,-0.74858,-0.82222,-0.74858,-0.77778,-0.68573,0.15556,0.57135,1.00000,1.00000,1.00000,-0.40000,-1.00000,-1.00000,-1.00000,-1.00000,1.00000,1.00000,1,1,1,1,0,0,0,1,0,0
0.73333,-0.66667,-1.00000,0.00000,0.00000,0.00000,0.00000,0.00000,-1.00000,0.00000,-1.00000,0.00000,0.00000,0.11111,-0.74858,-0.82222,-0.74858,-0.77778,-0.68573,0.15556,0.57135,1.00000,1.00000,1.00000,-0.40000,-1.00000,-1.00000,-1.00000,-1.00000,1.00000,1.00000,1,1,1,1,0,0,0,1,0,0
0.73333,-0.66667,-1.00000,0.00000,0.00000,0.00000,0.00000,0.00000,-1.00000,0.00000,-1.00000,0.00000,0.00000,0.11111,-0.74858,-0.82222,-0.74858,-0.77778,-0.68573,0.15556,0.57135,1.00000,1.00000,1.00000,-0.40000,-1.00000,-1.00000,-1.00000,-1.00000,1.00000,1.00000,1,1,1,1,0,0,0,1,0,0
0.73333,-0.66667,-1.00000,0.00000,0.00000,0.00000,0.00000,0.00000,-1.00000,0.00000,-1.00000,0.00000,0.00000,0.11111,-0.74858,-0.82222,-0.74858,-0.77778,-0.68573,0.15556,0.57135,1.00000,1.00000,1.00000,-0.40000,-1.00000,-1.00000,-1.00000,-1.00000,1.00000,1.00000,1,1,1,1,0,0,0,1,0,0
0.73333,-0.66667,-1.00000,0.00000,0.00000,0.00000,0.00000,0.00000,-1.00000,0.00000,-1.00000,0.00000,0.00000,0.11111,-0.74858,-0.82222,-0.74858,-0.77778,-0.68573,0.15556,0.57135,1.00000,1.00000,1.00000,-0.40000,-1.00000,-1.00000,-1.00000,-1.00000,1.00000,1.00000,1,1,1,1,0,0,0,1,0,0
0.73333,-0.66667,-1.00000,0.00000,0.00000,0.00000,0.00000,0.00000,-1.00000,0.00000,-1.00000,0.00000,0.00000,0.11111,-0.74858,-0.82222,-0.74858,-0.77778,-0.68573,0.15556,0.57135,1.00000,1.00000,1.00000,-0.40000,-1.00000,-1.00000,-1.00000,-1.00000,1.00000,1.00000,1,1,1,1,0,0,0,1,0,0
0.73333,-0.66667,-1.00000,0.00000,0.00000,0.00000,0.00000,0.00000,-1.00000,0.00000,-1.00000,0.00000,0.00000,0.11111,-0.74858,-0.82222,-0.74858,-0.77778,-0.68573,0.15556,0.57135,1.00000,1.00000,1.00000,-0.40000,-1.00000,-1.00000,-1.00000,-1.00000,1.00000,1.00000,1,1,1,1,0,0,0,1,0,0
0.73333,-0.66667,-1.00000,0.00000,0.00000,0.00000,0.00000,0.00000,-1.00000,0.00000,-1.00000,0.00000,0.00000,0.11111,-0.74858,-0.82222,-0.74858,-0.77778,-0.68573,0.15556,0.57135,1.00000,1.00000,1.00000,-0.40000,-1.00000,-1.00000,-1.00000,-1.00000,1.00000,1.00000,1,1,1,1,0,0,0,1,0,0
0.73333,-0.66667,-1.00000,0.00000,0.00000,0.00000,0.00000,0.00000,-1.00000,0.00000,-1.00000,0.00000,0.00000,0.11111,-0.74858,-0.82222,-0.74858,-0.77778,-0.68573,0.15556,0.57135,1.00000,1.00000,1.00000,-0.40000,-1.00000,-1.00000,-1.00000,-1.00000,1.00000,1.00000,1,1,1,1,0,0,0,1,0,0
0.73333,-0.66667,-1.00000,0.00000,0.00000,0.00000,0.00000,0.00000,-1.00000,0.00000,-1.00000,0.00000,0.00000,0.11111,-0.74858,-0.82222,-0.74858,-0.77778,-0.68573,0.15556,0.57135,1.00000,1.00000,1.00000,-0.40000,-1.00000,-1.00000,-1.00000,-1.00000,1.00000,1.00000,1,1,1,1,0,0,0,1,0,0
0.73333,-0.66667,-1.00000,0.00000,0.00000,0.00000,0.00000,0.00000,-1.00000,0.00000,-1.00000,0.00000,0.00000,0.11111,-0.74858,-0.82222,-0.74858,-0.77778,-0.68573,0.15556,0.57135,1.00000,1.00000,1.00000,-0.40000,-1.00000,-1.00000,-1.00000,-1.00000,1.00000,1.00000,1,1,1,1,0,0,0,1,0,0
0.73333,-0.66667,-1.00000,0.00000,0.00000,0.00000,0.00000,0.00000,-1.00000,0.00000,-1.00000,0.00000,0.00000,0.11111,-0.74858,-0.82222,-0.74858,-0.77778,-0.68573,0.15556,0.57135,1.00000,1.00000,1.00000,-0.40000,-1.00000,-1.00000,-1.00000,-1.00000,1.00000,1.00000,1,1,1,1,0,0,0,1,0,0
0.73333,-0.66667,-1.00000,0.00000,0.00000,0.00000,0.00000,0.00000,-1.00000,0.00000,-1.00000,0.00000,0.00000,0.11111,-0.74858,-0.82222,-0.74858,-0.77778,-0.68573,0.15556,0.57135,1.00000,1.00000,1.00000,-0.40000,-1.00000,-1.00000,-1.00000,-1.00000,1.00000,1.00000,1,1,1,1,0,0,0,1,0,0
0.73333,-0.66667,-1.00000,0.00000,0.00000,0.00000,0.00000,0.00000,-1.00000,0.00000,-1.00000,0.00000,0.00000,0.11111,-0.74858,-0.82222,-0.74858,-0.77778,-0.68573,0.15556,0.57135,1.00000,1.00000,1.00000,-0.40000,-1.00000,-1.00000,-1.00000,-1.00000,1.00000,1.00000,1,1,1,1,0,0,0,1,0,0
0.73333,-0.66667,-1.00000,0.00000,0.00000,0.00000,0.00000,0.00000,-1.00000,0.00000,-1.00000,0.00000,0.00000,0.11111,-0.74858,-0.82222,-0.74858,-0.77778,-0.68573,0.15556,0.57135,1.00000,1.00000,1.00000,-0.40000,-1.00000,-1.00000,-1.00000,-1.00000,1.00000,1.00000,1,1,1,1,0,0,0,1,0,0
0.73333,-0.66667,-1.00000,0.00000,0.00000,0.00000,0.00000,0.00000,-1.00000,0.00000,-1.00000,0.00000,0.00000,0.11111,-0.74858,-0.82222,-0.74858,-0.77778,-0.68573,0.15556,0.57135,1.00000,1.00000,1.00000,-0.40000,-1.00000,-1.00000,-1.00000,-1.00000,1.00000,1.00000,1,1,1,1,0,0,0,1,0,0
0.73333,-0.66667,-1.00000,0.00000,0.00000,0.00000,0.00000,0.00000,-1.00000,0.00000,-1.00000,0.00000,0.00000,0.11111,-0.74858,-0.82222,-0.74858,-0.77778,-0.68573,0.15556,0.57135,1.00000,1.00000,1.00000,-0.40000,-1.00000,-1.00000,-1.00000,-1.00000,1.00000,1.00000,1,1,1,1,0,0,0,1,0,0
0.73333,-0.66667,-1.00000,0.00000,0.00000,0.00000,0.00000,0.00000,-1.00000,0.00000,-1.00000,0.00000,0.00000,0.11111,-0.74858,-0.82222,-0.74858,-0.77778,-0.68573,0.15556,0.57135,1.00000,1.00000,1.00000,-0.40000,-1.00000,-1.00000,-1.00000,-1.00000,1.00000,1.00000,1,1,1,1,0,0,0,1,0,0
0.73333,-0.66667,-1.00000,0.00000,0.00000,0.00000,0.00000,0.00000,-1.00000,0.00000,-1.00000,0.00000,0.00000,0.11111,-0.74858,-0.82222,-0.74858,-0.77778,-0.68573,0.15556,0.57135,1.00000,1.00000,1.00000,-0.40000,-1.00000,-1.00000,-1.00000,-1.00000,1.00000,1.00000,1,1,1,1,0,0,0,1,0,0
0.73333,-0.66667,-1.00000,0.00000,0.00000,0.00000,0.00000,0.00000,-1.00000,0.00000,-1.00000,0.00000,0.00000,0.11111,-0.74858,-0.82222,-0.74858,-0.77778,-0.68573,0.15556,0.57135,1.00000,1.00000,1.00000,-0.40000,-1.00000,-1.00000,-1.00000,-1.00000,1.00000,1.00000,1,1,1,1,0,0,0,1,0,0
0.73333,-0.66667,-1.00000,0.00000,0.00000,0.00000,0.00000,0.00000,-1.00000,0.00000,-1.00000,0.00000,0.00000,0.11111,-0.74858,-0.82222,-0.74858,-0.77778,-0.68573,0.15556,0.57135,1.00000,1.00000,1.00000,-0.40000,-1.00000,-1.00000,-1.00000,-1.00000,1.00000,1.00000,1,1,1,1,0,0,0,1,0,0
0.73333,-0.66667,-1.00000,0.00000,0.00000,0.00000,0.00000,0.00000,-1.00000,0.00000,-1.00000,0.00000,0.00000,0.11111,-0.74858,-0.82222,-0.74858,-0.77778,-0.68573,0.15556,0.57135,1.00000,1.00000,1.00000,-0.40000,-1.00000,-1.00000,-1.00000,-1.00000,1.00000,1.00000,1,1,1,1,0,0,0,1,0,0
0.73333,-0.66667,-1.00000,0.00000,0.00000,0.00000,0.00000,0.00000,-1.00000,0.00000,-1.00000,0.00000,0.00000,0.11111,-0.74858,-0.82222,-0.74858,-0.77778,-0.68573,0.15556,0.57135,1.00000,1.00000,1.00000,-0.40000,-1.00000,-1.00000,-1.00000,-1.00000,1.00000,1.00000,1,1,1,1,0,0,0,1,0,0
0.73333,-0.66667,-1.00000,0.00000,0.00000,0.00000,0.00000,0.00000,-1.00000,0.00000,-1.00000,0.00000,0.00000,0.11111,-0.74858,-0.82222,-0.74858,-0.77778,-0.68573,0.15556,0.57135,1.00000,1.00000,1.00000,-0.40000,-1.00000,-1.00000,-1.00000,-1.00000,1.00000,1.00000,1,1,1,1,0,0,0,1,0,0
0.73333,-0.66667,-1.00000,0.00000,0.00000,0.00000,0.00000,0.00000,-1.00000,0.00000,-1.00000,0.00000,0.00000,0.11111,-0.74858,-0.82222,-0.74858,-0.77778,-0.68573,0.15556,0.57135,1.00000,1.00000,1.00000,-0.40000,-1.00000,-1.00000,-1.00000,-1.00000,1.00000,1.00000,1,1,1,1,0,0,0,1,0,0
0.73333,-0.66667,-1.00000,0.00000,0.00000,0.00000,0.00000,0.00000,-1.00000,0.00000,-1.00000,0.00000,0.00000,0.11111,-0.74858,-0.82222,-0.74858,-0.77778,-0.68573,0.15556,0.57135,1.00000,1.00000,1.00000,-0.40000,-1.00000,-1.00000,-1.00000,-1.00000,1.00000,1.00000,1,1,1,1,0,0,0,1,0,0
0.73333,-0.66667,-1.00000,0.00000,0.00000,0.00000,0.00000,0.00000,-1.00000,0.00000,-1.00000,0.00000,0.00000,0.11111,-0.74858,-0.82222,-0.74858,-0.77778,-0.68573,0.15556,0.57135,1.00000,1.00000,1.00000,-0.40000,-1.00000,-1.00000,-1.00000,-1.00000,1.00000,1.00000,1,1,1,1,0,0,0,1,0,0
0.73333,-0.66667,-1.00000,0.00000,0.00000,0.00000,0.00000,0.00000,-1.00000,0.00000,-1.00000,0.00000,0.00000,0.11111,-0.74858,-0.82222,-0.74858,-0.77778,-0.68573,0.15556,0.57135,1.00000,1.00000,1.00000,-0.40000,-1.00000,-1.00000,-1.00000,-1.00000,1.00000,1.00000,1,1,1,1,0,0,0,1,0,0
0.73333,-0.66667,-1.00000,0.00000,0.00000,0.00000,0.00000,0.00000,-1.00000,0.00000,-1.00000,0.00000,0.00000,0.11111,-0.74858,-0.82222,-0.74858,-0.77778,-0.68573,0.15556,0.57135,1.00000,1.00000,1.00000,-0.40000,-1.00000,-1.00000,-1.00000,-1.00000,1.00000,1.00000,1,1,1,1,0,0,0,1,0,0
0.73333,-0.66667,-1.00000,0.00000,0.00000,0.00000,0.00000,0.00000,-1.00000,0.00000,-1.00000,0.00000,0.00000,0.11111,-0.74858,-0.82222,-0.74858,-0.77778,-0.68573,0.15556,0.57135,1.00000,1.00000,1.00000,-0.40000,-1.00000,-1.00000,-1.00000,-1.00000,1.00000,1.00000,1,1,1,1,0,0,0,1,0,0
0.73333,-0.66667,-1.00000,0.00000,0.00000,0.00000,0.00000,0.00000,-1.00000,0.00000,-1.00000,0.00000,0.00000,0.11111,-0.74858,-0.82222,-0.74858,-0.77778,-0.68573,0.15556,0.57135,1.00000,1.00000,1.00000,-0.40000,-1.00000,-1.00000,-1.00000,-1.00000,1.00000,1.00000,1,1,1,1,0,0,0,1,0,0
0.73333,-0.66667,-1.00000,0.00000,0.00000,0.00000,0.00000,0.00000,-1.00000,0.00000,-1.00000,0.00000,0.00000,0.11111,-0.74858,-0.82222,-0.74858,-0.77778,-0.68573,0.15556,0.57135,1.00000,1.00000,1.00000,-0.40000,-1.00000,-1.00000,-1.00000,-1.00000,1.00000,1.00000,1,1,1,1,0,0,0,1,0,0
0.73333,-0.66667,-1.00000,0.00000,0.00000,0.00000,0.00000,0.00000,-1.00000,0.00000,-1.00000,0.00000,0.00000,0.11111,-0.74858,-0.82222,-0.74858,-0.77778,-0.68573,0.15556,0.57135,1.00000,1.00000,1.00000,-0.40000,-1.00000,-1.00000,-1.00000,-1.00000,1.00000,1.00000,1,1,1,1,0,0,0,1,0,0
0.73333,-0.66667,-1.00000,0.00000,0.00000,0.00000,0.00000,0.00000,-1.00000,0.00000,-1.00000,0.00000,0.00000,0.11111,-0.74858,-0.82222,-0.74858,-0.77778,-0.68573,0.15556,0.57135,1.00000,1.00000,1.00000,-0.40000,-1.00000,-1.00000,-1.00000,-1.00000,1.00000,1.00000,1,1,1,1,0,0,0,1,0,0
0.73333,-0.66667,-1.00000,0.00000,0.00000,0.00000,0.00000,0.00000,-1.00000,0.00000,-1.00000,0.00000,0.00000,0.11111,-0.74858,-0.82222,-0.74858,-0.77778,-0.68573,0.15556,0.57135,1.00000,1.00000,1.00000,-0.40000,-1.00000,-1.00000,-1.00000,-1.00000,1.00000,1.00000,1,1,1,1,0,0,0,1,0,0
0.73333,-0.66667,-1.00000,0.00000,0.00000,0.00000,0.00000,0.00000,-1.00000,0.00000,-1.00000,0.00000,0.00000,0.11111,-0.74858,-0.82222,-0.74858,-0.77778,-0.68573,0.15556,0.57135,1.00000,1.00000,1.00000,-0.40000,-1.00000,-1.00000,-1.00000,-1.00000,1.00000,1.00000,1,1,1,1,0,0,0,1,0,0
0.73333,-0.66667,-1.00000,0.00000,0.00000,0.00000,0.00000,0.00000,-1.00000,0.00000,-1.00000,0.00000,0.00000,0.11111,-0.74858,-0.82222,-0.74858,-0.77778,-0.68573,0.15556,0.57135,1.00000,1.00000,1.00000,-0.40000,-1.00000,-1.00000,-1.00000,-1.00000,1.00000,1.00000,1,1,1,1,0,0,0,1,0,0
0.73333,-0.66667,-1.00000,0.00000,0.00000,0.00000,0.00000,0.00000,-1.00000,0.00000,-1.00000,0.00000,0.00000,0.11111,-0.74858,-0.82222,-0.74858,-0.77778,-0.68573,0.15556,0.57135,1.00000,1.00000,1.00000,-0.40000,-1.00000,-1.00000,-1.00000,-1.00000,1.00000,1.00000,1,1,1,1,0,0,0,1,0,0
0.73333,-0.66667,-1.00000,0.00000,0.00000,0.00000,0.00000,0.00000,-1.00000,0.00000,-1.00000,0.00000,0.00000,0.11111,-0.74858,-0.82222,-0.74858,-0.77778,-0.68573,0.15556,0.57135,1.00000,1.00000,1.00000,-0.40000,-1.00000,-1.00000,-1.00000,-1.00000,1.00000,1.00000,1,1,1,1,0,0,0,1,0,0
0.73333,-0.66667,-1.00000,0.00000,0.00000,0.00000,0.00000,0.00000,-1.00000,0.00000,-1.00000,0.00000,0.00000,0.11111,-0.74858,-0.82222,-0.74858,-0.77778,-0.68573,0.15556,0.57135,1.00000,1.00000,1.00000,-0.40000,-1.00000,-1.00000,-1.00000,-1.00000,1.00000,1.00000,1,1,1,1,0,0,0,1,0,0
0.73333,-0.66667,-1.00000,0.00000,0.00000,0.00000,0.00000,0.00000,-1.00000,0.00000,-1.00000,0.00000,0.00000,0.11111,-0.74858,-0.82222,-0.74858,-0.77778,-0.68573,0.15556,0.57135,1.00000,1.00000,1.00000,-0.40000,-1.00000,-1.00000,-1.00000,-1.00000,1.00000,1.00000,1,1,1,1,0,0,0,1,0,0
0.73333,-0.66667,-1.00000,0.00000,0.00000,0.00000,0.00000,0.00000,-1.00000,0.00000,-1.00000,0.00000,0.00000,0.11111,-0.74858,-0.82222,-0.74858,-0.77778,-0.68573,0.15556,0.57135,1.00000,1.00000,1.00000,-0.40000,-1.00000,-1.00000,-1.00000,-1.00000,1.00000,1.00000,1,1,1,1,0,0,0,1,0,0
0.73333,-0.66667,-1.00000,0.00000,0.00000,0.00000,0.00000,0.00000,-1.00000,0.00000,-1.00000,0.00000,0.00000,0.11111,-0.74858,-0.82222,-0.74858,-0.77778,-0.68573,0.15556,0.57135,1.00000,1.00000,1.00000,-0.40000,-1.00000,-1.00000,-1.00000,-1.00000,1.00000,1.00000,1,1,1,1,0,0,0,1,0,0
0.73333,-0.66667,-1.00000,0.00000,0.00000,0.00000,0.00000,0.00000,-1.00000,0.00000,-1.00000,0.00000,0.00000,0.11111,-0.74858,-0.82222,-0.74858,-0.77778,-0.68573,0.15556,0.57135,1.00000,1.00000,1.00000,-0.40000,-1.00000,-1.00000,-1.00000,-1.00000,1.00000,1.00000,1,1,1,1,0,0,0,1,0,0
0.73333,-0.66667,-1.00000,0.00000,0.00000,0.00000,0.00000,0.00000,-1.00000,0.00000,-1.00000,0.00000,0.00000,0.11111,-0.74858,-0.82222,-0.74858,-0.77778,-0.68573,0.15556,0.57135,1.00000,1.00000,1.00000,-0.40000,-1.00000,-1.00000,-1.00000,-1.00000,1.00000,1.00000,1,1,1,1,0,0,0,1,0,0
0.73333,-0.66667,-1.00000,0.00000,0.00000,0.00000,0.00000,0.00000,-1.00000,0.00000,-1.00000,0.00000,0.00000,0.11111,-0.74858,-0.82222,-0.74858,-0.77778,-0.68573,0.15556,0.57135,1.00000,1.00000,1.00000,-0.40000,-1.00000,-1.00000,-1.00000,-1.00000,1.00000,1.00000,1,1,1,1,0,0,0,1,0,0
0.73333,-0.66667,-1.00000,0.00000,0.00000,0.00000,0.00000,0.00000,-1.00000,0.00000,-1.00000,0.00000,0.00000,0.11111,-0.74858,-0.82222,-0.74858,-0.77778,-0.68573,0.15556,0.57135,1.00000,1.00000,1.00000,-0.40000,-1.00000,-1.00000,-1.00000,-1.00000,1.00000,1.00000,1,1,1,1,0,0,0,1,0,0
0.73333,-0.66667,-1.00000,0.00000,0.00000,0.00000,0.00000,0.00000,-1.00000,0.00000,-1.00000,0.00000,0.00000,0.11111,-0.74858,-0.82222,-0.74858,-0.77778,-0.68573,0.15556,0.57135,1.00000,1.00000,1.00000,-0.40000,-1.00000,-1.00000,-1.00000,-1.00000,1.00000,1.00000,1,1,1,1,0,0,0,1,0,0
0.73333,-0.66667,-1.00000,0.00000,0.00000,0.00000,0.00000,0.00000,-1.00000,0.00000,-1.00000,0.00000,0.00000,0.11111,-0.74858,-0.82222,-0.74858,-0.77778,-0.68573,0.15556,0.57135,1.00000,1.00000,1.00000,-0.40000,-1.00000,-1.00000,-1.00000,-1.00000,1.00000,1.00000,1,1,1,1,0,0,0,1,0,0
0.73333,-0.66667,-1.00000,0.00000,0.00000,0.00000,0.00000,0.00000,-1.00000,0.00000,-1.00000,0.00000,0.00000,0.11111,-0.74858,-0.82222,-0.74858,-0.77778,-0.68573,0.15556,0.57135,1.00000,1.00000,1.00000,-0.40000,-1.00000,-1.00000,-1.00000,-1.00000,1.00000,1.00000,1,1,1,1,0,0,0,1,0,0
0.73333,-0.66667,-1.00000,0.00000,0.00000,0.00000,0.00000,0.00000,-1.00000,0.00000,-1.00000,0.00000,0.00000,0.11111,-0.74858,-0.82222,-0.74858,-0.77778,-0.68573,0.15556,0.57135,1.00000,1.00000,1.00000,-0.40000,-1.00000,-1.00000,-1.00000,-1.00000,1.00000,1.00000,1,1,1,1,0,0,0,1,0,0
0.73333,-0.66667,-1.00000,0.00000,0.00000,0.00000,0.00000,0.00000,-1.00000,0.00000,-1.00000,0.00000,0.00000,0.11111,-0.74858,-0.82222,-0.74858,-0.77778,-0.68573,0.15556,0.57135,1.00000,1.00000,1.00000,-0.40000,-1.00000,-1.00000,-1.00000,-1.00000,1.00000,1.00000,1,1,1,1,0,0,0,1,0,0
0.73333,-0.66667,-1.00000,0.00000,0.00000,0.00000,0.00000,0.00000,-1.00000,0.00000,-1.00000,0.00000,0.00000,0.11111,-0.74858,-0.82222,-0.74858,-0.77778,-0.68573,0.15556,0.57135,1.00000,1.00000,1.00000,-0.40000,-1.00000,-1.00000,-1.00000,-1.00000,1.00000,1.00000,1,1,1,1,0,0,0,1,0,0
0.73333,-0.66667,-1.00000,0.00000,0.00000,0.00000,0.00000,0.00000,-1.00000,0.00000,-1.00000,0.00000,0.00000,0.11111,-0.74858,-0.82222,-0.74858,-0.77778,-0.68573,0.15556,0.57135,1.00000,1.00000,1.00000,-0.40000,-1.00000,-1.00000,-1.00000,-1.00000,1.00000,1.00000,1,1,1,1,0,0,0,1,0,0
0.73333,-0.66667,-1.00000,0.00000,0.00000,0.00000,0.00000,0.00000,-1.00000,0.00000,-1.00000,0.00000,0.00000,0.11111,-0.74858,-0.82222,-0.74858,-0.77778,-0.68573,0.15556,0.57135,1.00000,1.00000,1.00000,-0.40000,-1.00000,-1.00000,-1.00000,-1.00000,1.00000,1.00000,1,1,1,1,0,0,0,1,0,0
0.73333,-0.66667,-1.00000,0.00000,0.00000,0.00000,0.00000,0.00000,-1.00000,0.00000,-1.00000,0.00000,0.00000,0.11111,-0.74858,-0.82222,-0.74858,-0.77778,-0.68573,0.15556,0.57135,1.00000,1.00000,1.00000,-0.40000,-1.00000,-1.00000,-1.00000,-1.00000,1.00000,1.00000,1,1,1,1,0,0,0,1,0,0
0.73333,-0.66667,-1.00000,0.00000,0.00000,0.00000,0.00000,0.00000,-1.00000,0.00000,-1.00000,0.00000,0.00000,0.11111,-0.74858,-0.82222,-0.74858,-0.77778,-0.68573,0.15556,0.57135,1.00000,1.00000,1.00000,-0.40000,-1.00000,-1.00000,-1.00000,-1.00000,1.00000,1.00000,1,1,1,1,0,0,0,1,0,0
0.73333,-0.66667,-1.00000,0.00000,0.00000,0.00000,0.00000,0.00000,-1.00000,0.00000,-1.00000,0.00000,0.00000,0.11111,-0.74858,-0.82222,-0.74858,-0.77778,-0.68573,0.15556,0.57135,1.00000,1.00000,1.00000,-0.40000,-1.00000,-1.00000,-1.00000,-1.00000,1.00000,1.00000,1,1,1,1,0,0,0,1,0,0
0.73333,-0.66667,-1.00000,0.00000,0.00000,0.00000,0.00000,0.00000,-1.00000,0.00000,-1.00000,0.00000,0.00000,0.11111,-0.74858,-0.82222,-0.74858,-0.77778,-0.68573,0.15556,0.57135,1.00000,1.00000,1.00000,-0.40000,-1.00000,-1.00000,-1.00000,-1.00000,1.00000,1.00000,1,1,1,1,0,0,0,1,0,0
0.73333,-0.66667,-1.00000,0.00000,0.00000,0.00000,0.00000,0.00000,-1.00000,0.00000,-1.00000,0.00000,0.00000,0.11111,-0.74858,-0.82222,-0.74858,-0.77778,-0.68573,0.15556,0.57135,1.00000,1.00000,1.00000,-0.40000,-1.00000,-1.00000,-1.00000,-1.00000,1.00000,1.00000,1,1,1,1,0,0,0,1,0,0
0.73333,-0.66667,-1.00000,0.00000,0.00000,0.00000,0.00000,0.00000,-1.00000,0.00000,-1.00000,0.00000,0.00000,0.11111,-0.74858,-0.82222,-0.74858,-0.77778,-0.68573,0.15556,0.57135,1.00000,1.00000,1.00000,-0.40000,-1.00000,-1.00000,-1.00000,-1.00000,1.00000,1.00000,1,1,1,1,0,0,0,1,0,0
0.73333,-0.66667,-1.00000,0.00000,0.00000,0.00000,0.00000,0.00000,-1.00000,0.00000,-1.00000,0.00000,0.00000,0.11111,-0.74858,-0.82222,-0.74858,-0.77778,-0.68573,0.15556,0.57135,1.00000,1.00000,1.00000,-0.40000,-1.00000,-1.00000,-1.00000,-1.00000,1.00000,1.00000,1,1,1,1,0,0,0,1,0,0
0.73333,-0.66667,-1.00000,0.00000,0.00000,0.00000,0.00000,0.00000,-1.00000,0.00000,-1.00000,0.00000,0.00000,0.11111,-0.74858,-0.82222,-0.74858,-0.77778,-0.68573,0.15556,0.57135,1.00000,1.00000,1.00000,-0.40000,-1.00000,-1.00000,-1.00000,-1.00000,1.00000,1.00000,1,1,1,1,0,0,0,1,0,0
0.73333,-0.66667,-1.00000,0.00000,0.00000,0.00000,0.00000,0.00000,-1.00000,0.00000,-1.00000,0.00000,0.00000,0.11111,-0.74858,-0.82222,-0.74858,-0.77778,-0.68573,0.15556,0.57135,1.00000,1.00000,1.00000,-0.40000,-1.00000,-1.00000,-1.00000,-1.00000,1.00000,1.00000,1,1,1,1,0,0,0,1,0,0
0.73333,-0.66667,-1.00000,0.00000,0.00000,0.00000,0.00000,0.00000,-1.00000,0.00000,-1.00000,0.00000,0.00000,0.11111,-0.74858,-0.82222,-0.74858,-0.77778,-0.68573,0.15556,0.57135,1.00000,1.00000,1.00000,-0.40000,-1.00000,-1.00000,-1.00000,-1.00000,1.00000,1.00000,1,1,1,1,0,0,0,1,0,0
0.73333,-0.66667,-1.00000,0.00000,0.00000,0.00000,0.00000,0.00000,-1.00000,0.00000,-1.00000,0.00000,0.00000,0.11111,-0.74858,-0.82222,-0.74858,-0.77778,-0.68573,0.15556,0.57135,1.00000,1.00000,1.00000,-0.40000,-1.00000,-1.00000,-1.00000,-1.00000,1.00000,1.00000,1,1,1,1,0,0,0,1,0,0
0.73333,-0.66667,-1.00000,0.00000,0.00000,0.00000,0.00000,0.00000,-1.00000,0.00000,-1.00000,0.00000,0.00000,0.11111,-0.74858,-0.82222,-0.74858,-0.77778,-0.68573,0.15556,0.57135,1.00000,1.00000,1.00000,-0.40000,-1.00000,-1.00000,-1.00000,-1.00000,1.00000,1.00000,1,1,1,1,0,0,0,1,0,0
0.73333,-0.66667,-1.00000,0.00000,0.00000,0.00000,0.00000,0.00000,-1.00000,0.00000,-1.00000,0.00000,0.00000,0.11111,-0.74858,-0.82222,-0.74858,-0.77778,-0.68573,0.15556,0.57135,1.00000,1.00000,1.00000,-0.40000,-1.00000,-1.00000,-1.00000,-1.00000,1.00000,1.00000,1,1,1,1,0,0,0,1,0,0
0.73333,-0.66667,-1.00000,0.00000,0.00000,0.00000,0.00000,0.00000,-1.00000,0.00000,-1.00000,0.00000,0.00000,0.11111,-0.74858,-0.82222,-0.74858,-0.77778,-0.68573,0.15556,0.57135,1.00000,1.00000,1.00000,-0.40000,-1.00000,-1.00000,-1.00000,-1.00000,1.00000,1.00000,1,1,1,1,0,0,0,1,0,0
0.73333,-0.66667,-1.00000,0.00000,0.00000,0.00000,0.00000,0.00000,-1.00000,0.00000,-1.00000,0.00000,0.00000,0.11111,-0.74858,-0.82222,-0.74858,-0.77778,-0.68573,0.15556,0.57135,1.00000,1.00000,1.00000,-0.40000,-1.00000,-1.00000,-1.00000,-1.00000,1.00000,1.00000,1,1,1,1,0,0,0,1,0,0
0.73333,-0.66667,-1.00000,0.00000,0.00000,0.00000,0.00000,0.00000,-1.00000,0.00000,-1.00000,0.00000,0.00000,0.11111,-0.74858,-0.82222,-0.74858,-0.77778,-0.68573,0.15556,0.57135,1.00000,1.00000,1.00000,-0.40000,-1.00000,-1.00000,-1.00000,-1.00000,1.00000,1.00000,1,1,1,1,0,0,0,1,0,0
0.73333,-0.66667,-1.00000,0.00000,0.00000,0.00000,0.00000,0.00000,-1.00000,0.00000,-1.00000,0.00000,0.00000,0.11111,-0.74858,-0.82222,-0.74858,-0.77778,-0.68573,0.15556,0.57135,1.00000,1.00000,1.00000,-0.40000,-1.00000,-1.00000,-1.00000,-1.00000,1.00000,1.00000,1,1,1,1,0,0,0,1,0,0
0.73333,-0.66667,-1.00000,0.00000,0.00000,0.00000,0.00000,0.00000,-1.00000,0.00000,-1.00000,0.00000,0.00000,0.11111,-0.74858,-0.82222,-0.74858,-0.77778,-0.68573,0.15556,0.57135,1.00000,1.00000,1.00000,-0.40000,-1.00000,-1.00000,-1.00000,-1.00000,1.00000,1.00000,1,1,1,1,0,0,0,1,0,0
0.73333,-0.66667,-1.00000,0.00000,0.00000,0.00000,0.00000,0.00000,-1.00000,0.00000,-1.00000,0.00000,0.00000,0.11111,-0.74858,-0.82222,-0.74858,-0.77778,-0.68573,0.15556,0.57135,1.00000,1.00000,1.00000,-0.40000,-1.00000,-1.00000,-1.00000,-1.00000,1.00000,1.00000,1,1,1,1,0,0,0,1,0,0
0.73333,-0.66667,-1.00000,0.00000,0.00000,0.00000,0.00000,0.00000,-1.00000,0.00000,-1.00000,0.00000,0.00000,0.11111,-0.74858,-0.82222,-0.74858,-0.77778,-0.68573,0.15556,0.57135,1.00000,1.00000,1.00000,-0.40000,-1.00000,-1.00000,-1.00000,-1.00000,1.00000,1.00000,1,1,1,1,0,0,0,1,0,0
0.73333,-0.66667,-1.00000,0.00000,0.00000,0.00000,0.00000,0.00000,-1.00000,0.00000,-1.00000,0.00000,0.00000,0.11111,-0.74858,-0.82222,-0.74858,-0.77778,-0.68573,0.15556,0.57135,1.00000,1.00000,1.00000,-0.40000,-1.00000,-1.00000,-1.00000,-1.00000,1.00000,1.00000,1,1,1,1,0,0,0,1,0,0
0.73333,-0.66667,-1.00000,0.00000,0.00000,0.00000,0.00000,0.00000,-1.00000,0.00000,-1.00000,0.00000,0.00000,0.11111,-0.74858,-0.82222,-0.74858,-0.77778,-0.68573,0.15556,0.57135,1.00000,1.00000,1.00000,-0.40000,-1.00000,-1.00000,-1.00000,-1.00000,1.00000,1.00000,1,1,1,1,0,0,0,1,0,0
0.73333,-0.66667,-1.00000,0.00000,0.00000,0.00000,0.00000,0.00000,-1.00000,0.00000,-1.00000,0.00000,0.00000,0.11111,-0.74858,-0.82222,-0.74858,-0.77778,-0.68573,0.15556,0.57135,1.00000,1.00000,1.00000,-0.40000,-1.00000,-1.00000,-1.00000,-1.00000,1.00000,1.00000,1,1,1,1,0,0,0,1,0,0
0.73333,-0.66667,-1.00000,0.00000,0.00000,0.00000,0.00000,0.00000,-1.00000,0.00000,-1.00000,0.00000,0.00000,0.11111,-0.74858,-0.82222,-0.74858,-0.77778,-0.68573,0.15556,0.57135,1.00000,1.00000,1.00000,-0.40000,-1.00000,-1.00000,-1.00000,-1.00000,1.00000,1.00000,1,1,1,1,0,0,0,1,0,0
0.73333,-0.66667,-1.00000,0.00000,0.00000,0.00000,0.00000,0.00000,-1.00000,0.00000,-1.00000,0.00000,0.00000,0.11111,-0.74858,-0.82222,-0.74858,-0.77778,-0.68573,0.15556,0.57135,1.00000,1.00000,1.00000,-0.40000,-1.00000,-1.00000,-1.00000,-1.00000,1.00000,1.00000,1,1,1,1,0,0,0,1,0,0
0.73333,-0.66667,-1.00000,0.00000,0.00000,0.00000,0.00000,0.00000,-1.00000,0.00000,-1.00000,0.00000,0.00000,0.11111,-0.74858,-0.82222,-0.74858,-0.77778,-0.68573,0.15556,0.57135,1.00000,1.00000,1.00000,-0.40000,-1.00000,-1.00000,-1.00000,-1.00000,1.00000,1.00000,1,1,1,1,0,0,0,1,0,0
0.73333,-0.66667,-1.00000,0.00000,0.00000,0.00000,0.00000,0.00000,-1.00000,0.00000,-1.00000,0.00000,0.00000,0.11111,-0.74858,-0.82222,-0.74858,-0.77778,-0.68573,0.15556,0.57135,1.00000,1.00000,1.00000,-0.40000,-1.00000,-1.00000,-1.00000,-1.00000,1.00000,1.00000,1,1,1,1,0,0,0,1,0,0
0.73333,-0.66667,-1.00000,0.00000,0.00000,0.00000,0.00000,0.00000,-1.00000,0.00000,-1.00000,0.00000,0.00000,0.11111,-0.74858,-0.82222,-0.74858,-0.77778,-0.68573,0.15556,0.57135,1.00000,1.00000,1.00000,-0.40000,-1.00000,-1.00000,-1.00000,-1.00000,1.00000,1.00000,1,1,1,1,0,0,0,1,0,0
0.73333,-0.66667,-1.00000,0.00000,0.00000,0.00000,0.00000,0.00000,-1.00000,0.00000,-1.00000,0.00000,0.00000,0.11111,-0.74858,-0.82222,-0.74858,-0.77778,-0.68573,0.15556,0.57135,1.00000,1.00000,1.00000,-0.40000,-1.00000,-1.00000,-1.00000,-1.00000,1.00000,1.00000,1,1,1,1,0,0,0,1,0,0
0.73333,-0.66667,-1.00000,0.00000,0.00000,0.00000,0.00000,0.00000,-1.00000,0.00000,-1.00000,0.00000,0.00000,0.11111,-0.74858,-0.82222,-0.74858,-0.77778,-0.68573,0.15556,0.57135,1.00000,1.00000,1.00000,-0.40000,-1.00000,-1.00000,-1.00000,-1.00000,1.00000,1.00000,1,1,1,1,0,0,0,1,0,0
0.73333,-0.66667,-1.00000,0.00000,0.00000,0.00000,0.00000,0.00000,-1.00000,0.00000,-1.00000,0.00000,0.00000,0.11111,-0.74858,-0.82222,-0.74858,-0.77778,-0.68573,0.15556,0.57135,1.00000,1.00000,1.00000,-0.40000,-1.00000,-1.00000,-1.00000,-1.00000,1.00000,1.00000,1,1,1,1,0,0,0,1,0,0
0.73333,-0.66667,-1.00000,0.00000,0.00000,0.00000,0.00000,0.00000,-1.00000,0.00000,-1.00000,0.00000,0.00000,0.11111,-0.74858,-0.82222,-0.74858,-0.77778,-0.68573,0.15556,0.57135,1.00000,1.00000,1.00000,-0.40000,-1.00000,-1.00000,-1.00000,-1.00000,1.00000,1.00000,1,1,1,1,0,0,0,1,0,0
0.73333,-0.66667,-1.00000,0.00000,0.00000,0.00000,0.00000,0.00000,-1.00000,0.00000,-1.00000,0.00000,0.00000,0.11111,-0.74858,-0.82222,-0.74858,-0.77778,-0.68573,0.15556,0.57135,1.00000,1.00000,1.00000,-0.40000,-1.00000,-1.00000,-1.00000,-1.00000,1.00000,1.00000,1,1,1,1,0,0,0,1,0,0
0.73333,-0.66667,-1.00000,0.00000,0.00000,0.00000,0.00000,0.00000,-1.00000,0.00000,-1.00000,0.00000,0.00000,0.11111,-0.74858,-0.82222,-0.74858,-0.77778,-0.68573,0.15556,0.57135,1.00000,1.00000,1.00000,-0.40000,-1.00000,-1.00000,-1.00000,-1.00000,1.00000,1.00000,1,1,1,1,0,0,0,1,0,0
0.73333,-0.66667,-1.00000,0.00000,0.00000,0.00000,0.00000,0.00000,-1.00000,0.00000,-1.00000,0.00000,0.00000,0.11111,-0.74858,-0.82222,-0.74858,-0.77778,-0.68573,0.15556,0.57135,1.00000,1.00000,1.00000,-0.40000,-1.00000,-1.00000,-1.00000,-1.00000,1.00000,1.00000,1,1,1,1,0,0,0,1,0,0
